id,tvt
000d7d20_1442,6328.5283035872635
000d7d20_1443,6328.041594783935
000d7d20_1444,6327.347500467081
000d7d20_1445,6319.0418879198005
000d7d20_1446,6332.574371454282
000d7d20_1447,6337.218371166119
000d7d20_1448,6335.294928721456
000d7d20_1449,6331.945731562888
000d7d20_1450,6323.147657003054
000d7d20_1451,6326.337876295773
000d7d20_1452,6327.040666926205
000d7d20_1453,6331.630127087518
000d7d20_1454,6329.133879427303
000d7d20_1455,6354.561610362546
000d7d20_1456,6334.833570229898
000d7d20_1457,6329.649428014238
000d7d20_1458,6336.524387468876
000d7d20_1459,6344.546449239455
000d7d20_1460,6325.228116093195
000d7d20_1461,6334.43015792949
000d7d20_1462,6332.658931307446
000d7d20_1463,6333.409219571541
000d7d20_1464,6331.465953052077
000d7d20_1465,6355.458798383604
000d7d20_1466,6339.384287300683
000d7d20_1467,6338.375378146522
000d7d20_1468,6333.998486783138
000d7d20_1469,6339.732263571219
000d7d20_1470,6326.8945722161825
000d7d20_1471,6316.736397852732
000d7d20_1472,6341.030131850765
000d7d20_1473,6324.655403694065
000d7d20_1474,6321.870360595966
000d7d20_1475,6329.32589127117
000d7d20_1476,6325.983777137154
000d7d20_1477,6335.598497888801
000d7d20_1478,6331.903775817177
000d7d20_1479,6334.093698089522
000d7d20_1480,6327.585083863764
000d7d20_1481,6322.876568429223
000d7d20_1482,6332.294231137286
000d7d20_1483,6332.47631944082
000d7d20_1484,6329.892059095146
000d7d20_1485,6320.104902391823
000d7d20_1486,6319.879075176279
000d7d20_1487,6326.501500805494
000d7d20_1488,6324.179304434676
000d7d20_1489,6326.071584246642
000d7d20_1490,6323.810152170014
000d7d20_1491,6320.211227469741
000d7d20_1492,6332.720426823936
000d7d20_1493,6332.196456297759
000d7d20_1494,6329.406451410545
000d7d20_1495,6334.64731082119
000d7d20_1496,6321.977576068797
000d7d20_1497,6322.942789354052
000d7d20_1498,6330.840733563134
000d7d20_1499,6317.402636357273
000d7d20_1500,6326.988366414448
000d7d20_1501,6330.271211336006
000d7d20_1502,6322.599866211132
000d7d20_1503,6336.421194965698
000d7d20_1504,6332.455888484033
000d7d20_1505,6325.367522623659
000d7d20_1506,6320.374933185312
000d7d20_1507,6325.621089663969
000d7d20_1508,6330.268402269403
000d7d20_1509,6327.234265013629
000d7d20_1510,6328.302277578661
000d7d20_1511,6327.322166132884
000d7d20_1512,6306.920631855689
000d7d20_1513,6330.188121158262
000d7d20_1514,6314.266983434686
000d7d20_1515,6310.64490046851
000d7d20_1516,6323.224535952829
000d7d20_1517,6312.666050681027
000d7d20_1518,6316.207652774642
000d7d20_1519,6325.640327534543
000d7d20_1520,6322.997873967621
000d7d20_1521,6307.8031113854195
000d7d20_1522,6314.976592367164
000d7d20_1523,6315.799230401774
000d7d20_1524,6317.6856328224
000d7d20_1525,6325.605190275605
000d7d20_1526,6311.969538400878
000d7d20_1527,6313.705252841635
000d7d20_1528,6313.454387873461
000d7d20_1529,6325.1933699946
000d7d20_1530,6318.212146807344
000d7d20_1531,6322.883554226683
000d7d20_1532,6324.497596540703
000d7d20_1533,6308.937952067874
000d7d20_1534,6310.658466913356
000d7d20_1535,6327.6493862570005
000d7d20_1536,6320.084613733232
000d7d20_1537,6319.050176656386
000d7d20_1538,6319.205420713224
000d7d20_1539,6316.557276187896
000d7d20_1540,6314.992931873251
000d7d20_1541,6322.090952272488
000d7d20_1542,6308.014640748432
000d7d20_1543,6318.961898519123
000d7d20_1544,6327.434800265934
000d7d20_1545,6329.362192685628
000d7d20_1546,6310.5260367036635
000d7d20_1547,6332.613940712821
000d7d20_1548,6326.08998609562
000d7d20_1549,6331.747211972657
000d7d20_1550,6329.708877693164
000d7d20_1551,6320.016402597591
000d7d20_1552,6323.846273329868
000d7d20_1553,6330.6266269064
000d7d20_1554,6314.054381741186
000d7d20_1555,6336.525968157283
000d7d20_1556,6326.25812819284
000d7d20_1557,6334.026565455079
000d7d20_1558,6325.045254221234
000d7d20_1559,6315.839381057032
000d7d20_1560,6318.658369416175
000d7d20_1561,6321.950102265084
000d7d20_1562,6325.050955665965
000d7d20_1563,6331.892835867438
000d7d20_1564,6320.863220570781
000d7d20_1565,6326.08594418989
000d7d20_1566,6334.462942408542
000d7d20_1567,6327.805724168571
000d7d20_1568,6339.210199812126
000d7d20_1569,6336.070582099446
000d7d20_1570,6320.835763529487
000d7d20_1571,6323.146840672476
000d7d20_1572,6337.105475656566
000d7d20_1573,6341.280623681042
000d7d20_1574,6341.436213600251
000d7d20_1575,6341.3592322286295
000d7d20_1576,6337.040643993492
000d7d20_1577,6330.328460213315
000d7d20_1578,6338.439024091242
000d7d20_1579,6333.864301186904
000d7d20_1580,6350.01943826916
000d7d20_1581,6345.359406158315
000d7d20_1582,6348.2545015694
000d7d20_1583,6327.470643935718
000d7d20_1584,6334.0399664797715
000d7d20_1585,6343.692414152957
000d7d20_1586,6329.818861825526
000d7d20_1587,6351.8730915708475
000d7d20_1588,6334.265130606108
000d7d20_1589,6337.185587893613
000d7d20_1590,6345.599599097714
000d7d20_1591,6338.31555276817
000d7d20_1592,6341.345202811596
000d7d20_1593,6341.306994431409
000d7d20_1594,6337.237377150745
000d7d20_1595,6348.189179973412
000d7d20_1596,6341.903434578999
000d7d20_1597,6340.43039424737
000d7d20_1598,6348.467734212159
000d7d20_1599,6341.395083446652
000d7d20_1600,6332.439340792911
000d7d20_1601,6324.005007049664
000d7d20_1602,6345.10600603131
000d7d20_1603,6346.938078408108
000d7d20_1604,6339.442637496384
000d7d20_1605,6341.775192094004
000d7d20_1606,6341.384178920863
000d7d20_1607,6346.4491385839665
000d7d20_1608,6343.683988000714
000d7d20_1609,6346.845432787149
000d7d20_1610,6322.898969036284
000d7d20_1611,6351.646129598177
000d7d20_1612,6346.113471015822
000d7d20_1613,6343.171341237321
000d7d20_1614,6345.924919865839
000d7d20_1615,6336.033327057845
000d7d20_1616,6344.884618808107
000d7d20_1617,6345.330800751919
000d7d20_1618,6339.80137472174
000d7d20_1619,6343.241023488272
000d7d20_1620,6343.331425204026
000d7d20_1621,6318.209653481093
000d7d20_1622,6334.355832085223
000d7d20_1623,6340.203251289351
000d7d20_1624,6335.2714475577395
000d7d20_1625,6335.623476747934
000d7d20_1626,6333.536626965307
000d7d20_1627,6341.647969799163
000d7d20_1628,6330.3705908962065
000d7d20_1629,6325.462438022151
000d7d20_1630,6316.523904233487
000d7d20_1631,6329.353233643915
000d7d20_1632,6339.963397885206
000d7d20_1633,6334.373563921935
000d7d20_1634,6320.495852351488
000d7d20_1635,6342.9092059536615
000d7d20_1636,6330.475848973993
000d7d20_1637,6335.142210099539
000d7d20_1638,6326.068225751079
000d7d20_1639,6332.342899182825
000d7d20_1640,6332.965105087643
000d7d20_1641,6331.11192782329
000d7d20_1642,6332.261262927514
000d7d20_1643,6317.245988540553
000d7d20_1644,6324.631003097813
000d7d20_1645,6329.070040687126
000d7d20_1646,6312.258807353205
000d7d20_1647,6328.417509127462
000d7d20_1648,6331.062029371458
000d7d20_1649,6334.6321652982015
000d7d20_1650,6324.827963237283
000d7d20_1651,6328.064466418494
000d7d20_1652,6328.807105274463
000d7d20_1653,6319.818087749424
000d7d20_1654,6310.443449712376
000d7d20_1655,6335.290892939239
000d7d20_1656,6331.487276623674
000d7d20_1657,6319.176581439483
000d7d20_1658,6330.746711105512
000d7d20_1659,6324.9165631779315
000d7d20_1660,6321.965070370729
000d7d20_1661,6328.630333371403
000d7d20_1662,6328.141314954432
000d7d20_1663,6325.404665668506
000d7d20_1664,6328.898803044575
000d7d20_1665,6328.818376627458
000d7d20_1666,6320.238360453848
000d7d20_1667,6331.945205938457
000d7d20_1668,6326.348581271741
000d7d20_1669,6334.319808700508
000d7d20_1670,6321.1208578472
000d7d20_1671,6335.573456774102
000d7d20_1672,6322.0081232393595
000d7d20_1673,6322.72578533748
000d7d20_1674,6338.181868611694
000d7d20_1675,6327.08158960521
000d7d20_1676,6342.751918143102
000d7d20_1677,6341.995712533117
000d7d20_1678,6332.205174185054
000d7d20_1679,6340.50294322227
000d7d20_1680,6340.047595115039
000d7d20_1681,6326.7436491881745
000d7d20_1682,6323.66320116553
000d7d20_1683,6326.420457503481
000d7d20_1684,6323.839058543477
000d7d20_1685,6325.891792019282
000d7d20_1686,6323.33286782972
000d7d20_1687,6326.039436917038
000d7d20_1688,6313.587218111762
000d7d20_1689,6331.918451255776
000d7d20_1690,6325.888778415534
000d7d20_1691,6333.596681564312
000d7d20_1692,6338.544506950526
000d7d20_1693,6337.545559853296
000d7d20_1694,6328.693283316044
000d7d20_1695,6333.2344707577595
000d7d20_1696,6335.742008329942
000d7d20_1697,6332.963907310345
000d7d20_1698,6342.0388160309
000d7d20_1699,6329.292892445021
000d7d20_1700,6347.747213880535
000d7d20_1701,6343.212486911311
000d7d20_1702,6337.040388933477
000d7d20_1703,6342.514200188629
000d7d20_1704,6342.428666443874
000d7d20_1705,6328.55234075863
000d7d20_1706,6329.643117327985
000d7d20_1707,6327.210722630535
000d7d20_1708,6328.1864339029225
000d7d20_1709,6328.264816661835
000d7d20_1710,6319.718999605885
000d7d20_1711,6331.702253094986
000d7d20_1712,6326.814251486069
000d7d20_1713,6344.602542044782
000d7d20_1714,6330.660600987184
000d7d20_1715,6326.164460531608
000d7d20_1716,6339.244350955367
000d7d20_1717,6330.643715796592
000d7d20_1718,6335.406823614809
000d7d20_1719,6341.706413419451
000d7d20_1720,6334.198324991822
000d7d20_1721,6333.750773955613
000d7d20_1722,6332.6226086293955
000d7d20_1723,6343.682171023699
000d7d20_1724,6344.035719861502
000d7d20_1725,6340.0587370224
000d7d20_1726,6325.220249424469
000d7d20_1727,6328.874887480931
000d7d20_1728,6336.007617805268
000d7d20_1729,6325.6678526517135
000d7d20_1730,6333.294150007811
000d7d20_1731,6344.361000113414
000d7d20_1732,6329.743313741037
000d7d20_1733,6347.39937512991
000d7d20_1734,6340.601602625087
000d7d20_1735,6326.156493248757
000d7d20_1736,6323.728903754122
000d7d20_1737,6340.385053177517
000d7d20_1738,6315.935162399616
000d7d20_1739,6327.22114592548
000d7d20_1740,6326.746421708252
000d7d20_1741,6324.676808010742
000d7d20_1742,6336.110234916082
000d7d20_1743,6322.548777538298
000d7d20_1744,6333.338768054178
000d7d20_1745,6335.613755134312
000d7d20_1746,6329.759017776333
000d7d20_1747,6337.46823259446
000d7d20_1748,6338.06791074354
000d7d20_1749,6313.730386788264
000d7d20_1750,6338.894629405197
000d7d20_1751,6334.227417606285
000d7d20_1752,6333.984134737442
000d7d20_1753,6336.506376774254
000d7d20_1754,6333.931784128963
000d7d20_1755,6324.385335102521
000d7d20_1756,6324.882801858566
000d7d20_1757,6314.78762602834
000d7d20_1758,6338.527364619288
000d7d20_1759,6324.890132408576
000d7d20_1760,6320.738291187433
000d7d20_1761,6337.489277037017
000d7d20_1762,6335.974104003061
000d7d20_1763,6315.839949103747
000d7d20_1764,6340.516339196704
000d7d20_1765,6332.529642521353
000d7d20_1766,6325.011874114875
000d7d20_1767,6333.814167371469
000d7d20_1768,6327.41580667746
000d7d20_1769,6332.9557783661585
000d7d20_1770,6323.606869719784
000d7d20_1771,6318.552454961915
000d7d20_1772,6332.1111877208905
000d7d20_1773,6329.288500973266
000d7d20_1774,6325.7339842539795
000d7d20_1775,6328.570118245936
000d7d20_1776,6332.850344628125
000d7d20_1777,6311.590854334274
000d7d20_1778,6334.789986207691
000d7d20_1779,6334.039343247271
000d7d20_1780,6320.6125180600475
000d7d20_1781,6331.161356626703
000d7d20_1782,6324.994260698932
000d7d20_1783,6319.457724335441
000d7d20_1784,6319.533655320482
000d7d20_1785,6334.079746949327
000d7d20_1786,6325.99895235273
000d7d20_1787,6324.971373802286
000d7d20_1788,6324.975612298629
000d7d20_1789,6327.21625336009
000d7d20_1790,6318.795365299135
000d7d20_1791,6304.1695680831035
000d7d20_1792,6330.5908799670215
000d7d20_1793,6324.307226928723
000d7d20_1794,6315.867961044754
000d7d20_1795,6326.70517607418
000d7d20_1796,6319.548989284083
000d7d20_1797,6329.538092261856
000d7d20_1798,6324.483759700818
000d7d20_1799,6327.79949156448
000d7d20_1800,6307.1228082135785
000d7d20_1801,6322.975507902747
000d7d20_1802,6314.9980748907155
000d7d20_1803,6328.515795275515
000d7d20_1804,6336.488883115561
000d7d20_1805,6332.9102177689465
000d7d20_1806,6334.263359945888
000d7d20_1807,6329.654321036421
000d7d20_1808,6337.679656802586
000d7d20_1809,6322.422034964269
000d7d20_1810,6312.692177382476
000d7d20_1811,6328.294638393158
000d7d20_1812,6329.792508962977
000d7d20_1813,6328.670136521879
000d7d20_1814,6328.5066035981035
000d7d20_1815,6329.596746896613
000d7d20_1816,6323.860689644687
000d7d20_1817,6330.191767680529
000d7d20_1818,6323.394207218862
000d7d20_1819,6332.101428973791
000d7d20_1820,6327.433926720546
000d7d20_1821,6342.0304370573
000d7d20_1822,6344.49185150497
000d7d20_1823,6345.2806412815735
000d7d20_1824,6346.072179196954
000d7d20_1825,6347.252056400548
000d7d20_1826,6348.765475487021
000d7d20_1827,6349.085804338282
000d7d20_1828,6346.166907284291
000d7d20_1829,6348.238676547174
000d7d20_1830,6346.565227340385
000d7d20_1831,6341.716883266288
000d7d20_1832,6350.045158240199
000d7d20_1833,6326.179122369298
000d7d20_1834,6332.423357520228
000d7d20_1835,6342.692967953561
000d7d20_1836,6336.207571430619
000d7d20_1837,6333.972252870917
000d7d20_1838,6339.827293143955
000d7d20_1839,6332.738514281136
000d7d20_1840,6332.773200447838
000d7d20_1841,6337.395365913942
000d7d20_1842,6340.833325296952
000d7d20_1843,6330.571365894394
000d7d20_1844,6335.229356312204
000d7d20_1845,6336.030822167585
000d7d20_1846,6326.073459686788
000d7d20_1847,6313.848569391508
000d7d20_1848,6342.031267744268
000d7d20_1849,6334.834225815476
000d7d20_1850,6337.610417229823
000d7d20_1851,6336.114509246019
000d7d20_1852,6341.427603145033
000d7d20_1853,6314.110995188669
000d7d20_1854,6333.478221912471
000d7d20_1855,6334.169587541186
000d7d20_1856,6323.15443740558
000d7d20_1857,6333.372471993889
000d7d20_1858,6335.578980663573
000d7d20_1859,6329.406218197873
000d7d20_1860,6333.524299134259
000d7d20_1861,6334.275657500347
000d7d20_1862,6339.116239736159
000d7d20_1863,6331.4657341684
000d7d20_1864,6321.859844150264
000d7d20_1865,6332.210334538577
000d7d20_1866,6326.8951154129845
000d7d20_1867,6325.7333035933825
000d7d20_1868,6345.746058119414
000d7d20_1869,6340.587654463671
000d7d20_1870,6332.0910611177205
000d7d20_1871,6329.841191336552
000d7d20_1872,6329.376087970412
000d7d20_1873,6343.16426422306
000d7d20_1874,6342.74759861731
000d7d20_1875,6337.229263151673
000d7d20_1876,6342.749436112281
000d7d20_1877,6340.555432940047
000d7d20_1878,6344.393471655894
000d7d20_1879,6334.682480517343
000d7d20_1880,6332.624766017838
000d7d20_1881,6343.094093143581
000d7d20_1882,6330.978847004312
000d7d20_1883,6351.137815642653
000d7d20_1884,6343.9802407027655
000d7d20_1885,6328.800525931037
000d7d20_1886,6343.234282132995
000d7d20_1887,6340.227467149337
000d7d20_1888,6333.678616552138
000d7d20_1889,6334.901046914209
000d7d20_1890,6336.712239681723
000d7d20_1891,6349.285881821131
000d7d20_1892,6336.017503070963
000d7d20_1893,6338.130484460277
000d7d20_1894,6338.096839381717
000d7d20_1895,6344.0425401756465
000d7d20_1896,6349.291280631738
000d7d20_1897,6347.529505138985
000d7d20_1898,6339.695250247131
000d7d20_1899,6341.716652186611
000d7d20_1900,6322.801100304342
000d7d20_1901,6339.483059369256
000d7d20_1902,6343.528317740633
000d7d20_1903,6330.364407679669
000d7d20_1904,6343.66290083202
000d7d20_1905,6337.680591262969
000d7d20_1906,6349.726520273518
000d7d20_1907,6341.44629141157
000d7d20_1908,6338.648712234373
000d7d20_1909,6348.927555823736
000d7d20_1910,6345.480734577746
000d7d20_1911,6330.022343761947
000d7d20_1912,6353.20860791534
000d7d20_1913,6331.657535428776
000d7d20_1914,6334.900467749151
000d7d20_1915,6350.424050646837
000d7d20_1916,6339.110258844683
000d7d20_1917,6340.114702564318
000d7d20_1918,6349.149036697458
000d7d20_1919,6338.811869406882
000d7d20_1920,6348.85923576565
000d7d20_1921,6332.424707099628
000d7d20_1922,6344.97750178959
000d7d20_1923,6325.711193392484
000d7d20_1924,6346.94018385966
000d7d20_1925,6331.4611940890445
000d7d20_1926,6336.257116995659
000d7d20_1927,6331.804514436468
000d7d20_1928,6335.623789533272
000d7d20_1929,6331.7470528891145
000d7d20_1930,6325.464694246322
000d7d20_1931,6344.561172795053
000d7d20_1932,6341.7105935423115
000d7d20_1933,6323.7215289659825
000d7d20_1934,6332.152376161608
000d7d20_1935,6330.64705185853
000d7d20_1936,6338.386101920761
000d7d20_1937,6325.374492576562
000d7d20_1938,6327.234563066368
000d7d20_1939,6337.333380887844
000d7d20_1940,6325.2611631387235
000d7d20_1941,6329.252702827768
000d7d20_1942,6339.178434810668
000d7d20_1943,6325.787982776932
000d7d20_1944,6329.735842779911
000d7d20_1945,6334.680021197732
000d7d20_1946,6335.450550542318
000d7d20_1947,6329.86745384857
000d7d20_1948,6318.951066178589
000d7d20_1949,6318.59464955498
000d7d20_1950,6328.500489911895
000d7d20_1951,6326.337121346992
000d7d20_1952,6326.535601692641
000d7d20_1953,6317.265700119892
000d7d20_1954,6329.764917164237
000d7d20_1955,6327.685731365896
000d7d20_1956,6318.434246981933
000d7d20_1957,6326.910790444306
000d7d20_1958,6313.03461600639
000d7d20_1959,6331.247268899889
000d7d20_1960,6327.171447517221
000d7d20_1961,6318.863430010617
000d7d20_1962,6318.951113155598
000d7d20_1963,6325.38477934362
000d7d20_1964,6325.010205615268
000d7d20_1965,6333.961688373002
000d7d20_1966,6328.3508995141165
000d7d20_1967,6324.939259880848
000d7d20_1968,6328.244270969051
000d7d20_1969,6326.765025989559
000d7d20_1970,6323.527158399384
000d7d20_1971,6331.755644909739
000d7d20_1972,6328.739120957103
000d7d20_1973,6330.317198947472
000d7d20_1974,6326.301734754748
000d7d20_1975,6332.901527867929
000d7d20_1976,6323.4916336570905
000d7d20_1977,6320.222294752304
000d7d20_1978,6312.563031089563
000d7d20_1979,6331.146062199392
000d7d20_1980,6333.409392934482
000d7d20_1981,6331.348785116268
000d7d20_1982,6322.05627265239
000d7d20_1983,6325.949307673127
000d7d20_1984,6332.651584625468
000d7d20_1985,6321.300572731773
000d7d20_1986,6318.008373909862
000d7d20_1987,6331.512989938206
000d7d20_1988,6339.719282193195
000d7d20_1989,6333.894086801226
000d7d20_1990,6336.5332612745915
000d7d20_1991,6328.906874550591
000d7d20_1992,6334.184424298896
000d7d20_1993,6320.268660973956
000d7d20_1994,6324.864754737359
000d7d20_1995,6320.140293896697
000d7d20_1996,6323.299063516557
000d7d20_1997,6322.366748793356
000d7d20_1998,6323.128158659847
000d7d20_1999,6320.73761335173
000d7d20_2000,6325.333590793643
000d7d20_2001,6309.857024790947
000d7d20_2002,6327.7430339561
000d7d20_2003,6332.045552822648
000d7d20_2004,6327.101509612664
000d7d20_2005,6319.5679778108615
000d7d20_2006,6336.376519755274
000d7d20_2007,6318.034924475388
000d7d20_2008,6321.462663024853
000d7d20_2009,6324.013894685798
000d7d20_2010,6323.36719763011
000d7d20_2011,6321.1425685699005
000d7d20_2012,6335.030531622043
000d7d20_2013,6333.621692878715
000d7d20_2014,6330.465210727131
000d7d20_2015,6332.289621955881
000d7d20_2016,6330.8351824331985
000d7d20_2017,6332.473235763091
000d7d20_2018,6330.370510070432
000d7d20_2019,6328.072835062082
000d7d20_2020,6339.645265746109
000d7d20_2021,6319.18393089015
000d7d20_2022,6319.503067321113
000d7d20_2023,6331.371982972669
000d7d20_2024,6332.208099430806
000d7d20_2025,6313.558518671769
000d7d20_2026,6322.510748479955
000d7d20_2027,6323.130362068498
000d7d20_2028,6317.970160413024
000d7d20_2029,6317.289482057991
000d7d20_2030,6325.2628912382015
000d7d20_2031,6324.790373714316
000d7d20_2032,6326.487942177519
000d7d20_2033,6323.849009419678
000d7d20_2034,6320.599192266473
000d7d20_2035,6335.211574546136
000d7d20_2036,6319.831409472409
000d7d20_2037,6324.657734607144
000d7d20_2038,6305.394144915513
000d7d20_2039,6315.89722119183
000d7d20_2040,6312.161106183752
000d7d20_2041,6308.201322374769
000d7d20_2042,6327.788106020327
000d7d20_2043,6308.196916258511
000d7d20_2044,6324.2121449875185
000d7d20_2045,6323.3435559883865
000d7d20_2046,6301.078403834829
000d7d20_2047,6318.602490385054
000d7d20_2048,6312.489125359011
000d7d20_2049,6306.214018338118
000d7d20_2050,6313.404393111306
000d7d20_2051,6308.199410661638
000d7d20_2052,6308.812167753586
000d7d20_2053,6307.097480218584
000d7d20_2054,6323.281034774189
000d7d20_2055,6313.774218712978
000d7d20_2056,6314.540308991101
000d7d20_2057,6314.429605170741
000d7d20_2058,6318.885155185727
000d7d20_2059,6310.330401963347
000d7d20_2060,6300.502575523988
000d7d20_2061,6315.675132877545
000d7d20_2062,6320.208015992642
000d7d20_2063,6307.364275417545
000d7d20_2064,6315.675449453672
000d7d20_2065,6327.16018529633
000d7d20_2066,6323.195864934647
000d7d20_2067,6319.963019276926
000d7d20_2068,6310.524007056844
000d7d20_2069,6310.623096416246
000d7d20_2070,6325.800047257217
000d7d20_2071,6307.635761122806
000d7d20_2072,6331.286189385919
000d7d20_2073,6331.01367328261
000d7d20_2074,6321.815362008548
000d7d20_2075,6331.901856935193
000d7d20_2076,6319.68157188515
000d7d20_2077,6329.263074387834
000d7d20_2078,6334.116455231315
000d7d20_2079,6318.717091280779
000d7d20_2080,6344.013546350554
000d7d20_2081,6339.396164054571
000d7d20_2082,6332.221416630628
000d7d20_2083,6326.361221998639
000d7d20_2084,6326.412517548473
000d7d20_2085,6325.864042496256
000d7d20_2086,6343.6428817108435
000d7d20_2087,6327.041477081098
000d7d20_2088,6330.560435420883
000d7d20_2089,6331.033083276425
000d7d20_2090,6331.649801418363
000d7d20_2091,6334.981523574348
000d7d20_2092,6344.395395226932
000d7d20_2093,6349.214142471786
000d7d20_2094,6344.721401427308
000d7d20_2095,6344.44283557654
000d7d20_2096,6339.456640439165
000d7d20_2097,6342.91778553881
000d7d20_2098,6345.649265783472
000d7d20_2099,6349.288222364575
000d7d20_2100,6326.143345798118
000d7d20_2101,6325.7357863649995
000d7d20_2102,6329.602917167229
000d7d20_2103,6329.4139772911785
000d7d20_2104,6328.509859265261
000d7d20_2105,6341.06269206637
000d7d20_2106,6341.522153471171
000d7d20_2107,6346.980530148099
000d7d20_2108,6323.29433278475
000d7d20_2109,6328.008468185591
000d7d20_2110,6322.680684425987
000d7d20_2111,6324.744649042273
000d7d20_2112,6336.254400353835
000d7d20_2113,6320.838670094142
000d7d20_2114,6324.92439236177
000d7d20_2115,6326.897949416467
000d7d20_2116,6325.960244542089
000d7d20_2117,6320.667436260354
000d7d20_2118,6335.2040786122925
000d7d20_2119,6335.173161656125
000d7d20_2120,6335.590799482391
000d7d20_2121,6330.378537033356
000d7d20_2122,6333.323893315476
000d7d20_2123,6333.761595986753
000d7d20_2124,6341.293170552655
000d7d20_2125,6314.2148307583675
000d7d20_2126,6312.7596483281695
000d7d20_2127,6325.213391560467
000d7d20_2128,6319.175247329707
000d7d20_2129,6321.810624005438
000d7d20_2130,6314.962253130018
000d7d20_2131,6309.863570292232
000d7d20_2132,6309.994456297226
000d7d20_2133,6321.223404228242
000d7d20_2134,6321.386930005475
000d7d20_2135,6321.261882917399
000d7d20_2136,6321.00768645315
000d7d20_2137,6317.964006430307
000d7d20_2138,6317.557114332649
000d7d20_2139,6314.523059152816
000d7d20_2140,6317.057036884774
000d7d20_2141,6327.151390391747
000d7d20_2142,6304.588722840659
000d7d20_2143,6308.928748319996
000d7d20_2144,6318.420301910801
000d7d20_2145,6310.940842052631
000d7d20_2146,6313.786904366686
000d7d20_2147,6309.605370792517
000d7d20_2148,6310.392998575356
000d7d20_2149,6309.586575933992
000d7d20_2150,6320.169671079563
000d7d20_2151,6330.780593127826
000d7d20_2152,6316.9893203557385
000d7d20_2153,6323.365880755732
000d7d20_2154,6318.499480319023
000d7d20_2155,6316.282909062176
000d7d20_2156,6318.51437895826
000d7d20_2157,6312.981406615999
000d7d20_2158,6318.460681776917
000d7d20_2159,6316.631563764236
000d7d20_2160,6329.627726967113
000d7d20_2161,6339.482135226216
000d7d20_2162,6324.523654579315
000d7d20_2163,6328.802971382846
000d7d20_2164,6322.435282826787
000d7d20_2165,6328.6667332466905
000d7d20_2166,6317.59711902692
000d7d20_2167,6309.405293535736
000d7d20_2168,6325.190974601159
000d7d20_2169,6330.407077599296
000d7d20_2170,6319.381088168173
000d7d20_2171,6330.597502367928
000d7d20_2172,6337.082574293629
000d7d20_2173,6326.104444049967
000d7d20_2174,6339.613786417346
000d7d20_2175,6337.002747107665
000d7d20_2176,6319.880576483266
000d7d20_2177,6323.326359773148
000d7d20_2178,6338.2702791958845
000d7d20_2179,6318.760782756426
000d7d20_2180,6340.9725868207925
000d7d20_2181,6327.788465231247
000d7d20_2182,6333.57532448603
000d7d20_2183,6339.254329582698
000d7d20_2184,6328.935232172018
000d7d20_2185,6333.166854914724
000d7d20_2186,6339.174236308611
000d7d20_2187,6330.568975462757
000d7d20_2188,6332.813298014438
000d7d20_2189,6328.668625448423
000d7d20_2190,6329.401968710713
000d7d20_2191,6339.181056343458
000d7d20_2192,6332.264203333674
000d7d20_2193,6329.73329425834
000d7d20_2194,6345.578968542456
000d7d20_2195,6333.036650078324
000d7d20_2196,6338.763747370532
000d7d20_2197,6339.234645446292
000d7d20_2198,6339.482101220699
000d7d20_2199,6317.185053784448
000d7d20_2200,6343.822290781695
000d7d20_2201,6332.672396034371
000d7d20_2202,6330.17894448949
000d7d20_2203,6342.210622908062
000d7d20_2204,6335.578105155782
000d7d20_2205,6332.07012302093
000d7d20_2206,6325.323548122343
000d7d20_2207,6328.074064371148
000d7d20_2208,6337.04437680203
000d7d20_2209,6336.240707064004
000d7d20_2210,6337.0082536642185
000d7d20_2211,6327.571824822905
000d7d20_2212,6340.230190923838
000d7d20_2213,6330.717805593326
000d7d20_2214,6340.233144931388
000d7d20_2215,6338.230412704425
000d7d20_2216,6334.638616891638
000d7d20_2217,6344.875004141654
000d7d20_2218,6332.726270298648
000d7d20_2219,6346.853973238477
000d7d20_2220,6339.661538430914
000d7d20_2221,6343.937270377679
000d7d20_2222,6340.937440646556
000d7d20_2223,6338.197002616909
000d7d20_2224,6329.279806108073
000d7d20_2225,6331.672278176969
000d7d20_2226,6326.517156770675
000d7d20_2227,6319.404188763792
000d7d20_2228,6345.6239062955965
000d7d20_2229,6336.862154896723
000d7d20_2230,6340.201570717652
000d7d20_2231,6331.909918319332
000d7d20_2232,6323.96772406136
000d7d20_2233,6338.107677298565
000d7d20_2234,6332.931585556486
000d7d20_2235,6329.260889454002
000d7d20_2236,6323.0992852061145
000d7d20_2237,6331.936143994554
000d7d20_2238,6337.903844174055
000d7d20_2239,6334.673797518107
000d7d20_2240,6322.77624638686
000d7d20_2241,6330.984639814144
000d7d20_2242,6330.2627527446675
000d7d20_2243,6324.43839635675
000d7d20_2244,6330.98562681459
000d7d20_2245,6327.352802880393
000d7d20_2246,6331.993304069357
000d7d20_2247,6321.221562124372
000d7d20_2248,6323.460058389507
000d7d20_2249,6319.417410144336
000d7d20_2250,6330.997157837302
000d7d20_2251,6332.5028994888135
000d7d20_2252,6334.32566529533
000d7d20_2253,6321.364053308435
000d7d20_2254,6340.247229137999
000d7d20_2255,6331.257702915936
000d7d20_2256,6330.164493836564
000d7d20_2257,6334.642462977087
000d7d20_2258,6331.636041366436
000d7d20_2259,6313.793621079138
000d7d20_2260,6336.639929415203
000d7d20_2261,6336.15774334419
000d7d20_2262,6321.990452854643
000d7d20_2263,6320.524432399548
000d7d20_2264,6342.310948264884
000d7d20_2265,6326.985640942814
000d7d20_2266,6319.310261800023
000d7d20_2267,6340.321751253071
000d7d20_2268,6328.131085680836
000d7d20_2269,6323.680102274342
000d7d20_2270,6322.623216016229
000d7d20_2271,6330.009525176992
000d7d20_2272,6340.911500792427
000d7d20_2273,6327.0129881909525
000d7d20_2274,6341.950635767644
000d7d20_2275,6335.653837932343
000d7d20_2276,6333.948367799398
000d7d20_2277,6334.390151615976
000d7d20_2278,6338.78860783025
000d7d20_2279,6315.747849469528
000d7d20_2280,6335.533261573806
000d7d20_2281,6327.267957109931
000d7d20_2282,6334.764005951707
000d7d20_2283,6334.152379032156
000d7d20_2284,6343.913002099478
000d7d20_2285,6346.704301187327
000d7d20_2286,6347.1140924714555
000d7d20_2287,6344.436695020825
000d7d20_2288,6352.023153807277
000d7d20_2289,6345.217153367206
000d7d20_2290,6346.354201490581
000d7d20_2291,6348.7822901771315
000d7d20_2292,6354.181709002067
000d7d20_2293,6352.2925143656375
000d7d20_2294,6355.413436357429
000d7d20_2295,6338.511807056972
000d7d20_2296,6337.180723009476
000d7d20_2297,6341.411431945002
000d7d20_2298,6342.029159239927
000d7d20_2299,6336.805293332906
000d7d20_2300,6355.904647044336
000d7d20_2301,6354.342049859493
000d7d20_2302,6355.418213117037
000d7d20_2303,6349.597669115951
000d7d20_2304,6356.049609488629
000d7d20_2305,6367.225695570319
000d7d20_2306,6345.752794073545
000d7d20_2307,6351.985900325809
000d7d20_2308,6331.9459272079675
000d7d20_2309,6347.132469472728
000d7d20_2310,6353.1451690458225
000d7d20_2311,6347.710940432564
000d7d20_2312,6350.13439604636
000d7d20_2313,6348.8713948862505
000d7d20_2314,6339.886617840235
000d7d20_2315,6336.975709807229
000d7d20_2316,6334.693318027116
000d7d20_2317,6340.827331619927
000d7d20_2318,6328.7086085503
000d7d20_2319,6345.600273734436
000d7d20_2320,6348.87016055381
000d7d20_2321,6345.550874805171
000d7d20_2322,6349.071010580683
000d7d20_2323,6337.385980075957
000d7d20_2324,6354.082375562812
000d7d20_2325,6353.537202286968
000d7d20_2326,6343.666090750216
000d7d20_2327,6353.400852332084
000d7d20_2328,6337.245393960423
000d7d20_2329,6341.410882991156
000d7d20_2330,6359.66997418299
000d7d20_2331,6346.7297901053735
000d7d20_2332,6350.193449453661
000d7d20_2333,6355.102143528919
000d7d20_2334,6356.702570409175
000d7d20_2335,6342.47594923535
000d7d20_2336,6358.127873458854
000d7d20_2337,6351.557087004577
000d7d20_2338,6356.723312386513
000d7d20_2339,6359.387075478654
000d7d20_2340,6364.807509456186
000d7d20_2341,6338.391908064728
000d7d20_2342,6358.056848841791
000d7d20_2343,6364.188422125232
000d7d20_2344,6343.616549821571
000d7d20_2345,6358.302915861962
000d7d20_2346,6362.179907625287
000d7d20_2347,6354.527953287446
000d7d20_2348,6367.086780265439
000d7d20_2349,6350.7642697615765
000d7d20_2350,6356.785140230793
000d7d20_2351,6368.055087159794
000d7d20_2352,6357.772446391083
000d7d20_2353,6345.101012762555
000d7d20_2354,6354.165683103609
000d7d20_2355,6355.7355062085235
000d7d20_2356,6366.736350873812
000d7d20_2357,6359.572817327667
000d7d20_2358,6361.87722730558
000d7d20_2359,6342.165262804701
000d7d20_2360,6348.0691777897155
000d7d20_2361,6348.456246128222
000d7d20_2362,6362.947541480678
000d7d20_2363,6361.80083923133
000d7d20_2364,6359.6852015080385
000d7d20_2365,6344.312263039422
000d7d20_2366,6347.655599113683
000d7d20_2367,6362.82395185284
000d7d20_2368,6351.520855158476
000d7d20_2369,6356.711208459239
000d7d20_2370,6364.840043966105
000d7d20_2371,6352.307541404669
000d7d20_2372,6366.474523286773
000d7d20_2373,6360.220763752358
000d7d20_2374,6347.563115136567
000d7d20_2375,6345.983379008402
000d7d20_2376,6363.699437740943
000d7d20_2377,6342.783075354289
000d7d20_2378,6353.221958866781
000d7d20_2379,6347.117319817228
000d7d20_2380,6351.184953200927
000d7d20_2381,6347.909366613387
000d7d20_2382,6367.483227595012
000d7d20_2383,6366.043695748986
000d7d20_2384,6363.277606238704
000d7d20_2385,6365.131034959543
000d7d20_2386,6362.860251551851
000d7d20_2387,6366.903727762958
000d7d20_2388,6362.012136286954
000d7d20_2389,6364.87076433616
000d7d20_2390,6364.699144388096
000d7d20_2391,6361.321681254162
000d7d20_2392,6358.010006960547
000d7d20_2393,6355.8835939045475
000d7d20_2394,6359.74970708074
000d7d20_2395,6354.332016143382
000d7d20_2396,6357.330886207634
000d7d20_2397,6355.543012999223
000d7d20_2398,6354.521727431385
000d7d20_2399,6351.260791323073
000d7d20_2400,6365.696341527468
000d7d20_2401,6350.820292570101
000d7d20_2402,6348.538637650401
000d7d20_2403,6345.795704521401
000d7d20_2404,6358.586388499301
000d7d20_2405,6337.608270811298
000d7d20_2406,6356.676620924722
000d7d20_2407,6347.376755440073
000d7d20_2408,6344.7616981295305
000d7d20_2409,6357.896349630374
000d7d20_2410,6350.506668886406
000d7d20_2411,6339.328085801193
000d7d20_2412,6354.789566124807
000d7d20_2413,6339.000360732406
000d7d20_2414,6334.948334792188
000d7d20_2415,6352.352645281551
000d7d20_2416,6350.796433688787
000d7d20_2417,6345.96172005132
000d7d20_2418,6334.310658336436
000d7d20_2419,6347.4772488964345
000d7d20_2420,6349.115897258729
000d7d20_2421,6353.809518108326
000d7d20_2422,6350.179372454543
000d7d20_2423,6355.30953264561
000d7d20_2424,6331.54399129465
000d7d20_2425,6344.066954634727
000d7d20_2426,6354.691915881274
000d7d20_2427,6335.820345375349
000d7d20_2428,6351.382457827462
000d7d20_2429,6354.620111999364
000d7d20_2430,6353.46829584028
000d7d20_2431,6352.045442652254
000d7d20_2432,6351.007996812751
000d7d20_2433,6356.418322548578
000d7d20_2434,6345.290493519009
000d7d20_2435,6346.6966137820755
000d7d20_2436,6336.164182764652
000d7d20_2437,6360.325612966497
000d7d20_2438,6357.955453410114
000d7d20_2439,6352.722406055049
000d7d20_2440,6355.81877104671
000d7d20_2441,6359.335912643004
000d7d20_2442,6362.484274301848
000d7d20_2443,6363.402482302612
000d7d20_2444,6361.88320415558
000d7d20_2445,6339.551764189151
000d7d20_2446,6350.202987589586
000d7d20_2447,6358.495452977037
000d7d20_2448,6353.0378332870905
000d7d20_2449,6339.636040264631
000d7d20_2450,6363.455482135543
000d7d20_2451,6348.805458680453
000d7d20_2452,6356.818785493386
000d7d20_2453,6345.107860560399
000d7d20_2454,6350.796333832921
000d7d20_2455,6354.788078429151
000d7d20_2456,6351.321178331729
000d7d20_2457,6353.971751849916
000d7d20_2458,6340.176140213876
000d7d20_2459,6346.602893027164
000d7d20_2460,6341.750171979981
000d7d20_2461,6348.138264910493
000d7d20_2462,6345.197853838705
000d7d20_2463,6359.143239987067
000d7d20_2464,6361.39668439935
000d7d20_2465,6358.6346599198
000d7d20_2466,6360.80239521001
000d7d20_2467,6361.08376786905
000d7d20_2468,6363.713910123606
000d7d20_2469,6361.800632610603
000d7d20_2470,6362.647739789488
000d7d20_2471,6363.083181917013
000d7d20_2472,6363.500954623722
000d7d20_2473,6356.491528642733
000d7d20_2474,6363.874187321937
000d7d20_2475,6345.230448090514
000d7d20_2476,6345.249754865301
000d7d20_2477,6347.045083907753
000d7d20_2478,6345.24569435134
000d7d20_2479,6343.884524114766
000d7d20_2480,6359.293954925589
000d7d20_2481,6357.632611070268
000d7d20_2482,6361.587327206569
000d7d20_2483,6356.4636404356515
000d7d20_2484,6357.947659269513
000d7d20_2485,6354.506945512291
000d7d20_2486,6354.380493814369
000d7d20_2487,6368.4507989358435
000d7d20_2488,6335.621765096604
000d7d20_2489,6339.758511416372
000d7d20_2490,6340.403228679715
000d7d20_2491,6340.971675472581
000d7d20_2492,6336.68685538387
000d7d20_2493,6361.058285775861
000d7d20_2494,6331.16076389234
000d7d20_2495,6343.400715679247
000d7d20_2496,6334.524179901447
000d7d20_2497,6338.403735935098
000d7d20_2498,6346.207536746282
000d7d20_2499,6332.223369784343
000d7d20_2500,6338.154264400208
000d7d20_2501,6339.566210308651
000d7d20_2502,6340.218009482984
000d7d20_2503,6320.548512011139
000d7d20_2504,6345.177179277918
000d7d20_2505,6335.111614761011
000d7d20_2506,6339.53230319213
000d7d20_2507,6335.499475317496
000d7d20_2508,6338.153539247375
000d7d20_2509,6320.179531685933
000d7d20_2510,6340.656105201705
000d7d20_2511,6331.723211700891
000d7d20_2512,6326.55724030797
000d7d20_2513,6346.039447924807
000d7d20_2514,6331.509368750677
000d7d20_2515,6338.643274418004
000d7d20_2516,6341.571169467845
000d7d20_2517,6346.017091920607
000d7d20_2518,6327.239158014332
000d7d20_2519,6340.789795603882
000d7d20_2520,6350.66375388615
000d7d20_2521,6328.826481454317
000d7d20_2522,6353.359270751359
000d7d20_2523,6349.669052836507
000d7d20_2524,6333.664699801877
000d7d20_2525,6346.9546339888075
000d7d20_2526,6346.006617082223
000d7d20_2527,6337.927894497224
000d7d20_2528,6346.995744733368
000d7d20_2529,6334.170739402992
000d7d20_2530,6336.294046548737
000d7d20_2531,6352.524038049468
000d7d20_2532,6346.635307622954
000d7d20_2533,6343.234706327754
000d7d20_2534,6335.462468855842
000d7d20_2535,6346.5760058519345
000d7d20_2536,6352.3494942253
000d7d20_2537,6353.517027143345
000d7d20_2538,6350.6240852110905
000d7d20_2539,6343.078406782707
000d7d20_2540,6345.992977684991
000d7d20_2541,6350.579715885491
000d7d20_2542,6333.860748413364
000d7d20_2543,6356.39156316265
000d7d20_2544,6353.730754933241
000d7d20_2545,6343.596019389792
000d7d20_2546,6351.3151835062945
000d7d20_2547,6351.598086031503
000d7d20_2548,6337.65347074817
000d7d20_2549,6340.400322351295
000d7d20_2550,6337.430422597192
000d7d20_2551,6339.696622703618
000d7d20_2552,6340.207676016913
000d7d20_2553,6337.089563764455
000d7d20_2554,6339.002063556093
000d7d20_2555,6338.381485199795
000d7d20_2556,6339.2968999056075
000d7d20_2557,6336.6774044572785
000d7d20_2558,6332.887734227041
000d7d20_2559,6330.263393440728
000d7d20_2560,6331.991652397344
000d7d20_2561,6329.689669614605
000d7d20_2562,6320.678540098653
000d7d20_2563,6337.188592299202
000d7d20_2564,6332.647006249687
000d7d20_2565,6340.7376678616765
000d7d20_2566,6345.235667727657
000d7d20_2567,6344.380450026404
000d7d20_2568,6334.750179355904
000d7d20_2569,6338.783895081884
000d7d20_2570,6349.677709048474
000d7d20_2571,6337.674086410531
000d7d20_2572,6326.253324072431
000d7d20_2573,6348.360255678542
000d7d20_2574,6335.837496602603
000d7d20_2575,6339.270742159867
000d7d20_2576,6342.137474037025
000d7d20_2577,6339.560028557928
000d7d20_2578,6318.0303296001275
000d7d20_2579,6343.021361428768
000d7d20_2580,6339.549611218218
000d7d20_2581,6329.072079385303
000d7d20_2582,6337.7613645286165
000d7d20_2583,6336.66834680378
000d7d20_2584,6339.901152050716
000d7d20_2585,6329.480806360226
000d7d20_2586,6327.340573225585
000d7d20_2587,6330.041026135582
000d7d20_2588,6334.8684697942235
000d7d20_2589,6334.009880563816
000d7d20_2590,6346.707464885983
000d7d20_2591,6347.553867492597
000d7d20_2592,6348.383726203609
000d7d20_2593,6349.007276740062
000d7d20_2594,6350.815852520392
000d7d20_2595,6352.205128365235
000d7d20_2596,6353.095537636765
000d7d20_2597,6353.41495555883
000d7d20_2598,6354.272153009995
000d7d20_2599,6355.397674850194
000d7d20_2600,6350.408807371796
000d7d20_2601,6345.300299991047
000d7d20_2602,6343.4338326652305
000d7d20_2603,6344.233628233833
000d7d20_2604,6344.466244180481
000d7d20_2605,6343.549974394937
000d7d20_2606,6340.478798700979
000d7d20_2607,6342.553162739902
000d7d20_2608,6342.899167055213
000d7d20_2609,6343.2368987610735
000d7d20_2610,6342.49900432684
000d7d20_2611,6341.425706694104
000d7d20_2612,6336.3741329268205
000d7d20_2613,6339.983134728784
000d7d20_2614,6341.14395618975
000d7d20_2615,6341.155373782797
000d7d20_2616,6350.7813957176595
000d7d20_2617,6325.100740253845
000d7d20_2618,6330.212191621851
000d7d20_2619,6341.410414611246
000d7d20_2620,6329.074320732648
000d7d20_2621,6343.2881902861145
000d7d20_2622,6330.37851341075
000d7d20_2623,6330.286756508583
000d7d20_2624,6343.590524066127
000d7d20_2625,6337.612388342795
000d7d20_2626,6317.801527081824
000d7d20_2627,6329.388926986826
000d7d20_2628,6333.992342412446
000d7d20_2629,6318.587115389379
000d7d20_2630,6327.320953289304
000d7d20_2631,6327.568205378209
000d7d20_2632,6332.40798142367
000d7d20_2633,6323.2111413869
000d7d20_2634,6324.613079785075
000d7d20_2635,6321.752598728198
000d7d20_2636,6332.776703867611
000d7d20_2637,6333.844734760208
000d7d20_2638,6322.81910108953
000d7d20_2639,6333.3506495900665
000d7d20_2640,6332.370661062748
000d7d20_2641,6334.879131707948
000d7d20_2642,6339.173976257771
000d7d20_2643,6340.744539251256
000d7d20_2644,6327.139525207793
000d7d20_2645,6330.8064750038475
000d7d20_2646,6323.317728183753
000d7d20_2647,6349.101523624424
000d7d20_2648,6332.562287347757
000d7d20_2649,6332.59736851532
000d7d20_2650,6341.883581615889
000d7d20_2651,6345.100969187073
000d7d20_2652,6348.574828523803
000d7d20_2653,6350.777502409249
000d7d20_2654,6343.444285710932
000d7d20_2655,6336.782200647646
000d7d20_2656,6342.993059233675
000d7d20_2657,6337.146439916799
000d7d20_2658,6345.154394297222
000d7d20_2659,6342.9690681228285
000d7d20_2660,6352.708109843088
000d7d20_2661,6355.885312032981
000d7d20_2662,6356.173503953601
000d7d20_2663,6357.478939505667
000d7d20_2664,6358.586129389295
000d7d20_2665,6353.254963450799
000d7d20_2666,6356.439462950982
000d7d20_2667,6357.384602526462
000d7d20_2668,6358.95747095893
000d7d20_2669,6358.811841169644
000d7d20_2670,6352.730295768928
000d7d20_2671,6352.4554546378
000d7d20_2672,6362.804491388732
000d7d20_2673,6338.084198872092
000d7d20_2674,6343.712556507801
000d7d20_2675,6344.368830991623
000d7d20_2676,6345.303290726847
000d7d20_2677,6342.826723678767
000d7d20_2678,6355.66991002148
000d7d20_2679,6355.257129743837
000d7d20_2680,6355.539936943517
000d7d20_2681,6356.2450999847215
000d7d20_2682,6355.208441623337
000d7d20_2683,6354.471569071028
000d7d20_2684,6354.563043468908
000d7d20_2685,6360.637503594677
000d7d20_2686,6335.410245612717
000d7d20_2687,6336.464445256928
000d7d20_2688,6346.021190774141
000d7d20_2689,6336.59060211257
000d7d20_2690,6340.350504952202
000d7d20_2691,6342.6731586035385
000d7d20_2692,6332.896479405083
000d7d20_2693,6345.335209032246
000d7d20_2694,6341.567442345731
000d7d20_2695,6337.190323059871
000d7d20_2696,6329.904962661459
000d7d20_2697,6327.676511721193
000d7d20_2698,6336.746151417413
000d7d20_2699,6325.918854866871
000d7d20_2700,6334.546415323472
000d7d20_2701,6343.599368605635
000d7d20_2702,6330.7276199575235
000d7d20_2703,6334.2275786674445
000d7d20_2704,6335.618548047083
000d7d20_2705,6335.61077349289
000d7d20_2706,6331.9514245813225
000d7d20_2707,6330.928494293053
000d7d20_2708,6339.067063286017
000d7d20_2709,6331.465188140753
000d7d20_2710,6332.255617740608
000d7d20_2711,6331.5793728198905
000d7d20_2712,6324.109906179137
000d7d20_2713,6332.315246836739
000d7d20_2714,6344.730965145642
000d7d20_2715,6329.982530933083
000d7d20_2716,6334.791560475476
000d7d20_2717,6343.290856539696
000d7d20_2718,6335.278116951071
000d7d20_2719,6337.375434890928
000d7d20_2720,6344.3111304525
000d7d20_2721,6343.2962297739405
000d7d20_2722,6329.940063026927
000d7d20_2723,6348.441537340887
000d7d20_2724,6339.644497784623
000d7d20_2725,6333.462497284796
000d7d20_2726,6333.836993004838
000d7d20_2727,6350.546143823684
000d7d20_2728,6339.1683546072
000d7d20_2729,6343.047556226738
000d7d20_2730,6330.207806380909
000d7d20_2731,6335.914518905975
000d7d20_2732,6345.218489185184
000d7d20_2733,6333.375897383527
000d7d20_2734,6338.676448156361
000d7d20_2735,6352.0095022962605
000d7d20_2736,6336.503461599456
000d7d20_2737,6343.161283940716
000d7d20_2738,6348.972980893168
000d7d20_2739,6349.854371109867
000d7d20_2740,6333.008424294941
000d7d20_2741,6352.988206248569
000d7d20_2742,6342.6590657328
000d7d20_2743,6336.821160233212
000d7d20_2744,6344.118204187762
000d7d20_2745,6335.447332887243
000d7d20_2746,6331.5737652543585
000d7d20_2747,6352.6095948631655
000d7d20_2748,6343.620624785362
000d7d20_2749,6341.994657426875
000d7d20_2750,6338.500579761875
000d7d20_2751,6339.21430968765
000d7d20_2752,6324.476858684065
000d7d20_2753,6333.999930620451
000d7d20_2754,6338.5753702997345
000d7d20_2755,6336.338268179876
000d7d20_2756,6336.283427842868
000d7d20_2757,6335.699395490081
000d7d20_2758,6330.260410404658
000d7d20_2759,6335.337011858847
000d7d20_2760,6335.985427785733
000d7d20_2761,6336.465130830824
000d7d20_2762,6327.754300116026
000d7d20_2763,6346.239480273473
000d7d20_2764,6339.055807754111
000d7d20_2765,6328.2423242014065
000d7d20_2766,6340.204824758547
000d7d20_2767,6338.880970433936
000d7d20_2768,6341.337869459792
000d7d20_2769,6343.978219966951
000d7d20_2770,6330.825610878672
000d7d20_2771,6335.959279737803
000d7d20_2772,6339.777788459613
000d7d20_2773,6326.509752077268
000d7d20_2774,6337.982915538638
000d7d20_2775,6346.250623695645
000d7d20_2776,6333.830874805967
000d7d20_2777,6339.652050255028
000d7d20_2778,6345.095860096654
000d7d20_2779,6346.4517180004505
000d7d20_2780,6331.115405845341
000d7d20_2781,6349.218177533464
000d7d20_2782,6340.358840631165
000d7d20_2783,6336.638192301441
000d7d20_2784,6333.815123637124
000d7d20_2785,6351.797803214165
000d7d20_2786,6343.847205902714
000d7d20_2787,6340.296290673168
000d7d20_2788,6342.84036398926
000d7d20_2789,6347.3501927412035
000d7d20_2790,6334.414384993831
000d7d20_2791,6324.567745325377
000d7d20_2792,6339.544506510714
000d7d20_2793,6342.474882798152
000d7d20_2794,6340.102478916575
000d7d20_2795,6334.045989361288
000d7d20_2796,6349.886777232207
000d7d20_2797,6340.832267558343
000d7d20_2798,6348.009336521979
000d7d20_2799,6347.759729804726
000d7d20_2800,6335.424693372111
000d7d20_2801,6340.500239775878
000d7d20_2802,6343.853197148767
000d7d20_2803,6343.780192323061
000d7d20_2804,6342.394045799725
000d7d20_2805,6340.740535947378
000d7d20_2806,6348.327414669831
000d7d20_2807,6336.997704569151
000d7d20_2808,6325.120346109003
000d7d20_2809,6343.31306663222
000d7d20_2810,6350.2136531290325
000d7d20_2811,6336.689054895559
000d7d20_2812,6345.322455158052
000d7d20_2813,6354.065677219067
000d7d20_2814,6344.181217467624
000d7d20_2815,6359.261324880634
000d7d20_2816,6360.298865853497
000d7d20_2817,6337.98594237219
000d7d20_2818,6355.021111333563
000d7d20_2819,6348.871229979258
000d7d20_2820,6357.378451932591
000d7d20_2821,6352.263711497879
000d7d20_2822,6344.979119773066
000d7d20_2823,6359.070105585683
000d7d20_2824,6345.1175833832785
000d7d20_2825,6340.209926209634
000d7d20_2826,6362.263219464332
000d7d20_2827,6343.283029261764
000d7d20_2828,6348.858889753922
000d7d20_2829,6342.792407397419
000d7d20_2830,6346.801222649832
000d7d20_2831,6356.422152300223
000d7d20_2832,6350.832597551221
000d7d20_2833,6355.961548322856
000d7d20_2834,6348.935634920144
000d7d20_2835,6354.3811252008345
000d7d20_2836,6340.35118378494
000d7d20_2837,6335.274465236212
000d7d20_2838,6344.520637271058
000d7d20_2839,6353.794643094872
000d7d20_2840,6339.062317627505
000d7d20_2841,6348.396681290381
000d7d20_2842,6346.8489414705955
000d7d20_2843,6354.520571207276
000d7d20_2844,6356.7075193989185
000d7d20_2845,6345.888213490169
000d7d20_2846,6359.578792733877
000d7d20_2847,6340.759101499333
000d7d20_2848,6340.2530086891475
000d7d20_2849,6360.554229768952
000d7d20_2850,6360.063768898195
000d7d20_2851,6337.767462347292
000d7d20_2852,6350.20295963835
000d7d20_2853,6357.937013206817
000d7d20_2854,6352.894949711408
000d7d20_2855,6350.911564222737
000d7d20_2856,6347.112406820639
000d7d20_2857,6355.106173403853
000d7d20_2858,6346.983051377886
000d7d20_2859,6331.110972199456
000d7d20_2860,6348.72210689904
000d7d20_2861,6351.195969705244
000d7d20_2862,6340.236531366866
000d7d20_2863,6353.161118858083
000d7d20_2864,6353.434409398128
000d7d20_2865,6344.825370399674
000d7d20_2866,6349.27907283655
000d7d20_2867,6352.905955366281
000d7d20_2868,6347.7899997554405
000d7d20_2869,6349.389686879103
000d7d20_2870,6351.734486542457
000d7d20_2871,6354.743567496333
000d7d20_2872,6348.818421973203
000d7d20_2873,6352.90949329204
000d7d20_2874,6352.054380807379
000d7d20_2875,6343.677413574369
000d7d20_2876,6334.232732372319
000d7d20_2877,6354.244012287655
000d7d20_2878,6355.853179134453
000d7d20_2879,6343.325270629151
000d7d20_2880,6342.491495966398
000d7d20_2881,6355.280777310513
000d7d20_2882,6337.427155683777
000d7d20_2883,6361.467654913336
000d7d20_2884,6352.546589574768
000d7d20_2885,6338.417024325584
000d7d20_2886,6353.19428611929
000d7d20_2887,6349.420335010673
000d7d20_2888,6350.540211052924
000d7d20_2889,6355.653531933486
000d7d20_2890,6353.40073561733
000d7d20_2891,6343.3909735023135
000d7d20_2892,6329.99720647662
000d7d20_2893,6345.941494349516
000d7d20_2894,6352.562155010549
000d7d20_2895,6351.546620965094
000d7d20_2896,6337.843047991161
000d7d20_2897,6355.93654627894
000d7d20_2898,6348.739531703015
000d7d20_2899,6343.956862492189
000d7d20_2900,6352.970320288215
000d7d20_2901,6348.109828676887
000d7d20_2902,6353.421282259458
000d7d20_2903,6354.45637338229
000d7d20_2904,6354.57170470804
000d7d20_2905,6343.635045478032
000d7d20_2906,6343.717988567454
000d7d20_2907,6340.187390159522
000d7d20_2908,6345.0012315558815
000d7d20_2909,6343.017479662798
000d7d20_2910,6342.54705771582
000d7d20_2911,6341.407195142626
000d7d20_2912,6339.099590843502
000d7d20_2913,6340.660163598919
000d7d20_2914,6339.922332626426
000d7d20_2915,6335.68858902917
000d7d20_2916,6332.092311679939
000d7d20_2917,6317.054193356791
000d7d20_2918,6342.319030774001
000d7d20_2919,6347.349570066639
000d7d20_2920,6331.493805806424
000d7d20_2921,6342.21453592075
000d7d20_2922,6351.247048561512
000d7d20_2923,6351.742740745006
000d7d20_2924,6342.074683805816
000d7d20_2925,6334.418973699582
000d7d20_2926,6350.406701478887
000d7d20_2927,6349.662131082429
000d7d20_2928,6339.905462140665
000d7d20_2929,6337.676440566162
000d7d20_2930,6347.6049572585125
000d7d20_2931,6345.43204400597
000d7d20_2932,6345.4435478117
000d7d20_2933,6357.626236438707
000d7d20_2934,6358.0314482446565
000d7d20_2935,6356.780616896464
000d7d20_2936,6359.456751386722
000d7d20_2937,6360.3053054409875
000d7d20_2938,6361.900316714836
000d7d20_2939,6371.054495307252
000d7d20_2940,6345.125083847159
000d7d20_2941,6350.87124990745
000d7d20_2942,6351.454854879972
000d7d20_2943,6350.592378541091
000d7d20_2944,6352.613093161555
000d7d20_2945,6362.819315918354
000d7d20_2946,6365.781574391854
000d7d20_2947,6365.9099391439895
000d7d20_2948,6360.84510312955
000d7d20_2949,6357.812005401058
000d7d20_2950,6360.20534416648
000d7d20_2951,6359.763097456063
000d7d20_2952,6367.17044253375
000d7d20_2953,6342.555586221408
000d7d20_2954,6343.15767096543
000d7d20_2955,6344.149326679657
000d7d20_2956,6342.980770108494
000d7d20_2957,6343.511287109683
000d7d20_2958,6352.224097910167
000d7d20_2959,6352.940495004443
000d7d20_2960,6351.140798499431
000d7d20_2961,6347.154852327391
000d7d20_2962,6347.223786486317
000d7d20_2963,6347.313074311777
000d7d20_2964,6343.7006869449715
000d7d20_2965,6343.050110614588
000d7d20_2966,6342.5745547728275
000d7d20_2967,6336.767763398977
000d7d20_2968,6337.994341302677
000d7d20_2969,6336.0585896980365
000d7d20_2970,6344.70518405109
000d7d20_2971,6336.79835328492
000d7d20_2972,6329.997572445654
000d7d20_2973,6342.087377863218
000d7d20_2974,6328.888386771943
000d7d20_2975,6325.134490410637
000d7d20_2976,6335.776771851698
000d7d20_2977,6329.198261485918
000d7d20_2978,6336.935316311017
000d7d20_2979,6323.494685331365
000d7d20_2980,6324.245600118861
000d7d20_2981,6336.359362548691
000d7d20_2982,6328.516002942584
000d7d20_2983,6324.914749893694
000d7d20_2984,6344.543909868109
000d7d20_2985,6335.146059604369
000d7d20_2986,6342.0356459055765
000d7d20_2987,6346.71867503042
000d7d20_2988,6342.139026495973
000d7d20_2989,6326.8501638825455
000d7d20_2990,6347.226489428232
000d7d20_2991,6349.655933215199
000d7d20_2992,6335.891853351915
000d7d20_2993,6348.436545386275
000d7d20_2994,6340.588922666147
000d7d20_2995,6352.5007660270185
000d7d20_2996,6351.010452362874
000d7d20_2997,6341.237019446965
000d7d20_2998,6356.69090392443
000d7d20_2999,6350.908674321029
000d7d20_3000,6356.850121189997
000d7d20_3001,6354.693043859779
000d7d20_3002,6355.50204118784
000d7d20_3003,6347.054168511012
000d7d20_3004,6344.657084912931
000d7d20_3005,6347.692028361937
000d7d20_3006,6350.6719997064165
000d7d20_3007,6345.411153306444
000d7d20_3008,6348.410305312324
000d7d20_3009,6350.956921327577
000d7d20_3010,6345.20335204911
000d7d20_3011,6347.616705407151
000d7d20_3012,6348.0251175466165
000d7d20_3013,6338.487531038153
000d7d20_3014,6337.4837312020145
000d7d20_3015,6324.549655824399
000d7d20_3016,6352.484114460644
000d7d20_3017,6343.99448753344
000d7d20_3018,6359.375620107055
000d7d20_3019,6359.1823962675635
000d7d20_3020,6342.358927711002
000d7d20_3021,6362.788533885886
000d7d20_3022,6348.93991491465
000d7d20_3023,6341.107400303892
000d7d20_3024,6344.523279330661
000d7d20_3025,6348.271291732025
000d7d20_3026,6352.622024133859
000d7d20_3027,6347.865052981718
000d7d20_3028,6370.166748829169
000d7d20_3029,6358.108480837785
000d7d20_3030,6356.746092525255
000d7d20_3031,6353.250487167286
000d7d20_3032,6345.734073450166
000d7d20_3033,6348.538120609973
000d7d20_3034,6344.5541703901545
000d7d20_3035,6364.222289518048
000d7d20_3036,6349.114326544777
000d7d20_3037,6360.489741030688
000d7d20_3038,6350.706011900962
000d7d20_3039,6357.117683132019
000d7d20_3040,6361.444829080277
000d7d20_3041,6363.325653754713
000d7d20_3042,6339.748465935422
000d7d20_3043,6354.625179871239
000d7d20_3044,6350.363077788307
000d7d20_3045,6355.633392147748
000d7d20_3046,6357.596321760958
000d7d20_3047,6349.703416351663
000d7d20_3048,6362.932915425086
000d7d20_3049,6361.921242334083
000d7d20_3050,6345.0196969711005
000d7d20_3051,6358.596803123853
000d7d20_3052,6348.154809115157
000d7d20_3053,6358.448521151073
000d7d20_3054,6343.8960886446885
000d7d20_3055,6354.25315683086
000d7d20_3056,6363.90939785614
000d7d20_3057,6350.525261200086
000d7d20_3058,6364.006229860544
000d7d20_3059,6344.746357396801
000d7d20_3060,6360.470034058238
000d7d20_3061,6347.002494410012
000d7d20_3062,6346.950207567114
000d7d20_3063,6341.114857197438
000d7d20_3064,6344.182781196241
000d7d20_3065,6338.368118907818
000d7d20_3066,6359.882724501354
000d7d20_3067,6355.258761336248
000d7d20_3068,6356.465177411402
000d7d20_3069,6334.042848138343
000d7d20_3070,6341.618804996416
000d7d20_3071,6348.536635786894
000d7d20_3072,6346.180864670708
000d7d20_3073,6345.497165656301
000d7d20_3074,6345.553297938234
000d7d20_3075,6356.415825976112
000d7d20_3076,6346.451225177789
000d7d20_3077,6345.8185306686555
000d7d20_3078,6346.074787958405
000d7d20_3079,6337.397896781342
000d7d20_3080,6348.1334590027855
000d7d20_3081,6345.318562642467
000d7d20_3082,6346.46727604707
000d7d20_3083,6352.568722395152
000d7d20_3084,6342.016127930015
000d7d20_3085,6346.561184793828
000d7d20_3086,6356.01304204175
000d7d20_3087,6345.892904855747
000d7d20_3088,6348.502026000693
000d7d20_3089,6353.933892953868
000d7d20_3090,6345.573334176542
000d7d20_3091,6357.618187893246
000d7d20_3092,6345.4471796785265
000d7d20_3093,6350.001554529557
000d7d20_3094,6358.5467305931315
000d7d20_3095,6359.656422196409
000d7d20_3096,6350.679223663282
000d7d20_3097,6342.747772541436
000d7d20_3098,6353.3447085432435
000d7d20_3099,6355.866815999687
000d7d20_3100,6356.6754251364555
000d7d20_3101,6344.296402351579
000d7d20_3102,6344.174705923901
000d7d20_3103,6341.41836610037
000d7d20_3104,6357.618699220891
000d7d20_3105,6346.57691970558
000d7d20_3106,6353.956674720572
000d7d20_3107,6343.095526394145
000d7d20_3108,6356.744010454237
000d7d20_3109,6336.995410157726
000d7d20_3110,6348.098888443546
000d7d20_3111,6357.092807204016
000d7d20_3112,6346.214875256902
000d7d20_3113,6342.874326444294
000d7d20_3114,6350.54882375851
000d7d20_3115,6344.622549753594
000d7d20_3116,6356.770843095474
000d7d20_3117,6343.685188570797
000d7d20_3118,6345.802374805268
000d7d20_3119,6351.180458547532
000d7d20_3120,6353.06367896696
000d7d20_3121,6335.97898669172
000d7d20_3122,6343.9930048495835
000d7d20_3123,6350.037932037079
000d7d20_3124,6330.440999020424
000d7d20_3125,6350.554051672387
000d7d20_3126,6338.642368377637
000d7d20_3127,6349.391539113167
000d7d20_3128,6330.069170110122
000d7d20_3129,6340.092328717979
000d7d20_3130,6348.583329005007
000d7d20_3131,6335.699163418169
000d7d20_3132,6341.016629027306
000d7d20_3133,6346.4568437346325
000d7d20_3134,6346.745177304989
000d7d20_3135,6329.304236802274
000d7d20_3136,6349.700282233328
000d7d20_3137,6341.1964376461165
000d7d20_3138,6336.287210866791
000d7d20_3139,6345.772194817428
000d7d20_3140,6331.239851255496
000d7d20_3141,6336.958701465813
000d7d20_3142,6351.075551018292
000d7d20_3143,6337.662861823852
000d7d20_3144,6352.880551369357
000d7d20_3145,6343.809511238689
000d7d20_3146,6329.586248987415
000d7d20_3147,6345.66621494369
000d7d20_3148,6340.339814811685
000d7d20_3149,6335.933724397191
000d7d20_3150,6332.398771082558
000d7d20_3151,6350.760227602806
000d7d20_3152,6328.923794117117
000d7d20_3153,6346.014982353559
000d7d20_3154,6347.348187316599
000d7d20_3155,6329.572809941178
000d7d20_3156,6343.9515150683355
000d7d20_3157,6330.434653839192
000d7d20_3158,6334.427028260528
000d7d20_3159,6348.428122710957
000d7d20_3160,6343.192305324066
000d7d20_3161,6344.35315315184
000d7d20_3162,6342.154922175073
000d7d20_3163,6349.7951694846815
000d7d20_3164,6329.224093640639
000d7d20_3165,6356.22135163914
000d7d20_3166,6340.082382427866
000d7d20_3167,6335.196153345711
000d7d20_3168,6354.392094485558
000d7d20_3169,6343.8618802630945
000d7d20_3170,6355.020302220019
000d7d20_3171,6341.564309587564
000d7d20_3172,6347.792356464425
000d7d20_3173,6352.891344352511
000d7d20_3174,6341.925826760614
000d7d20_3175,6346.15355125215
000d7d20_3176,6353.4032580601715
000d7d20_3177,6354.1839646398475
000d7d20_3178,6348.819755715912
000d7d20_3179,6334.59415293957
000d7d20_3180,6353.85626474881
000d7d20_3181,6343.621206222207
000d7d20_3182,6351.757773943341
000d7d20_3183,6337.735062858563
000d7d20_3184,6348.642505450673
000d7d20_3185,6367.2263750510265
000d7d20_3186,6351.636453072864
000d7d20_3187,6357.147872281674
000d7d20_3188,6361.134792446188
000d7d20_3189,6355.184767069139
000d7d20_3190,6360.5447489237795
000d7d20_3191,6361.160713157847
000d7d20_3192,6355.64398070411
000d7d20_3193,6361.270808845212
000d7d20_3194,6363.00804516178
000d7d20_3195,6334.981694535639
000d7d20_3196,6353.813887452999
000d7d20_3197,6359.078997804359
000d7d20_3198,6346.795545134191
000d7d20_3199,6361.557078147368
000d7d20_3200,6350.778492304561
000d7d20_3201,6355.3083113655375
000d7d20_3202,6361.419838483692
000d7d20_3203,6352.829747693176
000d7d20_3204,6353.8108448966295
000d7d20_3205,6355.032461800454
000d7d20_3206,6360.998790565396
000d7d20_3207,6344.980229092324
000d7d20_3208,6355.725630973804
000d7d20_3209,6367.110578614707
000d7d20_3210,6347.493368736379
000d7d20_3211,6363.461927862812
000d7d20_3212,6352.523488099814
000d7d20_3213,6352.809615768904
000d7d20_3214,6362.817004423594
000d7d20_3215,6357.699534962428
000d7d20_3216,6352.077231898513
000d7d20_3217,6351.027838973505
000d7d20_3218,6364.233834095101
000d7d20_3219,6337.757084113515
000d7d20_3220,6354.420023518487
000d7d20_3221,6358.335296550403
000d7d20_3222,6344.463939810316
000d7d20_3223,6360.478405869574
000d7d20_3224,6358.602163706003
000d7d20_3225,6353.473113860865
000d7d20_3226,6369.2820241482705
000d7d20_3227,6352.670636908089
000d7d20_3228,6356.072760422676
000d7d20_3229,6362.346687898613
000d7d20_3230,6349.344279000226
000d7d20_3231,6350.817818204236
000d7d20_3232,6358.673139476684
000d7d20_3233,6361.659075196266
000d7d20_3234,6342.123310669796
000d7d20_3235,6352.435934819999
000d7d20_3236,6359.978582210076
000d7d20_3237,6352.240774079745
000d7d20_3238,6359.027219834693
000d7d20_3239,6353.30900403479
000d7d20_3240,6349.1669114205915
000d7d20_3241,6363.695276965563
000d7d20_3242,6361.046482359722
000d7d20_3243,6349.993536392526
000d7d20_3244,6357.3901955045285
000d7d20_3245,6352.297106974148
000d7d20_3246,6347.8850841548465
000d7d20_3247,6355.96498319641
000d7d20_3248,6354.01759398734
000d7d20_3249,6359.745585430163
000d7d20_3250,6347.116443232831
000d7d20_3251,6358.676539186459
000d7d20_3252,6359.51115510402
000d7d20_3253,6350.585280410826
000d7d20_3254,6358.159764952936
000d7d20_3255,6345.701175968687
000d7d20_3256,6358.138781980628
000d7d20_3257,6355.460655338028
000d7d20_3258,6356.359042193704
000d7d20_3259,6347.035972787508
000d7d20_3260,6354.101911412717
000d7d20_3261,6349.596185122996
000d7d20_3262,6356.113587572748
000d7d20_3263,6353.008302787066
000d7d20_3264,6352.550739345263
000d7d20_3265,6345.108658691129
000d7d20_3266,6356.02621913689
000d7d20_3267,6360.007352161257
000d7d20_3268,6347.742363789946
000d7d20_3269,6352.570739936092
000d7d20_3270,6341.751334132266
000d7d20_3271,6354.905894047563
000d7d20_3272,6348.73178835996
000d7d20_3273,6352.948556538941
000d7d20_3274,6356.05848244531
000d7d20_3275,6353.138769499652
000d7d20_3276,6333.774976207384
000d7d20_3277,6356.884026606504
000d7d20_3278,6355.577713960759
000d7d20_3279,6354.176082393518
000d7d20_3280,6344.588585609561
000d7d20_3281,6353.308555229565
000d7d20_3282,6350.6788435885765
000d7d20_3283,6343.8154411377045
000d7d20_3284,6350.424877965189
000d7d20_3285,6338.806558056272
000d7d20_3286,6351.8790431899415
000d7d20_3287,6346.354820027212
000d7d20_3288,6348.998523861044
000d7d20_3289,6341.550655158129
000d7d20_3290,6343.161487936909
000d7d20_3291,6349.340776551744
000d7d20_3292,6348.605001918091
000d7d20_3293,6338.531117457806
000d7d20_3294,6355.690899064031
000d7d20_3295,6339.403867625605
000d7d20_3296,6350.3435273914265
000d7d20_3297,6339.22752760981
000d7d20_3298,6356.131749513824
000d7d20_3299,6340.91124631474
000d7d20_3300,6348.9741025767435
000d7d20_3301,6355.971759369537
000d7d20_3302,6355.858279099395
000d7d20_3303,6350.906460411317
000d7d20_3304,6345.548065594031
000d7d20_3305,6343.330173953862
000d7d20_3306,6359.461139051083
000d7d20_3307,6342.152736968515
000d7d20_3308,6343.31691474468
000d7d20_3309,6352.483720873755
000d7d20_3310,6347.129193253558
000d7d20_3311,6344.604735105343
000d7d20_3312,6369.193733195328
000d7d20_3313,6343.83457793879
000d7d20_3314,6347.353110569573
000d7d20_3315,6348.176050297149
000d7d20_3316,6346.053021209868
000d7d20_3317,6356.5938025959895
000d7d20_3318,6340.746646177855
000d7d20_3319,6358.141901889116
000d7d20_3320,6348.180950068533
000d7d20_3321,6350.333018724436
000d7d20_3322,6350.804422128494
000d7d20_3323,6357.2581593522755
000d7d20_3324,6354.544877935817
000d7d20_3325,6354.653284104758
000d7d20_3326,6350.2734694851615
000d7d20_3327,6343.168389687965
000d7d20_3328,6356.185047785054
000d7d20_3329,6342.483372337623
000d7d20_3330,6336.822162257731
000d7d20_3331,6352.525450115423
000d7d20_3332,6339.094378499294
000d7d20_3333,6356.121941357956
000d7d20_3334,6338.535973900123
000d7d20_3335,6341.875680776179
000d7d20_3336,6351.7418125473005
000d7d20_3337,6350.489564222853
000d7d20_3338,6330.930051188157
000d7d20_3339,6340.036954149427
000d7d20_3340,6343.741542382448
000d7d20_3341,6340.994273376162
000d7d20_3342,6348.731740408476
000d7d20_3343,6337.021813442953
000d7d20_3344,6348.062432453802
000d7d20_3345,6350.8855165366795
000d7d20_3346,6331.898371421765
000d7d20_3347,6345.412627392675
000d7d20_3348,6334.582850654982
000d7d20_3349,6335.719161323076
000d7d20_3350,6352.1821334788465
000d7d20_3351,6347.266566948597
000d7d20_3352,6334.320239656071
000d7d20_3353,6344.642545960332
000d7d20_3354,6340.568371801645
000d7d20_3355,6342.52233724668
000d7d20_3356,6335.796556129145
000d7d20_3357,6348.496800879261
000d7d20_3358,6359.121697644506
000d7d20_3359,6331.932351369151
000d7d20_3360,6348.9795373207735
000d7d20_3361,6349.753924927965
000d7d20_3362,6333.472190407373
000d7d20_3363,6343.545276290808
000d7d20_3364,6343.865983903173
000d7d20_3365,6349.448766253685
000d7d20_3366,6339.617577696101
000d7d20_3367,6349.206450629412
000d7d20_3368,6336.569965646969
000d7d20_3369,6336.808020260388
000d7d20_3370,6353.66228804096
000d7d20_3371,6350.897547709488
000d7d20_3372,6333.775089256768
000d7d20_3373,6347.279992189248
000d7d20_3374,6356.505192774759
000d7d20_3375,6337.251040223842
000d7d20_3376,6357.39067049309
000d7d20_3377,6353.2917068308625
000d7d20_3378,6347.2045874599935
000d7d20_3379,6341.598454606233
000d7d20_3380,6351.233572548516
000d7d20_3381,6354.4520122313315
000d7d20_3382,6344.102178824287
000d7d20_3383,6353.978275104925
000d7d20_3384,6337.61354703985
000d7d20_3385,6341.1810838625115
000d7d20_3386,6357.407514891387
000d7d20_3387,6344.087365591341
000d7d20_3388,6349.872091804018
000d7d20_3389,6355.14295867713
000d7d20_3390,6346.852982795354
000d7d20_3391,6362.266934329835
000d7d20_3392,6358.888830966845
000d7d20_3393,6353.336775835855
000d7d20_3394,6350.52424906369
000d7d20_3395,6345.224967292438
000d7d20_3396,6353.903306237994
000d7d20_3397,6344.067507852143
000d7d20_3398,6361.905210757554
000d7d20_3399,6352.860587095741
000d7d20_3400,6354.206649366247
000d7d20_3401,6364.2437262322555
000d7d20_3402,6348.113388466227
000d7d20_3403,6352.571497368978
000d7d20_3404,6358.971940626983
000d7d20_3405,6362.2499753588745
000d7d20_3406,6356.738696388819
000d7d20_3407,6346.995405306974
000d7d20_3408,6362.273041902407
000d7d20_3409,6365.786643738146
000d7d20_3410,6362.221543108173
000d7d20_3411,6363.161680712998
000d7d20_3412,6363.296347717845
000d7d20_3413,6352.189112135379
000d7d20_3414,6340.7242381238175
000d7d20_3415,6363.9212641291115
000d7d20_3416,6363.199798104925
000d7d20_3417,6360.859965051871
000d7d20_3418,6351.461135276005
000d7d20_3419,6349.750937351324
000d7d20_3420,6348.327170423128
000d7d20_3421,6356.723863168126
000d7d20_3422,6350.887318708414
000d7d20_3423,6361.833937293612
000d7d20_3424,6359.82070591153
000d7d20_3425,6359.287231071058
000d7d20_3426,6360.287434817967
000d7d20_3427,6356.471877510661
000d7d20_3428,6354.153592827594
000d7d20_3429,6354.791754025318
000d7d20_3430,6354.161951372872
000d7d20_3431,6353.990052583237
000d7d20_3432,6355.741613239977
000d7d20_3433,6350.841370629925
000d7d20_3434,6350.483542097176
000d7d20_3435,6351.181539442248
000d7d20_3436,6361.417633733141
000d7d20_3437,6341.320336468113
000d7d20_3438,6346.11295002799
000d7d20_3439,6353.673644004347
000d7d20_3440,6342.884259824508
000d7d20_3441,6347.325697559962
000d7d20_3442,6355.087150398811
000d7d20_3443,6354.573104540836
000d7d20_3444,6349.041168924945
000d7d20_3445,6348.5449254439045
000d7d20_3446,6353.782794548229
000d7d20_3447,6343.397992852985
000d7d20_3448,6331.59999401504
000d7d20_3449,6354.952503991741
000d7d20_3450,6354.3976772098595
000d7d20_3451,6351.705124133889
000d7d20_3452,6352.7518227970595
000d7d20_3453,6352.077891104556
000d7d20_3454,6343.757320419689
000d7d20_3455,6344.768686025779
000d7d20_3456,6334.584830166105
000d7d20_3457,6345.618292944485
000d7d20_3458,6350.447937021386
000d7d20_3459,6347.240977668456
000d7d20_3460,6347.347567710905
000d7d20_3461,6337.046178201342
000d7d20_3462,6339.781469121162
000d7d20_3463,6349.4320104771205
000d7d20_3464,6336.216704543223
000d7d20_3465,6357.68048509485
000d7d20_3466,6354.380343874502
000d7d20_3467,6338.029519085985
000d7d20_3468,6341.156267440636
000d7d20_3469,6358.868397113823
000d7d20_3470,6350.338551606706
000d7d20_3471,6337.681035133299
000d7d20_3472,6358.5934081891655
000d7d20_3473,6350.248464746462
000d7d20_3474,6346.97780605915
000d7d20_3475,6357.5157151546655
000d7d20_3476,6355.359435678375
000d7d20_3477,6360.870698474942
000d7d20_3478,6351.929569742764
000d7d20_3479,6359.362603718179
000d7d20_3480,6350.563067565322
000d7d20_3481,6360.20650434429
000d7d20_3482,6346.898702665379
000d7d20_3483,6355.649451693241
000d7d20_3484,6366.812568267922
000d7d20_3485,6364.133198933089
000d7d20_3486,6357.56349629791
000d7d20_3487,6357.644867913389
000d7d20_3488,6352.410917417895
000d7d20_3489,6365.696434501839
000d7d20_3490,6363.716563541506
000d7d20_3491,6360.952478168
000d7d20_3492,6350.832072403156
000d7d20_3493,6359.779200656246
000d7d20_3494,6363.154060377192
000d7d20_3495,6350.048080329288
000d7d20_3496,6359.997887890981
000d7d20_3497,6346.569167211579
000d7d20_3498,6348.960176442416
000d7d20_3499,6365.283166646431
000d7d20_3500,6353.692925890142
000d7d20_3501,6355.35485676274
000d7d20_3502,6364.237372429322
000d7d20_3503,6363.505380766494
000d7d20_3504,6359.269856190704
000d7d20_3505,6347.289926664915
000d7d20_3506,6354.965316654866
000d7d20_3507,6364.724806285026
000d7d20_3508,6364.41384877616
000d7d20_3509,6359.772875484349
000d7d20_3510,6360.409346104315
000d7d20_3511,6357.559452257343
000d7d20_3512,6358.610915553462
000d7d20_3513,6363.362472888084
000d7d20_3514,6362.149084241921
000d7d20_3515,6359.323328451904
000d7d20_3516,6349.356646274806
000d7d20_3517,6365.379149090457
000d7d20_3518,6363.697990721409
000d7d20_3519,6356.035227768977
000d7d20_3520,6361.994410843289
000d7d20_3521,6360.927567403125
000d7d20_3522,6352.530118423125
000d7d20_3523,6363.8294021378
000d7d20_3524,6360.6899874518085
000d7d20_3525,6351.3290727434405
000d7d20_3526,6352.635793880393
000d7d20_3527,6365.751091033282
000d7d20_3528,6348.880496540459
000d7d20_3529,6355.863361228749
000d7d20_3530,6366.013545538125
000d7d20_3531,6365.976358824006
000d7d20_3532,6356.889725318008
000d7d20_3533,6349.510368806695
000d7d20_3534,6360.295255155515
000d7d20_3535,6364.606199185876
000d7d20_3536,6353.590521331284
000d7d20_3537,6362.37351005431
000d7d20_3538,6360.10987845789
000d7d20_3539,6350.686801734828
000d7d20_3540,6363.3612627044095
000d7d20_3541,6360.996869753911
000d7d20_3542,6351.5527610418
000d7d20_3543,6362.84870638511
000d7d20_3544,6360.88093114534
000d7d20_3545,6350.363466732855
000d7d20_3546,6351.589427643461
000d7d20_3547,6370.840029041985
000d7d20_3548,6358.8274938872455
000d7d20_3549,6356.004515122607
000d7d20_3550,6348.6485203377015
000d7d20_3551,6362.912961726411
000d7d20_3552,6363.808276233422
000d7d20_3553,6349.8855405583945
000d7d20_3554,6351.329471666278
000d7d20_3555,6368.806943322748
000d7d20_3556,6348.306138891339
000d7d20_3557,6366.688269886309
000d7d20_3558,6365.627607839636
000d7d20_3559,6343.688468737523
000d7d20_3560,6349.090916964607
000d7d20_3561,6365.825448198968
000d7d20_3562,6356.714602449494
000d7d20_3563,6355.442973876413
000d7d20_3564,6355.566727626934
000d7d20_3565,6359.846281210263
000d7d20_3566,6350.572565874182
000d7d20_3567,6341.846810409589
000d7d20_3568,6353.502759022663
000d7d20_3569,6360.281540261166
000d7d20_3570,6356.358787574479
000d7d20_3571,6346.125823715583
000d7d20_3572,6366.543335910233
000d7d20_3573,6356.526014140488
000d7d20_3574,6351.898140993064
000d7d20_3575,6360.28424034261
000d7d20_3576,6358.845097534442
000d7d20_3577,6351.127475650746
000d7d20_3578,6360.848400242039
000d7d20_3579,6357.095329518792
000d7d20_3580,6352.224941653018
000d7d20_3581,6364.719753719212
000d7d20_3582,6361.057628624658
000d7d20_3583,6366.45982757053
000d7d20_3584,6358.466964437172
000d7d20_3585,6366.352131790398
000d7d20_3586,6365.4359755466085
000d7d20_3587,6356.433924519785
000d7d20_3588,6364.460174943279
000d7d20_3589,6360.909283010924
000d7d20_3590,6367.06182956448
000d7d20_3591,6368.5021278051245
000d7d20_3592,6365.970741250853
000d7d20_3593,6355.225555982545
000d7d20_3594,6356.832455818466
000d7d20_3595,6354.436399448026
000d7d20_3596,6356.3475790385155
000d7d20_3597,6352.745806167472
000d7d20_3598,6353.1406490234995
000d7d20_3599,6344.135064129818
000d7d20_3600,6362.530112094447
000d7d20_3601,6364.434672954882
000d7d20_3602,6363.582860544232
000d7d20_3603,6353.615214296903
000d7d20_3604,6361.839302481385
000d7d20_3605,6364.444809599317
000d7d20_3606,6367.051632816391
000d7d20_3607,6370.633672124993
000d7d20_3608,6367.231719896784
000d7d20_3609,6373.5171100671
000d7d20_3610,6363.926342034189
000d7d20_3611,6371.069354822304
000d7d20_3612,6359.409869080638
000d7d20_3613,6357.33196676742
000d7d20_3614,6357.3846207364395
000d7d20_3615,6359.673170391881
000d7d20_3616,6347.624397407321
000d7d20_3617,6377.615746364333
000d7d20_3618,6370.138035025485
000d7d20_3619,6361.857321633578
000d7d20_3620,6360.6512423875665
000d7d20_3621,6368.502405839684
000d7d20_3622,6366.816973245866
000d7d20_3623,6364.11906429209
000d7d20_3624,6379.880975921073
000d7d20_3625,6378.142270835402
000d7d20_3626,6382.2123622249555
000d7d20_3627,6380.151741920346
000d7d20_3628,6383.542295284422
000d7d20_3629,6387.093158647023
000d7d20_3630,6383.106486598117
000d7d20_3631,6386.8517281154445
000d7d20_3632,6383.991823372267
000d7d20_3633,6387.705505138789
000d7d20_3634,6380.94087148769
000d7d20_3635,6383.022448561663
000d7d20_3636,6380.482107958795
000d7d20_3637,6375.547014175254
000d7d20_3638,6380.07116233889
000d7d20_3639,6374.492753819891
000d7d20_3640,6377.014135732083
000d7d20_3641,6387.328545107895
000d7d20_3642,6361.240192222881
000d7d20_3643,6367.055490672188
000d7d20_3644,6377.449186199684
000d7d20_3645,6373.754969118979
000d7d20_3646,6370.054076308164
000d7d20_3647,6367.753260166695
000d7d20_3648,6374.681359410681
000d7d20_3649,6348.179450264525
000d7d20_3650,6375.801147667736
000d7d20_3651,6363.976797615011
000d7d20_3652,6357.790732577343
000d7d20_3653,6376.278715135194
000d7d20_3654,6363.547539209825
000d7d20_3655,6378.484442097465
000d7d20_3656,6373.35518887649
000d7d20_3657,6364.11728328958
000d7d20_3658,6372.346202726239
000d7d20_3659,6363.3541510730865
000d7d20_3660,6378.872793592901
000d7d20_3661,6373.903522080265
000d7d20_3662,6361.227276118075
000d7d20_3663,6373.011734735948
000d7d20_3664,6367.2240283558
000d7d20_3665,6372.441547991872
000d7d20_3666,6362.605141677263
000d7d20_3667,6361.1928979746135
000d7d20_3668,6359.838327489973
000d7d20_3669,6375.571075980261
000d7d20_3670,6363.037578938467
000d7d20_3671,6369.541661794682
000d7d20_3672,6375.774545270152
000d7d20_3673,6366.795744185828
000d7d20_3674,6374.081450103256
000d7d20_3675,6364.606643502585
000d7d20_3676,6379.670407561233
000d7d20_3677,6366.391618012604
000d7d20_3678,6364.854596789023
000d7d20_3679,6372.048794506582
000d7d20_3680,6380.394894655776
000d7d20_3681,6376.1165263930425
000d7d20_3682,6381.1850274259
000d7d20_3683,6376.943587160854
000d7d20_3684,6382.441541486336
000d7d20_3685,6369.46064609181
000d7d20_3686,6360.21644779294
000d7d20_3687,6385.3497354081765
000d7d20_3688,6383.121175019593
000d7d20_3689,6380.287258253685
000d7d20_3690,6380.899580609027
000d7d20_3691,6370.071158701315
000d7d20_3692,6373.428817895275
000d7d20_3693,6377.501205797279
000d7d20_3694,6359.313265052186
000d7d20_3695,6382.50194443336
000d7d20_3696,6381.894479742483
000d7d20_3697,6362.449190240578
000d7d20_3698,6375.95801748054
000d7d20_3699,6372.674799741692
000d7d20_3700,6368.632516355213
000d7d20_3701,6365.589100889718
000d7d20_3702,6382.154144884241
000d7d20_3703,6371.607473527255
000d7d20_3704,6363.728579462975
000d7d20_3705,6381.055159829544
000d7d20_3706,6371.952356629616
000d7d20_3707,6376.950230489708
000d7d20_3708,6377.132905415647
000d7d20_3709,6366.827754790681
000d7d20_3710,6369.830001181831
000d7d20_3711,6374.111457708543
000d7d20_3712,6372.907235746969
000d7d20_3713,6359.477246151781
000d7d20_3714,6380.758718006789
000d7d20_3715,6370.237550512894
000d7d20_3716,6364.622838366091
000d7d20_3717,6363.105833714356
000d7d20_3718,6375.689415244956
000d7d20_3719,6368.187933802263
000d7d20_3720,6359.853114038332
000d7d20_3721,6365.153451103261
000d7d20_3722,6376.5339122179885
000d7d20_3723,6367.906318800737
000d7d20_3724,6368.065344038575
000d7d20_3725,6366.9590286134635
000d7d20_3726,6369.590311545326
000d7d20_3727,6351.260365465568
000d7d20_3728,6364.139472457007
000d7d20_3729,6366.652816360404
000d7d20_3730,6350.765561444207
000d7d20_3731,6361.291017999159
000d7d20_3732,6370.222034451377
000d7d20_3733,6358.887623552663
000d7d20_3734,6374.276176913476
000d7d20_3735,6372.932817231048
000d7d20_3736,6364.0547026341155
000d7d20_3737,6368.912212846742
000d7d20_3738,6361.28460351774
000d7d20_3739,6363.325763920142
000d7d20_3740,6369.657797508862
000d7d20_3741,6365.3761845399695
000d7d20_3742,6357.028974531509
000d7d20_3743,6376.890274700446
000d7d20_3744,6365.878566093028
000d7d20_3745,6371.025224441384
000d7d20_3746,6361.93352716488
000d7d20_3747,6370.214644634619
000d7d20_3748,6361.9645994909415
000d7d20_3749,6367.218681574998
000d7d20_3750,6374.43457585989
000d7d20_3751,6384.802820948627
000d7d20_3752,6376.062530781845
000d7d20_3753,6390.425677981973
000d7d20_3754,6389.059903149165
000d7d20_3755,6369.645842367274
000d7d20_3756,6377.806552357323
000d7d20_3757,6397.125271118833
000d7d20_3758,6373.135272383815
000d7d20_3759,6391.368992990741
000d7d20_3760,6387.220515950347
000d7d20_3761,6398.012970738977
000d7d20_3762,6390.055463767785
000d7d20_3763,6403.438575162156
000d7d20_3764,6398.007702316685
000d7d20_3765,6380.616000600887
000d7d20_3766,6386.047604749534
000d7d20_3767,6406.133891146358
000d7d20_3768,6391.991861695993
000d7d20_3769,6385.611170622858
000d7d20_3770,6407.0559007952115
000d7d20_3771,6393.422262568157
000d7d20_3772,6391.005024338641
000d7d20_3773,6389.503112529096
000d7d20_3774,6409.693305602743
000d7d20_3775,6384.350417878707
000d7d20_3776,6409.1846013214845
000d7d20_3777,6402.154473246177
000d7d20_3778,6385.735905099889
000d7d20_3779,6391.808408174969
000d7d20_3780,6408.464459419876
000d7d20_3781,6396.538072330562
000d7d20_3782,6399.155720235231
000d7d20_3783,6397.1148334475065
000d7d20_3784,6393.706774404761
000d7d20_3785,6397.266547187459
000d7d20_3786,6399.6723517412465
000d7d20_3787,6386.016994917846
000d7d20_3788,6406.351459191922
000d7d20_3789,6393.854312201495
000d7d20_3790,6398.436739439865
000d7d20_3791,6403.45186657379
000d7d20_3792,6389.521343718015
000d7d20_3793,6394.587745266085
000d7d20_3794,6396.143436421135
000d7d20_3795,6396.831218568284
000d7d20_3796,6387.182737056677
000d7d20_3797,6392.29438356071
000d7d20_3798,6387.701262518379
000d7d20_3799,6401.411711261727
000d7d20_3800,6390.66476907804
000d7d20_3801,6389.223637702233
000d7d20_3802,6402.197375160376
000d7d20_3803,6390.592449948838
000d7d20_3804,6391.92624186961
000d7d20_3805,6384.61797665011
000d7d20_3806,6383.030065794554
000d7d20_3807,6384.557176621512
000d7d20_3808,6403.659402703338
000d7d20_3809,6388.014762440648
000d7d20_3810,6382.963630395867
000d7d20_3811,6395.825929289462
000d7d20_3812,6376.017793269127
000d7d20_3813,6389.772367311626
000d7d20_3814,6377.861707444249
000d7d20_3815,6390.92298632967
000d7d20_3816,6375.836651762359
000d7d20_3817,6382.909464591444
000d7d20_3818,6379.57572925377
000d7d20_3819,6384.735683490905
000d7d20_3820,6386.992575883259
000d7d20_3821,6373.357452252522
000d7d20_3822,6374.2991324304185
000d7d20_3823,6369.48972446031
000d7d20_3824,6379.5239409147225
000d7d20_3825,6368.128539979052
000d7d20_3826,6379.471237334009
000d7d20_3827,6365.900825433523
000d7d20_3828,6367.590597188999
000d7d20_3829,6365.556773528807
000d7d20_3830,6361.17845151301
000d7d20_3831,6371.352595403404
000d7d20_3832,6369.902665603199
000d7d20_3833,6357.645429079124
000d7d20_3834,6359.475227339987
000d7d20_3835,6369.287781763575
000d7d20_3836,6351.095863587554
000d7d20_3837,6353.499841381294
000d7d20_3838,6354.93802112187
000d7d20_3839,6351.56483898992
000d7d20_3840,6363.3338012849335
000d7d20_3841,6361.181039086478
000d7d20_3842,6363.429478820523
000d7d20_3843,6358.660043809872
000d7d20_3844,6361.4301646653985
000d7d20_3845,6352.222818586938
000d7d20_3846,6353.185264625438
000d7d20_3847,6341.768441425513
000d7d20_3848,6345.412148843881
000d7d20_3849,6355.224914943746
000d7d20_3850,6355.990489504778
000d7d20_3851,6353.755761783811
000d7d20_3852,6353.880741078701
000d7d20_3853,6344.8416834368545
000d7d20_3854,6356.637895512587
000d7d20_3855,6342.768189508262
000d7d20_3856,6343.31820062826
000d7d20_3857,6353.2891827801905
000d7d20_3858,6342.624674702331
000d7d20_3859,6343.741814447633
000d7d20_3860,6352.874662115783
000d7d20_3861,6352.747327201421
000d7d20_3862,6349.14545129623
000d7d20_3863,6345.2993632330035
000d7d20_3864,6351.64177114079
000d7d20_3865,6335.53430199592
000d7d20_3866,6356.875453931311
000d7d20_3867,6340.557693761697
000d7d20_3868,6342.416401666224
000d7d20_3869,6355.213275632645
000d7d20_3870,6350.146684796858
000d7d20_3871,6346.667704276446
000d7d20_3872,6347.342124103835
000d7d20_3873,6349.257754823252
000d7d20_3874,6344.449777514576
000d7d20_3875,6339.6447443025945
000d7d20_3876,6341.865627398227
000d7d20_3877,6342.520447086214
000d7d20_3878,6338.8087036848165
000d7d20_3879,6341.084276711576
000d7d20_3880,6339.8809364149065
000d7d20_3881,6328.988404822533
000d7d20_3882,6338.981089990102
000d7d20_3883,6356.211351936683
000d7d20_3884,6339.369845265317
000d7d20_3885,6360.833277199069
000d7d20_3886,6347.172738259571
000d7d20_3887,6349.379458106239
000d7d20_3888,6362.943329019696
000d7d20_3889,6346.852983618017
000d7d20_3890,6354.224399491726
000d7d20_3891,6349.204512397334
000d7d20_3892,6364.476501494412
000d7d20_3893,6364.656002661172
000d7d20_3894,6352.407077472139
000d7d20_3895,6361.912334236824
000d7d20_3896,6377.087327778168
000d7d20_3897,6363.110882660557
000d7d20_3898,6365.768881057907
000d7d20_3899,6354.033099416189
000d7d20_3900,6364.016744028221
000d7d20_3901,6362.709595799551
000d7d20_3902,6373.163177323465
000d7d20_3903,6382.810000855606
000d7d20_3904,6380.371620331327
000d7d20_3905,6373.382188204329
000d7d20_3906,6382.74572297937
000d7d20_3907,6383.839965600656
000d7d20_3908,6384.749438625031
000d7d20_3909,6381.2473862344705
000d7d20_3910,6407.765752109375
000d7d20_3911,6376.65929247088
000d7d20_3912,6390.830037789248
000d7d20_3913,6379.992186305449
000d7d20_3914,6394.2442016273035
000d7d20_3915,6382.053026393278
000d7d20_3916,6384.708693700116
000d7d20_3917,6378.505745881397
000d7d20_3918,6387.675646635832
000d7d20_3919,6390.661520990464
000d7d20_3920,6380.784090803542
000d7d20_3921,6387.447307390736
000d7d20_3922,6373.94687630447
000d7d20_3923,6372.604834040912
000d7d20_3924,6384.177783903265
000d7d20_3925,6372.503855266788
000d7d20_3926,6373.685645270486
000d7d20_3927,6370.226799157
000d7d20_3928,6380.4169445077205
000d7d20_3929,6377.5174606441915
000d7d20_3930,6364.8715782833215
000d7d20_3931,6380.308318459598
000d7d20_3932,6373.332573944911
000d7d20_3933,6375.551437981695
000d7d20_3934,6364.343856685345
000d7d20_3935,6363.668631887537
000d7d20_3936,6374.409304038763
000d7d20_3937,6358.936694495697
000d7d20_3938,6382.48789997837
000d7d20_3939,6378.378129550966
000d7d20_3940,6361.933514998916
000d7d20_3941,6375.093260596819
000d7d20_3942,6365.643929017004
000d7d20_3943,6364.07680890762
000d7d20_3944,6381.901217746345
000d7d20_3945,6365.73649825117
000d7d20_3946,6383.6940770101755
000d7d20_3947,6375.872219298805
000d7d20_3948,6372.612256346287
000d7d20_3949,6373.844657069519
000d7d20_3950,6368.541786170391
000d7d20_3951,6367.684211153674
000d7d20_3952,6366.720366334059
000d7d20_3953,6366.930975681338
000d7d20_3954,6375.8153886328655
000d7d20_3955,6359.683555811472
000d7d20_3956,6364.100851841905
000d7d20_3957,6358.737289380761
000d7d20_3958,6369.532396507462
000d7d20_3959,6360.175924281556
000d7d20_3960,6357.18535000929
000d7d20_3961,6367.511415077721
000d7d20_3962,6367.5789041659455
000d7d20_3963,6352.734661284978
000d7d20_3964,6361.3698542604725
000d7d20_3965,6357.0582100349075
000d7d20_3966,6355.825273027837
000d7d20_3967,6355.617938813026
000d7d20_3968,6364.20585291419
000d7d20_3969,6361.743145800569
000d7d20_3970,6365.173559701297
000d7d20_3971,6363.297423341049
000d7d20_3972,6363.71848132419
000d7d20_3973,6364.740843291305
000d7d20_3974,6365.447729456846
000d7d20_3975,6362.42322449148
000d7d20_3976,6362.20082439751
000d7d20_3977,6366.00130448126
000d7d20_3978,6363.550796899781
000d7d20_3979,6371.291047068158
000d7d20_3980,6350.446858648698
000d7d20_3981,6353.070688786518
000d7d20_3982,6353.973492585231
000d7d20_3983,6353.746390622455
000d7d20_3984,6348.527654288196
000d7d20_3985,6371.196962204342
000d7d20_3986,6349.915791804969
000d7d20_3987,6349.80281346692
000d7d20_3988,6351.092599726377
000d7d20_3989,6362.9031491230035
000d7d20_3990,6361.626123743551
000d7d20_3991,6350.926787942099
000d7d20_3992,6364.533570632842
000d7d20_3993,6343.372058304037
000d7d20_3994,6358.412082301827
000d7d20_3995,6352.480341786989
000d7d20_3996,6354.255460029768
000d7d20_3997,6348.188167782805
000d7d20_3998,6358.464615951284
000d7d20_3999,6342.852233007973
000d7d20_4000,6342.306333536039
000d7d20_4001,6358.4146381534965
000d7d20_4002,6347.436605390614
000d7d20_4003,6360.26908633984
000d7d20_4004,6358.667978685919
000d7d20_4005,6343.861848567865
000d7d20_4006,6354.6787010445505
000d7d20_4007,6342.26623387307
000d7d20_4008,6344.787326234659
000d7d20_4009,6362.032502797053
000d7d20_4010,6346.7785967630025
000d7d20_4011,6361.4867566115845
000d7d20_4012,6361.062466611574
000d7d20_4013,6341.240155982341
000d7d20_4014,6345.739863773931
000d7d20_4015,6361.4206181973805
000d7d20_4016,6341.077039594407
000d7d20_4017,6350.319577981139
000d7d20_4018,6349.617955038852
000d7d20_4019,6350.564982191692
000d7d20_4020,6349.265439261453
000d7d20_4021,6369.247574375846
000d7d20_4022,6356.565024150843
000d7d20_4023,6360.701872593666
000d7d20_4024,6345.590578840218
000d7d20_4025,6351.186220214461
000d7d20_4026,6349.395267303979
000d7d20_4027,6353.441464372851
000d7d20_4028,6364.721225604156
000d7d20_4029,6349.077350926393
000d7d20_4030,6364.682610539213
000d7d20_4031,6363.909206925853
000d7d20_4032,6347.864711862642
000d7d20_4033,6362.728553225609
000d7d20_4034,6351.335338302866
000d7d20_4035,6360.473309745918
000d7d20_4036,6350.880745066613
000d7d20_4037,6359.623706247213
000d7d20_4038,6367.4489259013335
000d7d20_4039,6358.454107591894
000d7d20_4040,6359.919965288518
000d7d20_4041,6353.21054251452
000d7d20_4042,6358.182176558104
000d7d20_4043,6362.845615406381
000d7d20_4044,6354.271122399128
000d7d20_4045,6355.178076230519
000d7d20_4046,6362.3869560951625
000d7d20_4047,6367.379569220602
000d7d20_4048,6358.72913353771
000d7d20_4049,6356.198798188569
000d7d20_4050,6356.166444523333
000d7d20_4051,6369.367227197755
000d7d20_4052,6352.465274579761
000d7d20_4053,6363.578920263125
000d7d20_4054,6363.082985974494
000d7d20_4055,6346.552313929768
000d7d20_4056,6363.415056709042
000d7d20_4057,6351.922641309788
000d7d20_4058,6353.419875645793
000d7d20_4059,6369.3257184948025
000d7d20_4060,6357.811630262396
000d7d20_4061,6363.945871263718
000d7d20_4062,6357.353437985657
000d7d20_4063,6355.279950357422
000d7d20_4064,6357.62007661587
000d7d20_4065,6372.912997897701
000d7d20_4066,6373.238109591561
000d7d20_4067,6367.535475046094
000d7d20_4068,6370.531487711896
000d7d20_4069,6370.9496782710385
000d7d20_4070,6371.254035718915
000d7d20_4071,6371.0851904792125
000d7d20_4072,6374.271161294245
000d7d20_4073,6368.174950818918
000d7d20_4074,6369.990615432165
000d7d20_4075,6366.906273128236
000d7d20_4076,6367.39546960709
000d7d20_4077,6367.9173299048625
000d7d20_4078,6368.011590341382
000d7d20_4079,6376.595950578977
000d7d20_4080,6351.8189454008425
000d7d20_4081,6357.710266729231
000d7d20_4082,6356.933516632646
000d7d20_4083,6367.002937112382
000d7d20_4084,6356.763763025314
000d7d20_4085,6357.626513408458
000d7d20_4086,6357.210760222142
000d7d20_4087,6356.891669395075
000d7d20_4088,6356.909202991195
000d7d20_4089,6369.076723568012
000d7d20_4090,6365.491032579894
000d7d20_4091,6364.795729970185
000d7d20_4092,6376.205039936719
000d7d20_4093,6350.7766511801865
000d7d20_4094,6352.512620752024
000d7d20_4095,6354.999311512931
000d7d20_4096,6354.019419948394
000d7d20_4097,6362.6649955863495
000d7d20_4098,6349.316187351476
000d7d20_4099,6350.852659300202
000d7d20_4100,6348.7550481383705
000d7d20_4101,6348.371289877493
000d7d20_4102,6345.817814634463
000d7d20_4103,6357.3029489750625
000d7d20_4104,6355.115135781562
000d7d20_4105,6353.783695557201
000d7d20_4106,6354.233479810754
000d7d20_4107,6354.155606321909
000d7d20_4108,6356.9495676292545
000d7d20_4109,6364.619122389471
000d7d20_4110,6348.943969114218
000d7d20_4111,6356.413502648214
000d7d20_4112,6349.42646015044
000d7d20_4113,6357.896128149827
000d7d20_4114,6337.306613090772
000d7d20_4115,6352.25586215939
000d7d20_4116,6358.797516746462
000d7d20_4117,6344.789004323553
000d7d20_4118,6355.29679655086
000d7d20_4119,6361.473549883945
000d7d20_4120,6363.706390359866
000d7d20_4121,6359.603314848804
000d7d20_4122,6347.5507649421415
000d7d20_4123,6361.30529149717
000d7d20_4124,6356.574319713967
000d7d20_4125,6352.2406451892175
000d7d20_4126,6373.166879593339
000d7d20_4127,6358.363285372319
000d7d20_4128,6364.317349552529
000d7d20_4129,6370.920446163734
000d7d20_4130,6362.793965065083
000d7d20_4131,6374.8089363829695
000d7d20_4132,6372.691963057243
000d7d20_4133,6356.0105345518095
000d7d20_4134,6360.156227076257
000d7d20_4135,6375.504300836339
000d7d20_4136,6368.210615248338
000d7d20_4137,6369.158305473957
000d7d20_4138,6366.836400856922
000d7d20_4139,6371.989385269352
000d7d20_4140,6354.105750881561
000d7d20_4141,6377.659994648717
000d7d20_4142,6374.974955685299
000d7d20_4143,6375.006484591449
000d7d20_4144,6378.335353146135
000d7d20_4145,6378.427444507431
000d7d20_4146,6366.577836165187
000d7d20_4147,6370.028057600764
000d7d20_4148,6371.8137624205965
000d7d20_4149,6359.563104431256
000d7d20_4150,6375.883594617087
000d7d20_4151,6379.6650881922715
000d7d20_4152,6377.2901404701925
000d7d20_4153,6365.183663371421
000d7d20_4154,6378.9124928726515
000d7d20_4155,6378.190896492077
000d7d20_4156,6388.352287151137
000d7d20_4157,6384.099380593046
000d7d20_4158,6385.118326534176
000d7d20_4159,6374.677588777191
000d7d20_4160,6382.580669238002
000d7d20_4161,6371.139799757488
000d7d20_4162,6368.616519859807
000d7d20_4163,6368.680287346803
000d7d20_4164,6370.884034551837
000d7d20_4165,6368.358471283775
000d7d20_4166,6368.822289488135
000d7d20_4167,6367.884948827648
000d7d20_4168,6357.849676635657
000d7d20_4169,6380.318046069431
000d7d20_4170,6375.704229757996
000d7d20_4171,6386.497110960279
000d7d20_4172,6393.554970376356
000d7d20_4173,6389.478800956593
000d7d20_4174,6387.404028982845
000d7d20_4175,6405.117731358635
000d7d20_4176,6390.5474472222095
000d7d20_4177,6389.693210955878
000d7d20_4178,6388.833566515098
000d7d20_4179,6406.956136298
000d7d20_4180,6392.697537982254
000d7d20_4181,6391.255462404247
000d7d20_4182,6381.843049114232
000d7d20_4183,6398.9463930556685
000d7d20_4184,6392.81660751027
000d7d20_4185,6399.088176925493
000d7d20_4186,6387.00116967923
000d7d20_4187,6400.884542651629
000d7d20_4188,6402.250172084697
000d7d20_4189,6400.1367479172195
000d7d20_4190,6408.477362144448
000d7d20_4191,6403.842208521469
000d7d20_4192,6409.720385744894
000d7d20_4193,6391.281833380744
000d7d20_4194,6395.306963952255
000d7d20_4195,6402.156971611973
000d7d20_4196,6393.475007541259
000d7d20_4197,6406.193815155717
000d7d20_4198,6411.978001371288
000d7d20_4199,6410.811722495074
000d7d20_4200,6391.998846929913
000d7d20_4201,6418.023007986399
000d7d20_4202,6405.490759012863
000d7d20_4203,6396.109198779626
000d7d20_4204,6407.1209207604315
000d7d20_4205,6404.25211478704
000d7d20_4206,6405.954674536303
000d7d20_4207,6402.541244397777
000d7d20_4208,6407.858969756811
000d7d20_4209,6407.432097554162
000d7d20_4210,6403.338609344816
000d7d20_4211,6407.4570770824885
000d7d20_4212,6393.471804694397
000d7d20_4213,6398.478805184659
000d7d20_4214,6419.020103863984
000d7d20_4215,6403.9127062435045
000d7d20_4216,6409.030679549701
000d7d20_4217,6408.917763881599
000d7d20_4218,6409.540393436948
000d7d20_4219,6393.409885992798
000d7d20_4220,6417.211196730772
000d7d20_4221,6402.743675997373
000d7d20_4222,6401.042800777832
000d7d20_4223,6399.513290681839
000d7d20_4224,6418.719545598591
000d7d20_4225,6395.19455023083
000d7d20_4226,6409.60754156807
000d7d20_4227,6410.551061690466
000d7d20_4228,6404.822186576523
000d7d20_4229,6410.36183161976
000d7d20_4230,6409.284911520037
000d7d20_4231,6409.545391890414
000d7d20_4232,6389.325477175238
000d7d20_4233,6414.699351344282
000d7d20_4234,6391.503798151341
000d7d20_4235,6395.467098640988
000d7d20_4236,6408.469702090222
000d7d20_4237,6412.708105557723
000d7d20_4238,6401.143168846009
000d7d20_4239,6393.2597747247155
000d7d20_4240,6398.654243427859
000d7d20_4241,6407.43647329634
000d7d20_4242,6399.133405087908
000d7d20_4243,6392.592535803503
000d7d20_4244,6414.026131741131
000d7d20_4245,6395.075220036759
000d7d20_4246,6394.464238482529
000d7d20_4247,6417.410450391465
000d7d20_4248,6399.508000633899
000d7d20_4249,6408.913008617422
000d7d20_4250,6407.447352030213
000d7d20_4251,6403.4989566698805
000d7d20_4252,6404.349526976922
000d7d20_4253,6404.1625228679995
000d7d20_4254,6410.442438969212
000d7d20_4255,6398.555951548206
000d7d20_4256,6399.723542410963
000d7d20_4257,6403.595701075824
000d7d20_4258,6394.354232310962
000d7d20_4259,6383.278816004136
000d7d20_4260,6413.364087312211
000d7d20_4261,6409.4599969339215
000d7d20_4262,6397.606412894592
000d7d20_4263,6399.077554171324
000d7d20_4264,6416.109275927348
000d7d20_4265,6394.379834592538
000d7d20_4266,6408.506368542135
000d7d20_4267,6401.910195517683
000d7d20_4268,6402.010484966977
000d7d20_4269,6396.05249549248
000d7d20_4270,6415.079211449698
000d7d20_4271,6415.173792228232
000d7d20_4272,6415.455751565276
000d7d20_4273,6414.993914130581
000d7d20_4274,6417.238760110662
000d7d20_4275,6414.629182404499
000d7d20_4276,6421.443906970448
000d7d20_4277,6417.8301640892805
000d7d20_4278,6427.216761758116
000d7d20_4279,6422.417986465552
000d7d20_4280,6418.313604723128
000d7d20_4281,6416.099526635178
000d7d20_4282,6414.0039125513895
000d7d20_4283,6420.3745544186295
000d7d20_4284,6399.140404639604
000d7d20_4285,6399.947737658852
000d7d20_4286,6400.927462513765
000d7d20_4287,6403.2512588864665
000d7d20_4288,6405.378764078557
000d7d20_4289,6392.411428660458
000d7d20_4290,6399.608959401937
000d7d20_4291,6399.26929931629
000d7d20_4292,6394.879747097514
000d7d20_4293,6392.2127532519635
000d7d20_4294,6411.307033559602
000d7d20_4295,6406.084841828079
000d7d20_4296,6408.317533979014
000d7d20_4297,6408.335721086475
000d7d20_4298,6403.913757340263
000d7d20_4299,6405.52002677312
000d7d20_4300,6407.341128243888
000d7d20_4301,6403.021850815981
000d7d20_4302,6403.265818689865
000d7d20_4303,6410.900423069722
000d7d20_4304,6382.206608671711
000d7d20_4305,6381.135748359131
000d7d20_4306,6388.250250151335
000d7d20_4307,6386.298742300157
000d7d20_4308,6369.296732690889
000d7d20_4309,6389.981082308387
000d7d20_4310,6374.672368791493
000d7d20_4311,6385.021360019917
000d7d20_4312,6378.089401087768
000d7d20_4313,6372.578575705943
000d7d20_4314,6381.37728376027
000d7d20_4315,6372.595034992226
000d7d20_4316,6369.9576071288475
000d7d20_4317,6391.372689278859
000d7d20_4318,6369.905071206963
000d7d20_4319,6371.211094542087
000d7d20_4320,6386.4960535769615
000d7d20_4321,6376.652200363967
000d7d20_4322,6390.581069730012
000d7d20_4323,6389.420314108988
000d7d20_4324,6384.900603587368
000d7d20_4325,6400.631281454673
000d7d20_4326,6385.890386157921
000d7d20_4327,6396.769982978241
000d7d20_4328,6384.233249762762
000d7d20_4329,6386.2881445898
000d7d20_4330,6395.143305107635
000d7d20_4331,6379.637214941688
000d7d20_4332,6398.293393584274
000d7d20_4333,6399.930308713188
000d7d20_4334,6402.458525610995
000d7d20_4335,6393.619882291031
000d7d20_4336,6389.562230986161
000d7d20_4337,6394.001268316328
000d7d20_4338,6404.492017744404
000d7d20_4339,6402.081831784034
000d7d20_4340,6394.368879662682
000d7d20_4341,6390.1149950044755
000d7d20_4342,6410.540149160009
000d7d20_4343,6387.958068356952
000d7d20_4344,6404.259278488528
000d7d20_4345,6403.124669940048
000d7d20_4346,6398.977423874206
000d7d20_4347,6405.142946925032
000d7d20_4348,6402.688476836059
000d7d20_4349,6406.75451122393
000d7d20_4350,6402.610914510045
000d7d20_4351,6411.153705845752
000d7d20_4352,6407.7188908398275
000d7d20_4353,6420.460281188175
000d7d20_4354,6393.350648302982
000d7d20_4355,6412.653274562201
000d7d20_4356,6414.191395399222
000d7d20_4357,6403.169928493939
000d7d20_4358,6405.613154746146
000d7d20_4359,6422.911694558144
000d7d20_4360,6422.403899348081
000d7d20_4361,6420.48372259576
000d7d20_4362,6416.278187499816
000d7d20_4363,6418.38094226945
000d7d20_4364,6418.234512566127
000d7d20_4365,6418.987988177266
000d7d20_4366,6416.872698397086
000d7d20_4367,6419.797955373376
000d7d20_4368,6417.355920285686
000d7d20_4369,6419.691674800816
000d7d20_4370,6397.049619570329
000d7d20_4371,6401.074601187361
000d7d20_4372,6399.5760937203995
000d7d20_4373,6400.565850041577
000d7d20_4374,6396.35268851503
000d7d20_4375,6413.732242471294
000d7d20_4376,6411.180855657983
000d7d20_4377,6411.565442877648
000d7d20_4378,6406.543399959559
000d7d20_4379,6405.911786094364
000d7d20_4380,6405.47835889678
000d7d20_4381,6403.134622719383
000d7d20_4382,6402.6229131125565
000d7d20_4383,6400.635204623866
000d7d20_4384,6396.998586423374
000d7d20_4385,6391.319776072679
000d7d20_4386,6384.717981363899
000d7d20_4387,6382.239416603367
000d7d20_4388,6381.937693294397
000d7d20_4389,6377.896661943477
000d7d20_4390,6375.006755121261
000d7d20_4391,6371.870569530388
000d7d20_4392,6372.566752317857
000d7d20_4393,6366.836790600863
000d7d20_4394,6378.882933877985
000d7d20_4395,6366.6723356711545
000d7d20_4396,6371.605579682508
000d7d20_4397,6368.409108723515
000d7d20_4398,6374.192419446524
000d7d20_4399,6363.813894406653
000d7d20_4400,6366.2243681833825
000d7d20_4401,6356.424138268178
000d7d20_4402,6371.201805450935
000d7d20_4403,6376.000671144523
000d7d20_4404,6368.128452707459
000d7d20_4405,6363.938021264598
000d7d20_4406,6373.79753439067
000d7d20_4407,6372.061562177662
000d7d20_4408,6373.929966989991
000d7d20_4409,6378.12423184342
000d7d20_4410,6369.38855629708
000d7d20_4411,6367.741816784665
000d7d20_4412,6371.854443894628
000d7d20_4413,6369.862310011378
000d7d20_4414,6373.0078997270375
000d7d20_4415,6393.607663426904
000d7d20_4416,6371.298878967556
000d7d20_4417,6372.059782953507
000d7d20_4418,6371.91284356537
000d7d20_4419,6369.1201174450125
000d7d20_4420,6379.074611824542
000d7d20_4421,6373.180616562322
000d7d20_4422,6371.720028578803
000d7d20_4423,6376.637410872744
000d7d20_4424,6381.714597595307
000d7d20_4425,6364.520677118679
000d7d20_4426,6383.706605479213
000d7d20_4427,6374.038015722772
000d7d20_4428,6374.704296875225
000d7d20_4429,6387.140289269161
000d7d20_4430,6371.403898125789
000d7d20_4431,6387.917285579702
000d7d20_4432,6385.612524087491
000d7d20_4433,6374.023645237783
000d7d20_4434,6382.937000830019
000d7d20_4435,6380.025853003103
000d7d20_4436,6360.311438727249
000d7d20_4437,6374.8117480902365
000d7d20_4438,6380.403089346392
000d7d20_4439,6373.554308533941
000d7d20_4440,6376.985153530933
000d7d20_4441,6375.107009611399
000d7d20_4442,6377.139300069935
000d7d20_4443,6382.2311193413225
000d7d20_4444,6421.474605960039
000d7d20_4445,6421.77370152141
000d7d20_4446,6424.0863907722505
000d7d20_4447,6410.099513142534
000d7d20_4448,6409.20584854596
000d7d20_4449,6425.134767232299
000d7d20_4450,6408.592940723593
000d7d20_4451,6404.2090347982485
000d7d20_4452,6401.052931699964
000d7d20_4453,6399.617582493112
000d7d20_4454,6399.793983874622
000d7d20_4455,6407.665912979988
000d7d20_4456,6392.171420036959
000d7d20_4457,6417.1459607693805
000d7d20_4458,6411.2130299583905
000d7d20_4459,6395.148335700281
000d7d20_4460,6397.889958559619
000d7d20_4461,6387.7791406917695
000d7d20_4462,6389.05795792471
000d7d20_4463,6396.084773241399
000d7d20_4464,6400.334952294535
000d7d20_4465,6405.771071525915
000d7d20_4466,6403.417992809395
000d7d20_4467,6392.1912689465335
000d7d20_4468,6406.196524858203
000d7d20_4469,6399.361500797185
000d7d20_4470,6394.989362969859
000d7d20_4471,6406.7809949587245
000d7d20_4472,6396.517333931753
000d7d20_4473,6407.724167185458
000d7d20_4474,6398.611715300035
000d7d20_4475,6406.214610107942
000d7d20_4476,6412.403305721436
000d7d20_4477,6391.452996195288
000d7d20_4478,6398.86380812076
000d7d20_4479,6403.860757684647
000d7d20_4480,6404.13195554779
000d7d20_4481,6406.731574985081
000d7d20_4482,6396.0722698674845
000d7d20_4483,6395.60504092236
000d7d20_4484,6405.529052737643
000d7d20_4485,6403.380853042933
000d7d20_4486,6396.1685077478505
000d7d20_4487,6388.24641050071
000d7d20_4488,6389.380086531835
000d7d20_4489,6401.1159201383625
000d7d20_4490,6394.572068482487
000d7d20_4491,6387.496484458959
000d7d20_4492,6396.257297250647
000d7d20_4493,6408.0510471160005
000d7d20_4494,6387.0274735212
000d7d20_4495,6362.471545424403
000d7d20_4496,6388.862172197691
000d7d20_4497,6367.055875169593
000d7d20_4498,6381.226930365532
000d7d20_4499,6377.676355325474
000d7d20_4500,6380.46132799696
000d7d20_4501,6374.907632278066
000d7d20_4502,6370.830593240083
000d7d20_4503,6381.156455076702
000d7d20_4504,6364.8693137855935
000d7d20_4505,6390.130761038078
000d7d20_4506,6374.095922695154
000d7d20_4507,6388.755280435581
000d7d20_4508,6370.3151780662765
000d7d20_4509,6385.833435069459
000d7d20_4510,6378.144878718176
000d7d20_4511,6375.827654379776
000d7d20_4512,6384.523910145965
000d7d20_4513,6380.009929534145
000d7d20_4514,6391.373950294952
000d7d20_4515,6390.512527865991
000d7d20_4516,6387.662182386729
000d7d20_4517,6380.655129148584
000d7d20_4518,6388.301757252335
000d7d20_4519,6378.535484969919
000d7d20_4520,6388.91270542724
000d7d20_4521,6381.72415737732
000d7d20_4522,6384.809841896152
000d7d20_4523,6378.006877768979
000d7d20_4524,6376.351868068002
000d7d20_4525,6387.979057172937
000d7d20_4526,6372.016480136496
000d7d20_4527,6399.270072960231
000d7d20_4528,6380.410270141768
000d7d20_4529,6394.833125576401
000d7d20_4530,6374.903531442046
000d7d20_4531,6384.351669876568
000d7d20_4532,6398.351598283669
000d7d20_4533,6380.445888764298
000d7d20_4534,6388.199924201399
000d7d20_4535,6380.739829937444
000d7d20_4536,6382.228798992227
000d7d20_4537,6392.914367058848
000d7d20_4538,6386.438985472402
000d7d20_4539,6395.762653224424
000d7d20_4540,6382.468717357463
000d7d20_4541,6392.17562840004
000d7d20_4542,6365.245716206845
000d7d20_4543,6394.363316176083
000d7d20_4544,6387.373402872623
000d7d20_4545,6377.474419975913
000d7d20_4546,6388.769675739435
000d7d20_4547,6371.934759171979
000d7d20_4548,6387.068681917648
000d7d20_4549,6369.6850673427325
000d7d20_4550,6393.097834862902
000d7d20_4551,6370.05688026284
000d7d20_4552,6382.360109301498
000d7d20_4553,6388.05099430296
000d7d20_4554,6387.720026343891
000d7d20_4555,6377.677028177652
000d7d20_4556,6382.569014027359
000d7d20_4557,6382.496363371566
000d7d20_4558,6375.0012834316
000d7d20_4559,6371.9299508109725
000d7d20_4560,6372.208393474737
000d7d20_4561,6363.805218269603
000d7d20_4562,6375.173243146475
000d7d20_4563,6382.018860998311
000d7d20_4564,6375.912267358998
000d7d20_4565,6368.199306808394
000d7d20_4566,6375.460227463113
000d7d20_4567,6387.496967355485
000d7d20_4568,6374.665690491504
000d7d20_4569,6367.3500640087295
000d7d20_4570,6386.204321927422
000d7d20_4571,6369.490391742866
000d7d20_4572,6369.222592224145
000d7d20_4573,6388.964704416802
000d7d20_4574,6382.807744856325
000d7d20_4575,6378.02929737906
000d7d20_4576,6365.434043894245
000d7d20_4577,6370.995253619002
000d7d20_4578,6378.341791357338
000d7d20_4579,6366.951731692194
000d7d20_4580,6376.298943176602
000d7d20_4581,6387.1172096098735
000d7d20_4582,6372.928735281467
000d7d20_4583,6385.009015114958
000d7d20_4584,6373.6008511528125
000d7d20_4585,6373.964232876162
000d7d20_4586,6377.062032889849
000d7d20_4587,6369.599043873954
000d7d20_4588,6372.178564889297
000d7d20_4589,6382.332383590624
000d7d20_4590,6394.789032307331
000d7d20_4591,6366.722102382647
000d7d20_4592,6370.185858810534
000d7d20_4593,6366.449662375227
000d7d20_4594,6366.686155849002
000d7d20_4595,6374.6626598610865
000d7d20_4596,6363.239794457963
000d7d20_4597,6377.168959327565
000d7d20_4598,6364.023261280564
000d7d20_4599,6383.319450447656
000d7d20_4600,6359.624759538147
000d7d20_4601,6382.970752132905
000d7d20_4602,6369.615250576864
000d7d20_4603,6365.334083896883
000d7d20_4604,6375.313935445688
000d7d20_4605,6364.0896195099995
000d7d20_4606,6367.346672866073
000d7d20_4607,6371.497815422038
000d7d20_4608,6379.702306431327
000d7d20_4609,6376.6746588381
000d7d20_4610,6368.380546260557
000d7d20_4611,6383.890230266316
000d7d20_4612,6358.321668741546
000d7d20_4613,6365.404631320345
000d7d20_4614,6373.276680733051
000d7d20_4615,6374.755709455849
000d7d20_4616,6367.968109823926
000d7d20_4617,6368.632157106856
000d7d20_4618,6364.798507935693
000d7d20_4619,6366.437725881586
000d7d20_4620,6366.886153416761
000d7d20_4621,6379.637671720794
000d7d20_4622,6391.099089758082
000d7d20_4623,6360.850747839139
000d7d20_4624,6366.844055329124
000d7d20_4625,6367.287953562228
000d7d20_4626,6374.953250742481
000d7d20_4627,6376.6324839849885
000d7d20_4628,6378.480601629894
000d7d20_4629,6359.5218922646645
000d7d20_4630,6363.004893406479
000d7d20_4631,6364.00006509598
000d7d20_4632,6369.654938338147
000d7d20_4633,6375.788335472741
000d7d20_4634,6363.33750096978
000d7d20_4635,6374.047400045559
000d7d20_4636,6375.672384070229
000d7d20_4637,6370.6470665701745
000d7d20_4638,6366.126015855876
000d7d20_4639,6365.088156631069
000d7d20_4640,6365.817800905284
000d7d20_4641,6367.821939331599
000d7d20_4642,6366.4471830238135
000d7d20_4643,6377.746988988463
000d7d20_4644,6377.947969807623
000d7d20_4645,6379.7016457480895
000d7d20_4646,6376.590574025104
000d7d20_4647,6377.420525371889
000d7d20_4648,6376.41617827865
000d7d20_4649,6378.612495730143
000d7d20_4650,6374.470911497798
000d7d20_4651,6375.439757499101
000d7d20_4652,6377.873882276945
000d7d20_4653,6371.7768618103955
000d7d20_4654,6373.129471586132
000d7d20_4655,6368.040579580944
000d7d20_4656,6370.431557509875
000d7d20_4657,6366.512789515553
000d7d20_4658,6365.944732188057
000d7d20_4659,6366.9352086038525
000d7d20_4660,6365.17042135594
000d7d20_4661,6362.648786522893
000d7d20_4662,6362.727054111722
000d7d20_4663,6360.646669852438
000d7d20_4664,6363.427186070217
000d7d20_4665,6360.996333373754
000d7d20_4666,6360.668665679582
000d7d20_4667,6370.98407307902
000d7d20_4668,6359.272527557009
000d7d20_4669,6358.796938334406
000d7d20_4670,6370.033880294099
000d7d20_4671,6351.524698558824
000d7d20_4672,6361.486230047563
000d7d20_4673,6350.6886948186975
000d7d20_4674,6371.421838355697
000d7d20_4675,6362.150229898729
000d7d20_4676,6360.448300143971
000d7d20_4677,6357.7381278067305
000d7d20_4678,6365.967011305072
000d7d20_4679,6366.799882406151
000d7d20_4680,6367.890851849242
000d7d20_4681,6369.2882456140505
000d7d20_4682,6359.896287410267
000d7d20_4683,6370.926579490229
000d7d20_4684,6358.0133224773845
000d7d20_4685,6359.648941760609
000d7d20_4686,6362.330925155148
000d7d20_4687,6368.364143787416
000d7d20_4688,6359.343232557794
000d7d20_4689,6370.455981566344
000d7d20_4690,6361.467840076887
000d7d20_4691,6376.61966306084
000d7d20_4692,6365.827026871121
000d7d20_4693,6357.694543323544
000d7d20_4694,6369.71847543374
000d7d20_4695,6359.337443069537
000d7d20_4696,6361.039891284907
000d7d20_4697,6379.06256280623
000d7d20_4698,6365.774908985197
000d7d20_4699,6382.866142317557
000d7d20_4700,6367.441796256992
000d7d20_4701,6380.860645993408
000d7d20_4702,6360.167418880963
000d7d20_4703,6373.4836364448465
000d7d20_4704,6379.9539393376035
000d7d20_4705,6377.616453456022
000d7d20_4706,6363.09235028983
000d7d20_4707,6377.798678899995
000d7d20_4708,6375.461336146153
000d7d20_4709,6386.491653853741
000d7d20_4710,6373.625856437746
000d7d20_4711,6385.38951748093
000d7d20_4712,6373.412513410241
000d7d20_4713,6378.2582630621655
000d7d20_4714,6379.425621347816
000d7d20_4715,6375.361063293293
000d7d20_4716,6385.615444537165
000d7d20_4717,6384.814851543996
000d7d20_4718,6379.108470052804
000d7d20_4719,6390.323959759493
000d7d20_4720,6382.166503477856
000d7d20_4721,6388.546539807019
000d7d20_4722,6390.077658352382
000d7d20_4723,6388.928030673931
000d7d20_4724,6377.606690115789
000d7d20_4725,6376.675729446285
000d7d20_4726,6376.800101807139
000d7d20_4727,6377.828907663154
000d7d20_4728,6376.413176006016
000d7d20_4729,6376.325923705337
000d7d20_4730,6367.288327948192
000d7d20_4731,6383.939225720288
000d7d20_4732,6378.889385338179
000d7d20_4733,6383.754719650908
000d7d20_4734,6379.911405840028
000d7d20_4735,6394.548709774208
000d7d20_4736,6391.962868454146
000d7d20_4737,6396.941107666761
000d7d20_4738,6396.651614476755
000d7d20_4739,6394.450716989935
000d7d20_4740,6399.400265618489
000d7d20_4741,6400.56125726302
000d7d20_4742,6395.816928820954
000d7d20_4743,6399.277736403024
000d7d20_4744,6398.364229551153
000d7d20_4745,6394.152718546605
000d7d20_4746,6392.068673314825
000d7d20_4747,6395.38484671699
000d7d20_4748,6392.2847461870615
000d7d20_4749,6395.427732145447
000d7d20_4750,6393.153894012286
000d7d20_4751,6396.112879386247
000d7d20_4752,6394.209528386693
000d7d20_4753,6393.083223881299
000d7d20_4754,6396.071390776455
000d7d20_4755,6391.79591194986
000d7d20_4756,6391.877851097816
000d7d20_4757,6395.447680189144
000d7d20_4758,6392.135903598387
000d7d20_4759,6392.651739664693
000d7d20_4760,6394.048229358722
000d7d20_4761,6391.2442358226435
000d7d20_4762,6401.733200341975
000d7d20_4763,6388.353827489404
000d7d20_4764,6394.053422934423
000d7d20_4765,6379.560907332279
000d7d20_4766,6381.372798355097
000d7d20_4767,6388.806094815301
000d7d20_4768,6374.910874735641
000d7d20_4769,6396.674384444116
000d7d20_4770,6394.187140595417
000d7d20_4771,6384.237679999966
000d7d20_4772,6391.416982314064
000d7d20_4773,6390.232587087886
000d7d20_4774,6364.858275623714
000d7d20_4775,6390.915052346462
000d7d20_4776,6377.038397927418
000d7d20_4777,6372.620437432827
000d7d20_4778,6388.521860788624
000d7d20_4779,6385.2112876274205
000d7d20_4780,6366.076410992822
000d7d20_4781,6384.7318362115
000d7d20_4782,6380.323907991997
000d7d20_4783,6375.65737594441
000d7d20_4784,6384.929195401186
000d7d20_4785,6372.714621638052
000d7d20_4786,6385.1905092652005
000d7d20_4787,6379.949731746113
000d7d20_4788,6374.964141326398
000d7d20_4789,6388.668471990135
000d7d20_4790,6371.777708710181
000d7d20_4791,6378.782985671334
000d7d20_4792,6399.130360500333
000d7d20_4793,6390.74778321694
000d7d20_4794,6386.474682300477
000d7d20_4795,6378.155624646974
000d7d20_4796,6389.193732928817
000d7d20_4797,6395.123241900722
000d7d20_4798,6383.829091646935
000d7d20_4799,6396.191792853214
000d7d20_4800,6377.581181358818
000d7d20_4801,6384.606590699533
000d7d20_4802,6403.69135585434
000d7d20_4803,6389.5600247017255
000d7d20_4804,6395.347728707574
000d7d20_4805,6402.687556581736
000d7d20_4806,6400.939586847715
000d7d20_4807,6397.20951770197
000d7d20_4808,6395.347733148171
000d7d20_4809,6398.400990614265
000d7d20_4810,6378.482888011947
000d7d20_4811,6395.147268458444
000d7d20_4812,6392.842163494964
000d7d20_4813,6384.275887482219
000d7d20_4814,6393.428938614277
000d7d20_4815,6387.342425513648
000d7d20_4816,6399.250580757343
000d7d20_4817,6397.255403012735
000d7d20_4818,6384.628664689838
000d7d20_4819,6400.402335020941
000d7d20_4820,6391.330849864158
000d7d20_4821,6395.051169961909
000d7d20_4822,6392.8763115626125
000d7d20_4823,6385.094628899912
000d7d20_4824,6398.936270621279
000d7d20_4825,6386.037298729788
000d7d20_4826,6384.766569269445
000d7d20_4827,6397.232027627671
000d7d20_4828,6384.761063994923
000d7d20_4829,6396.202945735208
000d7d20_4830,6393.554554143064
000d7d20_4831,6390.60860156537
000d7d20_4832,6388.273496014931
000d7d20_4833,6389.072101346693
000d7d20_4834,6371.176823564651
000d7d20_4835,6397.83114533898
000d7d20_4836,6383.556575133758
000d7d20_4837,6382.169563948961
000d7d20_4838,6401.26116849686
000d7d20_4839,6381.591089531773
000d7d20_4840,6389.434305908689
000d7d20_4841,6395.720179709245
000d7d20_4842,6385.438653929308
000d7d20_4843,6400.244528089638
000d7d20_4844,6397.904202010328
000d7d20_4845,6378.518160199823
000d7d20_4846,6395.43542876869
000d7d20_4847,6392.08259159594
000d7d20_4848,6388.655788069568
000d7d20_4849,6388.436076971767
000d7d20_4850,6404.258625684634
000d7d20_4851,6381.173244445371
000d7d20_4852,6393.1060881364265
000d7d20_4853,6389.492389463677
000d7d20_4854,6391.152259591753
000d7d20_4855,6399.339838930074
000d7d20_4856,6386.366322085167
000d7d20_4857,6390.776023305182
000d7d20_4858,6398.589629843119
000d7d20_4859,6400.6960672473715
000d7d20_4860,6380.548131664159
000d7d20_4861,6406.86174302335
000d7d20_4862,6386.522738237225
000d7d20_4863,6389.036929440937
000d7d20_4864,6408.947361902117
000d7d20_4865,6394.787789983956
000d7d20_4866,6409.967088076004
000d7d20_4867,6396.225136739729
000d7d20_4868,6408.265157436681
000d7d20_4869,6389.16453356537
000d7d20_4870,6399.414990190415
000d7d20_4871,6394.4446988104255
000d7d20_4872,6399.090524658612
000d7d20_4873,6390.249784290495
000d7d20_4874,6388.270464950306
000d7d20_4875,6398.676061274958
000d7d20_4876,6399.644761983871
000d7d20_4877,6391.690516901561
000d7d20_4878,6386.6610963937
000d7d20_4879,6394.286424798468
000d7d20_4880,6397.395471789976
000d7d20_4881,6397.1243200208
000d7d20_4882,6398.094886612693
000d7d20_4883,6388.656922590616
000d7d20_4884,6390.300547626423
000d7d20_4885,6394.701349974976
000d7d20_4886,6381.98777605162
000d7d20_4887,6394.386456230377
000d7d20_4888,6388.878147831409
000d7d20_4889,6389.402557586529
000d7d20_4890,6400.161493161113
000d7d20_4891,6396.498142408324
000d7d20_4892,6398.8554268580265
000d7d20_4893,6391.061894584811
000d7d20_4894,6399.163437051093
000d7d20_4895,6386.063272363354
000d7d20_4896,6379.790848174675
000d7d20_4897,6393.107161551932
000d7d20_4898,6396.3109350917175
000d7d20_4899,6393.139099614532
000d7d20_4900,6394.604345185301
000d7d20_4901,6385.8575732758
000d7d20_4902,6400.77684377961
000d7d20_4903,6399.627340939953
000d7d20_4904,6405.590983232486
000d7d20_4905,6401.057348377806
000d7d20_4906,6393.050368139807
000d7d20_4907,6399.054677093793
000d7d20_4908,6406.341073740241
000d7d20_4909,6415.385465139926
000d7d20_4910,6402.52719148882
000d7d20_4911,6413.766404376243
000d7d20_4912,6410.564905391729
000d7d20_4913,6398.779586768306
000d7d20_4914,6408.39441069733
000d7d20_4915,6401.426091124776
000d7d20_4916,6411.714643933681
000d7d20_4917,6399.0587169308255
000d7d20_4918,6402.279064725329
000d7d20_4919,6402.643237200975
000d7d20_4920,6390.990584684234
000d7d20_4921,6391.892273602768
000d7d20_4922,6403.872507514377
000d7d20_4923,6416.442066606397
000d7d20_4924,6406.00388073656
000d7d20_4925,6408.7938126550225
000d7d20_4926,6388.141921232613
000d7d20_4927,6397.273035393278
000d7d20_4928,6401.583943098722
000d7d20_4929,6391.162905883239
000d7d20_4930,6412.761213601943
000d7d20_4931,6411.634864548111
000d7d20_4932,6388.729873313065
000d7d20_4933,6397.31898890438
000d7d20_4934,6414.311722755001
000d7d20_4935,6395.880876546021
000d7d20_4936,6413.6401289196965
000d7d20_4937,6399.841443884964
000d7d20_4938,6416.587360693002
000d7d20_4939,6393.2530187273815
000d7d20_4940,6415.598366392878
000d7d20_4941,6403.160821816803
000d7d20_4942,6403.714623085449
000d7d20_4943,6397.664813004073
000d7d20_4944,6407.884766375754
000d7d20_4945,6398.453607835058
000d7d20_4946,6406.15391232173
000d7d20_4947,6394.609629215877
000d7d20_4948,6416.914951347599
000d7d20_4949,6401.295674630366
000d7d20_4950,6401.6192287890435
000d7d20_4951,6400.088372661302
000d7d20_4952,6408.291593727591
000d7d20_4953,6397.268830222519
000d7d20_4954,6395.217226428391
000d7d20_4955,6404.020191303172
000d7d20_4956,6400.385605620796
000d7d20_4957,6399.19836740243
000d7d20_4958,6417.618717207131
000d7d20_4959,6416.792523439146
000d7d20_4960,6420.509356243668
000d7d20_4961,6395.42674949042
000d7d20_4962,6397.565020851294
000d7d20_4963,6392.682851762039
000d7d20_4964,6402.899963504207
000d7d20_4965,6391.882322667685
000d7d20_4966,6389.168431196309
000d7d20_4967,6391.049089492237
000d7d20_4968,6403.513995939709
000d7d20_4969,6388.525187035114
000d7d20_4970,6400.443222741943
000d7d20_4971,6392.689015018054
000d7d20_4972,6394.687230747504
000d7d20_4973,6393.534249519298
000d7d20_4974,6394.96880123292
000d7d20_4975,6388.293073663665
000d7d20_4976,6389.4696445864665
000d7d20_4977,6383.569425552261
000d7d20_4978,6396.221422082958
000d7d20_4979,6385.739901720255
000d7d20_4980,6385.352168438042
000d7d20_4981,6381.938958271312
000d7d20_4982,6391.858809450679
000d7d20_4983,6386.178491160805
000d7d20_4984,6381.5243437875215
000d7d20_4985,6383.230267333867
000d7d20_4986,6380.622356616861
000d7d20_4987,6381.570574968796
000d7d20_4988,6395.311696290259
000d7d20_4989,6391.971130240595
000d7d20_4990,6394.892730314497
000d7d20_4991,6392.693436286139
000d7d20_4992,6389.299282089086
000d7d20_4993,6390.327544369408
000d7d20_4994,6387.512409659344
000d7d20_4995,6388.214649369286
000d7d20_4996,6397.559015123699
000d7d20_4997,6369.316671614159
000d7d20_4998,6374.311162888041
000d7d20_4999,6369.225557221911
000d7d20_5000,6379.715527577117
000d7d20_5001,6368.744888464353
000d7d20_5002,6378.841378808714
000d7d20_5003,6370.375439821867
000d7d20_5004,6370.142699843087
000d7d20_5005,6371.5278970076415
000d7d20_5006,6370.335346624809
000d7d20_5007,6374.370122522174
000d7d20_5008,6363.731472802532
000d7d20_5009,6377.429937327549
000d7d20_5010,6369.694279722539
000d7d20_5011,6369.485430413733
000d7d20_5012,6368.056754886615
000d7d20_5013,6364.907528752457
000d7d20_5014,6364.29159500807
000d7d20_5015,6373.905593642268
000d7d20_5016,6370.011766715313
000d7d20_5017,6371.473358132221
000d7d20_5018,6374.451794804805
000d7d20_5019,6380.784132232278
000d7d20_5020,6357.743072283916
000d7d20_5021,6358.7982266065665
000d7d20_5022,6368.960521839916
000d7d20_5023,6360.946209352462
000d7d20_5024,6373.40311186543
000d7d20_5025,6361.646995406038
000d7d20_5026,6362.6923749294465
000d7d20_5027,6363.377003262504
000d7d20_5028,6359.892871239352
000d7d20_5029,6358.245105589427
000d7d20_5030,6368.774704050515
000d7d20_5031,6378.3508563557625
000d7d20_5032,6365.819095051086
000d7d20_5033,6363.379014254252
000d7d20_5034,6361.133410567934
000d7d20_5035,6371.874713254927
000d7d20_5036,6353.801784200858
000d7d20_5037,6364.458722249204
000d7d20_5038,6362.4381302476795
000d7d20_5039,6359.728170108869
000d7d20_5040,6372.894791915719
000d7d20_5041,6370.580864114439
000d7d20_5042,6367.0281757041885
000d7d20_5043,6368.671490787896
000d7d20_5044,6365.815103204551
000d7d20_5045,6367.570243045759
000d7d20_5046,6371.696811635363
000d7d20_5047,6368.752421972371
000d7d20_5048,6366.076799389847
000d7d20_5049,6366.623386222151
000d7d20_5050,6370.040326846776
000d7d20_5051,6365.824282090845
000d7d20_5052,6362.083745408223
000d7d20_5053,6374.076758898078
000d7d20_5054,6371.143074243391
000d7d20_5055,6376.3376073368545
000d7d20_5056,6372.721602019558
000d7d20_5057,6375.414211013852
000d7d20_5058,6376.275398221115
000d7d20_5059,6374.3072503360745
000d7d20_5060,6376.376026304248
000d7d20_5061,6373.159382435215
000d7d20_5062,6375.667237261151
000d7d20_5063,6382.495138289465
000d7d20_5064,6369.7513869741015
000d7d20_5065,6376.463858294605
000d7d20_5066,6361.901834565453
000d7d20_5067,6362.347170754449
000d7d20_5068,6377.2927199527085
000d7d20_5069,6374.5590011512895
000d7d20_5070,6363.875400161214
000d7d20_5071,6381.457370829323
000d7d20_5072,6365.638290607585
000d7d20_5073,6368.109313890302
000d7d20_5074,6372.20858439351
000d7d20_5075,6378.218521550008
000d7d20_5076,6370.449804295583
000d7d20_5077,6365.549407603322
000d7d20_5078,6368.426881199152
000d7d20_5079,6369.8415071329955
000d7d20_5080,6369.476909668298
000d7d20_5081,6380.582950204959
000d7d20_5082,6378.838896073066
000d7d20_5083,6386.467725411139
000d7d20_5084,6374.375558974916
000d7d20_5085,6379.361458099889
000d7d20_5086,6362.549552376429
000d7d20_5087,6375.670825316206
000d7d20_5088,6364.225261471002
000d7d20_5089,6366.195768589899
000d7d20_5090,6371.55130297794
000d7d20_5091,6377.683077066502
000d7d20_5092,6367.49484847761
000d7d20_5093,6366.498512282763
000d7d20_5094,6365.139696891411
000d7d20_5095,6375.6792262083845
000d7d20_5096,6366.191754093645
000d7d20_5097,6361.8076345091
000d7d20_5098,6362.518157822944
000d7d20_5099,6363.381991568575
000d7d20_5100,6364.895095305049
000d7d20_5101,6377.875169809533
000d7d20_5102,6375.9841184527095
000d7d20_5103,6377.726464698809
000d7d20_5104,6379.335673399751
000d7d20_5105,6389.155608896239
000d7d20_5106,6373.024544447131
000d7d20_5107,6379.5444510654115
000d7d20_5108,6365.369085448129
000d7d20_5109,6376.540168296074
000d7d20_5110,6368.270379909693
000d7d20_5111,6367.086686338877
000d7d20_5112,6383.320526503105
000d7d20_5113,6366.568275302258
000d7d20_5114,6383.606483133112
000d7d20_5115,6371.011165167913
000d7d20_5116,6372.883097269739
000d7d20_5117,6371.423441129958
000d7d20_5118,6365.417670544803
000d7d20_5119,6374.071600518274
000d7d20_5120,6357.5297161505005
000d7d20_5121,6363.490118398686
000d7d20_5122,6364.245937050035
000d7d20_5123,6365.049733630828
000d7d20_5124,6366.7022241559935
000d7d20_5125,6377.967717825738
000d7d20_5126,6384.911611647869
000d7d20_5127,6362.837958273924
000d7d20_5128,6366.712713393859
000d7d20_5129,6366.945798150406
000d7d20_5130,6380.751671616163
000d7d20_5131,6371.942202078792
000d7d20_5132,6370.698727352512
000d7d20_5133,6374.41569237236
000d7d20_5134,6373.8940893796525
000d7d20_5135,6373.223957836995
000d7d20_5136,6395.5254121458065
000d7d20_5137,6365.674013089787
000d7d20_5138,6370.147407533042
000d7d20_5139,6369.873269379279
000d7d20_5140,6369.682749468572
000d7d20_5141,6381.259803130857
000d7d20_5142,6363.784044065841
000d7d20_5143,6380.387752613816
000d7d20_5144,6373.574056814898
000d7d20_5145,6376.574045383418
000d7d20_5146,6385.392547815909
000d7d20_5147,6379.902968371808
000d7d20_5148,6376.319179030916
000d7d20_5149,6377.181397440935
000d7d20_5150,6374.599635123512
000d7d20_5151,6377.713236987775
000d7d20_5152,6379.016360158916
000d7d20_5153,6369.539564939286
000d7d20_5154,6381.174040532474
000d7d20_5155,6378.565826363796
000d7d20_5156,6374.687517710714
000d7d20_5157,6370.562413429847
000d7d20_5158,6385.137317898536
000d7d20_5159,6387.217626483649
000d7d20_5160,6385.6800238305605
000d7d20_5161,6391.743627120721
000d7d20_5162,6369.970733051127
000d7d20_5163,6374.2734168892475
000d7d20_5164,6374.727371927469
000d7d20_5165,6369.744488909733
000d7d20_5166,6382.361468283186
000d7d20_5167,6370.528943628601
000d7d20_5168,6375.004650395204
000d7d20_5169,6374.475426181674
000d7d20_5170,6370.125089694399
000d7d20_5171,6383.141983845547
000d7d20_5172,6381.000848569342
000d7d20_5173,6373.070244208506
000d7d20_5174,6381.249510134376
000d7d20_5175,6381.758093533957
000d7d20_5176,6382.700019792974
000d7d20_5177,6382.902437216062
000d7d20_5178,6383.309276147423
000d7d20_5179,6390.043208988481
000d7d20_5180,6373.085586617695
000d7d20_5181,6375.312853363687
000d7d20_5182,6370.810989973929
000d7d20_5183,6390.389819647178
000d7d20_5184,6388.695707597028
000d7d20_5185,6379.598708988318
000d7d20_5186,6379.17676625071
000d7d20_5187,6380.656041393701
000d7d20_5188,6381.931557207421
000d7d20_5189,6380.362759813131
000d7d20_5190,6386.512452069234
000d7d20_5191,6389.354177707124
000d7d20_5192,6388.804701406736
000d7d20_5193,6388.690309106189
000d7d20_5194,6397.609530213231
000d7d20_5195,6370.311166850709
000d7d20_5196,6377.217680804818
000d7d20_5197,6387.314095838416
000d7d20_5198,6377.063932734906
000d7d20_5199,6381.262688541296
000d7d20_5200,6382.299985253645
000d7d20_5201,6386.705815250432
000d7d20_5202,6380.662244624964
000d7d20_5203,6370.612581902597
000d7d20_5204,6384.508591934386
000d7d20_5205,6373.084991272231
000d7d20_5206,6384.102979467443
000d7d20_5207,6374.176477326402
000d7d20_5208,6392.789758637601
000d7d20_5209,6372.3124784573665
000d7d20_5210,6391.5370361969435
000d7d20_5211,6383.283485105063
000d7d20_5212,6373.720210661992
000d7d20_5213,6377.23973369259
000d7d20_5214,6395.591695023832
000d7d20_5215,6374.905137707822
000d7d20_5216,6392.155453185534
000d7d20_5217,6381.320503735642
000d7d20_5218,6387.252995997366
000d7d20_5219,6387.444871910678
000d7d20_5220,6391.261270296275
000d7d20_5221,6382.814440573194
000d7d20_5222,6377.875256833816
000d7d20_5223,6379.703753799288
000d7d20_5224,6380.947183646947
000d7d20_5225,6379.6061735689045
000d7d20_5226,6402.326469029046
000d7d20_5227,6388.506140579342
000d7d20_5228,6381.226628921106
000d7d20_5229,6392.045855332714
000d7d20_5230,6371.963942414727
000d7d20_5231,6375.8139587380565
000d7d20_5232,6383.442709439671
000d7d20_5233,6380.85547698349
000d7d20_5234,6379.584287784991
000d7d20_5235,6390.735514419481
000d7d20_5236,6389.627941883827
000d7d20_5237,6390.727043502459
000d7d20_5238,6392.217741442582
000d7d20_5239,6401.679467895009
000d7d20_5240,6387.383777204688
000d7d20_5241,6381.612547103574
000d7d20_5242,6395.530722303416
000d7d20_5243,6376.9614128528365
000d7d20_5244,6375.213448743328
000d7d20_5245,6383.317903933068
000d7d20_5246,6381.012809166204
000d7d20_5247,6379.894081262229
000d7d20_5248,6402.036670187339
000d7d20_5249,6376.553575249776
000d7d20_5250,6391.153583112353
000d7d20_5251,6378.8828941103175
000d7d20_5252,6381.804167417638
000d7d20_5253,6393.417154344998
000d7d20_5254,6377.534934580292
000d7d20_5255,6384.717864814926
000d7d20_5256,6378.399717878504
000d7d20_5257,6377.4462334167365
000d7d20_5258,6378.613678323474
000d7d20_5259,6388.80938577732
000d7d20_5260,6389.302361049268
000d7d20_5261,6394.939673052016
000d7d20_5262,6369.856959255278
000d7d20_5263,6374.3523494730325
000d7d20_5264,6374.883094308076
000d7d20_5265,6374.441006741681
000d7d20_5266,6379.868324189523
000d7d20_5267,6379.1714649157475
000d7d20_5268,6384.6206771780535
000d7d20_5269,6369.055331910157
000d7d20_5270,6383.777749139667
000d7d20_5271,6372.273664127202
000d7d20_5272,6372.112595957364
000d7d20_5273,6379.509945987615
000d7d20_5274,6375.524026438746
000d7d20_5275,6377.892217074738
000d7d20_5276,6399.9792567599725
000d7d20_5277,6374.115688444261
00bbac68_1545,6329.362192685628
00bbac68_1546,6310.5260367036635
00bbac68_1547,6332.613940712821
00bbac68_1548,6326.08998609562
00bbac68_1549,6331.747211972657
00bbac68_1550,6329.708877693164
00bbac68_1551,6320.016402597591
00bbac68_1552,6323.846273329868
00bbac68_1553,6330.6266269064
00bbac68_1554,6314.054381741186
00bbac68_1555,6336.525968157283
00bbac68_1556,6326.25812819284
00bbac68_1557,6334.026565455079
00bbac68_1558,6325.045254221234
00bbac68_1559,6315.839381057032
00bbac68_1560,6318.658369416175
00bbac68_1561,6321.950102265084
00bbac68_1562,6325.050955665965
00bbac68_1563,6331.892835867438
00bbac68_1564,6320.863220570781
00bbac68_1565,6326.08594418989
00bbac68_1566,6334.462942408542
00bbac68_1567,6327.805724168571
00bbac68_1568,6339.210199812126
00bbac68_1569,6336.070582099446
00bbac68_1570,6320.835763529487
00bbac68_1571,6323.146840672476
00bbac68_1572,6337.105475656566
00bbac68_1573,6341.280623681042
00bbac68_1574,6341.436213600251
00bbac68_1575,6341.3592322286295
00bbac68_1576,6337.040643993492
00bbac68_1577,6330.328460213315
00bbac68_1578,6338.439024091242
00bbac68_1579,6333.864301186904
00bbac68_1580,6350.01943826916
00bbac68_1581,6345.359406158315
00bbac68_1582,6348.2545015694
00bbac68_1583,6327.470643935718
00bbac68_1584,6334.0399664797715
00bbac68_1585,6343.692414152957
00bbac68_1586,6329.818861825526
00bbac68_1587,6351.8730915708475
00bbac68_1588,6334.265130606108
00bbac68_1589,6337.185587893613
00bbac68_1590,6345.599599097714
00bbac68_1591,6338.31555276817
00bbac68_1592,6341.345202811596
00bbac68_1593,6341.306994431409
00bbac68_1594,6337.237377150745
00bbac68_1595,6348.189179973412
00bbac68_1596,6341.903434578999
00bbac68_1597,6340.43039424737
00bbac68_1598,6348.467734212159
00bbac68_1599,6341.395083446652
00bbac68_1600,6332.439340792911
00bbac68_1601,6324.005007049664
00bbac68_1602,6345.10600603131
00bbac68_1603,6346.938078408108
00bbac68_1604,6339.442637496384
00bbac68_1605,6341.775192094004
00bbac68_1606,6341.384178920863
00bbac68_1607,6346.4491385839665
00bbac68_1608,6343.683988000714
00bbac68_1609,6346.845432787149
00bbac68_1610,6322.898969036284
00bbac68_1611,6351.646129598177
00bbac68_1612,6346.113471015822
00bbac68_1613,6343.171341237321
00bbac68_1614,6345.924919865839
00bbac68_1615,6336.033327057845
00bbac68_1616,6344.884618808107
00bbac68_1617,6345.330800751919
00bbac68_1618,6339.80137472174
00bbac68_1619,6343.241023488272
00bbac68_1620,6343.331425204026
00bbac68_1621,6318.209653481093
00bbac68_1622,6334.355832085223
00bbac68_1623,6340.203251289351
00bbac68_1624,6335.2714475577395
00bbac68_1625,6335.623476747934
00bbac68_1626,6333.536626965307
00bbac68_1627,6341.647969799163
00bbac68_1628,6330.3705908962065
00bbac68_1629,6325.462438022151
00bbac68_1630,6316.523904233487
00bbac68_1631,6329.353233643915
00bbac68_1632,6339.963397885206
00bbac68_1633,6334.373563921935
00bbac68_1634,6320.495852351488
00bbac68_1635,6342.9092059536615
00bbac68_1636,6330.475848973993
00bbac68_1637,6335.142210099539
00bbac68_1638,6326.068225751079
00bbac68_1639,6332.342899182825
00bbac68_1640,6332.965105087643
00bbac68_1641,6331.11192782329
00bbac68_1642,6332.261262927514
00bbac68_1643,6317.245988540553
00bbac68_1644,6324.631003097813
00bbac68_1645,6329.070040687126
00bbac68_1646,6312.258807353205
00bbac68_1647,6328.417509127462
00bbac68_1648,6331.062029371458
00bbac68_1649,6334.6321652982015
00bbac68_1650,6324.827963237283
00bbac68_1651,6328.064466418494
00bbac68_1652,6328.807105274463
00bbac68_1653,6319.818087749424
00bbac68_1654,6310.443449712376
00bbac68_1655,6335.290892939239
00bbac68_1656,6331.487276623674
00bbac68_1657,6319.176581439483
00bbac68_1658,6330.746711105512
00bbac68_1659,6324.9165631779315
00bbac68_1660,6321.965070370729
00bbac68_1661,6328.630333371403
00bbac68_1662,6328.141314954432
00bbac68_1663,6325.404665668506
00bbac68_1664,6328.898803044575
00bbac68_1665,6328.818376627458
00bbac68_1666,6320.238360453848
00bbac68_1667,6331.945205938457
00bbac68_1668,6326.348581271741
00bbac68_1669,6334.319808700508
00bbac68_1670,6321.1208578472
00bbac68_1671,6335.573456774102
00bbac68_1672,6322.0081232393595
00bbac68_1673,6322.72578533748
00bbac68_1674,6338.181868611694
00bbac68_1675,6327.08158960521
00bbac68_1676,6342.751918143102
00bbac68_1677,6341.995712533117
00bbac68_1678,6332.205174185054
00bbac68_1679,6340.50294322227
00bbac68_1680,6340.047595115039
00bbac68_1681,6326.7436491881745
00bbac68_1682,6323.66320116553
00bbac68_1683,6326.420457503481
00bbac68_1684,6323.839058543477
00bbac68_1685,6325.891792019282
00bbac68_1686,6323.33286782972
00bbac68_1687,6326.039436917038
00bbac68_1688,6313.587218111762
00bbac68_1689,6331.918451255776
00bbac68_1690,6325.888778415534
00bbac68_1691,6333.596681564312
00bbac68_1692,6338.544506950526
00bbac68_1693,6337.545559853296
00bbac68_1694,6328.693283316044
00bbac68_1695,6333.2344707577595
00bbac68_1696,6335.742008329942
00bbac68_1697,6332.963907310345
00bbac68_1698,6342.0388160309
00bbac68_1699,6329.292892445021
00bbac68_1700,6347.747213880535
00bbac68_1701,6343.212486911311
00bbac68_1702,6337.040388933477
00bbac68_1703,6342.514200188629
00bbac68_1704,6342.428666443874
00bbac68_1705,6328.55234075863
00bbac68_1706,6329.643117327985
00bbac68_1707,6327.210722630535
00bbac68_1708,6328.1864339029225
00bbac68_1709,6328.264816661835
00bbac68_1710,6319.718999605885
00bbac68_1711,6331.702253094986
00bbac68_1712,6326.814251486069
00bbac68_1713,6344.602542044782
00bbac68_1714,6330.660600987184
00bbac68_1715,6326.164460531608
00bbac68_1716,6339.244350955367
00bbac68_1717,6330.643715796592
00bbac68_1718,6335.406823614809
00bbac68_1719,6341.706413419451
00bbac68_1720,6334.198324991822
00bbac68_1721,6333.750773955613
00bbac68_1722,6332.6226086293955
00bbac68_1723,6343.682171023699
00bbac68_1724,6344.035719861502
00bbac68_1725,6340.0587370224
00bbac68_1726,6325.220249424469
00bbac68_1727,6328.874887480931
00bbac68_1728,6336.007617805268
00bbac68_1729,6325.6678526517135
00bbac68_1730,6333.294150007811
00bbac68_1731,6344.361000113414
00bbac68_1732,6329.743313741037
00bbac68_1733,6347.39937512991
00bbac68_1734,6340.601602625087
00bbac68_1735,6326.156493248757
00bbac68_1736,6323.728903754122
00bbac68_1737,6340.385053177517
00bbac68_1738,6315.935162399616
00bbac68_1739,6327.22114592548
00bbac68_1740,6326.746421708252
00bbac68_1741,6324.676808010742
00bbac68_1742,6336.110234916082
00bbac68_1743,6322.548777538298
00bbac68_1744,6333.338768054178
00bbac68_1745,6335.613755134312
00bbac68_1746,6329.759017776333
00bbac68_1747,6337.46823259446
00bbac68_1748,6338.06791074354
00bbac68_1749,6313.730386788264
00bbac68_1750,6338.894629405197
00bbac68_1751,6334.227417606285
00bbac68_1752,6333.984134737442
00bbac68_1753,6336.506376774254
00bbac68_1754,6333.931784128963
00bbac68_1755,6324.385335102521
00bbac68_1756,6324.882801858566
00bbac68_1757,6314.78762602834
00bbac68_1758,6338.527364619288
00bbac68_1759,6324.890132408576
00bbac68_1760,6320.738291187433
00bbac68_1761,6337.489277037017
00bbac68_1762,6335.974104003061
00bbac68_1763,6315.839949103747
00bbac68_1764,6340.516339196704
00bbac68_1765,6332.529642521353
00bbac68_1766,6325.011874114875
00bbac68_1767,6333.814167371469
00bbac68_1768,6327.41580667746
00bbac68_1769,6332.9557783661585
00bbac68_1770,6323.606869719784
00bbac68_1771,6318.552454961915
00bbac68_1772,6332.1111877208905
00bbac68_1773,6329.288500973266
00bbac68_1774,6325.7339842539795
00bbac68_1775,6328.570118245936
00bbac68_1776,6332.850344628125
00bbac68_1777,6311.590854334274
00bbac68_1778,6334.789986207691
00bbac68_1779,6334.039343247271
00bbac68_1780,6320.6125180600475
00bbac68_1781,6331.161356626703
00bbac68_1782,6324.994260698932
00bbac68_1783,6319.457724335441
00bbac68_1784,6319.533655320482
00bbac68_1785,6334.079746949327
00bbac68_1786,6325.99895235273
00bbac68_1787,6324.971373802286
00bbac68_1788,6324.975612298629
00bbac68_1789,6327.21625336009
00bbac68_1790,6318.795365299135
00bbac68_1791,6304.1695680831035
00bbac68_1792,6330.5908799670215
00bbac68_1793,6324.307226928723
00bbac68_1794,6315.867961044754
00bbac68_1795,6326.70517607418
00bbac68_1796,6319.548989284083
00bbac68_1797,6329.538092261856
00bbac68_1798,6324.483759700818
00bbac68_1799,6327.79949156448
00bbac68_1800,6307.1228082135785
00bbac68_1801,6322.975507902747
00bbac68_1802,6314.9980748907155
00bbac68_1803,6328.515795275515
00bbac68_1804,6336.488883115561
00bbac68_1805,6332.9102177689465
00bbac68_1806,6334.263359945888
00bbac68_1807,6329.654321036421
00bbac68_1808,6337.679656802586
00bbac68_1809,6322.422034964269
00bbac68_1810,6312.692177382476
00bbac68_1811,6328.294638393158
00bbac68_1812,6329.792508962977
00bbac68_1813,6328.670136521879
00bbac68_1814,6328.5066035981035
00bbac68_1815,6329.596746896613
00bbac68_1816,6323.860689644687
00bbac68_1817,6330.191767680529
00bbac68_1818,6323.394207218862
00bbac68_1819,6332.101428973791
00bbac68_1820,6327.433926720546
00bbac68_1821,6342.0304370573
00bbac68_1822,6344.49185150497
00bbac68_1823,6345.2806412815735
00bbac68_1824,6346.072179196954
00bbac68_1825,6347.252056400548
00bbac68_1826,6348.765475487021
00bbac68_1827,6349.085804338282
00bbac68_1828,6346.166907284291
00bbac68_1829,6348.238676547174
00bbac68_1830,6346.565227340385
00bbac68_1831,6341.716883266288
00bbac68_1832,6350.045158240199
00bbac68_1833,6326.179122369298
00bbac68_1834,6332.423357520228
00bbac68_1835,6342.692967953561
00bbac68_1836,6336.207571430619
00bbac68_1837,6333.972252870917
00bbac68_1838,6339.827293143955
00bbac68_1839,6332.738514281136
00bbac68_1840,6332.773200447838
00bbac68_1841,6337.395365913942
00bbac68_1842,6340.833325296952
00bbac68_1843,6330.571365894394
00bbac68_1844,6335.229356312204
00bbac68_1845,6336.030822167585
00bbac68_1846,6326.073459686788
00bbac68_1847,6313.848569391508
00bbac68_1848,6342.031267744268
00bbac68_1849,6334.834225815476
00bbac68_1850,6337.610417229823
00bbac68_1851,6336.114509246019
00bbac68_1852,6341.427603145033
00bbac68_1853,6314.110995188669
00bbac68_1854,6333.478221912471
00bbac68_1855,6334.169587541186
00bbac68_1856,6323.15443740558
00bbac68_1857,6333.372471993889
00bbac68_1858,6335.578980663573
00bbac68_1859,6329.406218197873
00bbac68_1860,6333.524299134259
00bbac68_1861,6334.275657500347
00bbac68_1862,6339.116239736159
00bbac68_1863,6331.4657341684
00bbac68_1864,6321.859844150264
00bbac68_1865,6332.210334538577
00bbac68_1866,6326.8951154129845
00bbac68_1867,6325.7333035933825
00bbac68_1868,6345.746058119414
00bbac68_1869,6340.587654463671
00bbac68_1870,6332.0910611177205
00bbac68_1871,6329.841191336552
00bbac68_1872,6329.376087970412
00bbac68_1873,6343.16426422306
00bbac68_1874,6342.74759861731
00bbac68_1875,6337.229263151673
00bbac68_1876,6342.749436112281
00bbac68_1877,6340.555432940047
00bbac68_1878,6344.393471655894
00bbac68_1879,6334.682480517343
00bbac68_1880,6332.624766017838
00bbac68_1881,6343.094093143581
00bbac68_1882,6330.978847004312
00bbac68_1883,6351.137815642653
00bbac68_1884,6343.9802407027655
00bbac68_1885,6328.800525931037
00bbac68_1886,6343.234282132995
00bbac68_1887,6340.227467149337
00bbac68_1888,6333.678616552138
00bbac68_1889,6334.901046914209
00bbac68_1890,6336.712239681723
00bbac68_1891,6349.285881821131
00bbac68_1892,6336.017503070963
00bbac68_1893,6338.130484460277
00bbac68_1894,6338.096839381717
00bbac68_1895,6344.0425401756465
00bbac68_1896,6349.291280631738
00bbac68_1897,6347.529505138985
00bbac68_1898,6339.695250247131
00bbac68_1899,6341.716652186611
00bbac68_1900,6322.801100304342
00bbac68_1901,6339.483059369256
00bbac68_1902,6343.528317740633
00bbac68_1903,6330.364407679669
00bbac68_1904,6343.66290083202
00bbac68_1905,6337.680591262969
00bbac68_1906,6349.726520273518
00bbac68_1907,6341.44629141157
00bbac68_1908,6338.648712234373
00bbac68_1909,6348.927555823736
00bbac68_1910,6345.480734577746
00bbac68_1911,6330.022343761947
00bbac68_1912,6353.20860791534
00bbac68_1913,6331.657535428776
00bbac68_1914,6334.900467749151
00bbac68_1915,6350.424050646837
00bbac68_1916,6339.110258844683
00bbac68_1917,6340.114702564318
00bbac68_1918,6349.149036697458
00bbac68_1919,6338.811869406882
00bbac68_1920,6348.85923576565
00bbac68_1921,6332.424707099628
00bbac68_1922,6344.97750178959
00bbac68_1923,6325.711193392484
00bbac68_1924,6346.94018385966
00bbac68_1925,6331.4611940890445
00bbac68_1926,6336.257116995659
00bbac68_1927,6331.804514436468
00bbac68_1928,6335.623789533272
00bbac68_1929,6331.7470528891145
00bbac68_1930,6325.464694246322
00bbac68_1931,6344.561172795053
00bbac68_1932,6341.7105935423115
00bbac68_1933,6323.7215289659825
00bbac68_1934,6332.152376161608
00bbac68_1935,6330.64705185853
00bbac68_1936,6338.386101920761
00bbac68_1937,6325.374492576562
00bbac68_1938,6327.234563066368
00bbac68_1939,6337.333380887844
00bbac68_1940,6325.2611631387235
00bbac68_1941,6329.252702827768
00bbac68_1942,6339.178434810668
00bbac68_1943,6325.787982776932
00bbac68_1944,6329.735842779911
00bbac68_1945,6334.680021197732
00bbac68_1946,6335.450550542318
00bbac68_1947,6329.86745384857
00bbac68_1948,6318.951066178589
00bbac68_1949,6318.59464955498
00bbac68_1950,6328.500489911895
00bbac68_1951,6326.337121346992
00bbac68_1952,6326.535601692641
00bbac68_1953,6317.265700119892
00bbac68_1954,6329.764917164237
00bbac68_1955,6327.685731365896
00bbac68_1956,6318.434246981933
00bbac68_1957,6326.910790444306
00bbac68_1958,6313.03461600639
00bbac68_1959,6331.247268899889
00bbac68_1960,6327.171447517221
00bbac68_1961,6318.863430010617
00bbac68_1962,6318.951113155598
00bbac68_1963,6325.38477934362
00bbac68_1964,6325.010205615268
00bbac68_1965,6333.961688373002
00bbac68_1966,6328.3508995141165
00bbac68_1967,6324.939259880848
00bbac68_1968,6328.244270969051
00bbac68_1969,6326.765025989559
00bbac68_1970,6323.527158399384
00bbac68_1971,6331.755644909739
00bbac68_1972,6328.739120957103
00bbac68_1973,6330.317198947472
00bbac68_1974,6326.301734754748
00bbac68_1975,6332.901527867929
00bbac68_1976,6323.4916336570905
00bbac68_1977,6320.222294752304
00bbac68_1978,6312.563031089563
00bbac68_1979,6331.146062199392
00bbac68_1980,6333.409392934482
00bbac68_1981,6331.348785116268
00bbac68_1982,6322.05627265239
00bbac68_1983,6325.949307673127
00bbac68_1984,6332.651584625468
00bbac68_1985,6321.300572731773
00bbac68_1986,6318.008373909862
00bbac68_1987,6331.512989938206
00bbac68_1988,6339.719282193195
00bbac68_1989,6333.894086801226
00bbac68_1990,6336.5332612745915
00bbac68_1991,6328.906874550591
00bbac68_1992,6334.184424298896
00bbac68_1993,6320.268660973956
00bbac68_1994,6324.864754737359
00bbac68_1995,6320.140293896697
00bbac68_1996,6323.299063516557
00bbac68_1997,6322.366748793356
00bbac68_1998,6323.128158659847
00bbac68_1999,6320.73761335173
00bbac68_2000,6325.333590793643
00bbac68_2001,6309.857024790947
00bbac68_2002,6327.7430339561
00bbac68_2003,6332.045552822648
00bbac68_2004,6327.101509612664
00bbac68_2005,6319.5679778108615
00bbac68_2006,6336.376519755274
00bbac68_2007,6318.034924475388
00bbac68_2008,6321.462663024853
00bbac68_2009,6324.013894685798
00bbac68_2010,6323.36719763011
00bbac68_2011,6321.1425685699005
00bbac68_2012,6335.030531622043
00bbac68_2013,6333.621692878715
00bbac68_2014,6330.465210727131
00bbac68_2015,6332.289621955881
00bbac68_2016,6330.8351824331985
00bbac68_2017,6332.473235763091
00bbac68_2018,6330.370510070432
00bbac68_2019,6328.072835062082
00bbac68_2020,6339.645265746109
00bbac68_2021,6319.18393089015
00bbac68_2022,6319.503067321113
00bbac68_2023,6331.371982972669
00bbac68_2024,6332.208099430806
00bbac68_2025,6313.558518671769
00bbac68_2026,6322.510748479955
00bbac68_2027,6323.130362068498
00bbac68_2028,6317.970160413024
00bbac68_2029,6317.289482057991
00bbac68_2030,6325.2628912382015
00bbac68_2031,6324.790373714316
00bbac68_2032,6326.487942177519
00bbac68_2033,6323.849009419678
00bbac68_2034,6320.599192266473
00bbac68_2035,6335.211574546136
00bbac68_2036,6319.831409472409
00bbac68_2037,6324.657734607144
00bbac68_2038,6305.394144915513
00bbac68_2039,6315.89722119183
00bbac68_2040,6312.161106183752
00bbac68_2041,6308.201322374769
00bbac68_2042,6327.788106020327
00bbac68_2043,6308.196916258511
00bbac68_2044,6324.2121449875185
00bbac68_2045,6323.3435559883865
00bbac68_2046,6301.078403834829
00bbac68_2047,6318.602490385054
00bbac68_2048,6312.489125359011
00bbac68_2049,6306.214018338118
00bbac68_2050,6313.404393111306
00bbac68_2051,6308.199410661638
00bbac68_2052,6308.812167753586
00bbac68_2053,6307.097480218584
00bbac68_2054,6323.281034774189
00bbac68_2055,6313.774218712978
00bbac68_2056,6314.540308991101
00bbac68_2057,6314.429605170741
00bbac68_2058,6318.885155185727
00bbac68_2059,6310.330401963347
00bbac68_2060,6300.502575523988
00bbac68_2061,6315.675132877545
00bbac68_2062,6320.208015992642
00bbac68_2063,6307.364275417545
00bbac68_2064,6315.675449453672
00bbac68_2065,6327.16018529633
00bbac68_2066,6323.195864934647
00bbac68_2067,6319.963019276926
00bbac68_2068,6310.524007056844
00bbac68_2069,6310.623096416246
00bbac68_2070,6325.800047257217
00bbac68_2071,6307.635761122806
00bbac68_2072,6331.286189385919
00bbac68_2073,6331.01367328261
00bbac68_2074,6321.815362008548
00bbac68_2075,6331.901856935193
00bbac68_2076,6319.68157188515
00bbac68_2077,6329.263074387834
00bbac68_2078,6334.116455231315
00bbac68_2079,6318.717091280779
00bbac68_2080,6344.013546350554
00bbac68_2081,6339.396164054571
00bbac68_2082,6332.221416630628
00bbac68_2083,6326.361221998639
00bbac68_2084,6326.412517548473
00bbac68_2085,6325.864042496256
00bbac68_2086,6343.6428817108435
00bbac68_2087,6327.041477081098
00bbac68_2088,6330.560435420883
00bbac68_2089,6331.033083276425
00bbac68_2090,6331.649801418363
00bbac68_2091,6334.981523574348
00bbac68_2092,6344.395395226932
00bbac68_2093,6349.214142471786
00bbac68_2094,6344.721401427308
00bbac68_2095,6344.44283557654
00bbac68_2096,6339.456640439165
00bbac68_2097,6342.91778553881
00bbac68_2098,6345.649265783472
00bbac68_2099,6349.288222364575
00bbac68_2100,6326.143345798118
00bbac68_2101,6325.7357863649995
00bbac68_2102,6329.602917167229
00bbac68_2103,6329.4139772911785
00bbac68_2104,6328.509859265261
00bbac68_2105,6341.06269206637
00bbac68_2106,6341.522153471171
00bbac68_2107,6346.980530148099
00bbac68_2108,6323.29433278475
00bbac68_2109,6328.008468185591
00bbac68_2110,6322.680684425987
00bbac68_2111,6324.744649042273
00bbac68_2112,6336.254400353835
00bbac68_2113,6320.838670094142
00bbac68_2114,6324.92439236177
00bbac68_2115,6326.897949416467
00bbac68_2116,6325.960244542089
00bbac68_2117,6320.667436260354
00bbac68_2118,6335.2040786122925
00bbac68_2119,6335.173161656125
00bbac68_2120,6335.590799482391
00bbac68_2121,6330.378537033356
00bbac68_2122,6333.323893315476
00bbac68_2123,6333.761595986753
00bbac68_2124,6341.293170552655
00bbac68_2125,6314.2148307583675
00bbac68_2126,6312.7596483281695
00bbac68_2127,6325.213391560467
00bbac68_2128,6319.175247329707
00bbac68_2129,6321.810624005438
00bbac68_2130,6314.962253130018
00bbac68_2131,6309.863570292232
00bbac68_2132,6309.994456297226
00bbac68_2133,6321.223404228242
00bbac68_2134,6321.386930005475
00bbac68_2135,6321.261882917399
00bbac68_2136,6321.00768645315
00bbac68_2137,6317.964006430307
00bbac68_2138,6317.557114332649
00bbac68_2139,6314.523059152816
00bbac68_2140,6317.057036884774
00bbac68_2141,6327.151390391747
00bbac68_2142,6304.588722840659
00bbac68_2143,6308.928748319996
00bbac68_2144,6318.420301910801
00bbac68_2145,6310.940842052631
00bbac68_2146,6313.786904366686
00bbac68_2147,6309.605370792517
00bbac68_2148,6310.392998575356
00bbac68_2149,6309.586575933992
00bbac68_2150,6320.169671079563
00bbac68_2151,6330.780593127826
00bbac68_2152,6316.9893203557385
00bbac68_2153,6323.365880755732
00bbac68_2154,6318.499480319023
00bbac68_2155,6316.282909062176
00bbac68_2156,6318.51437895826
00bbac68_2157,6312.981406615999
00bbac68_2158,6318.460681776917
00bbac68_2159,6316.631563764236
00bbac68_2160,6329.627726967113
00bbac68_2161,6339.482135226216
00bbac68_2162,6324.523654579315
00bbac68_2163,6328.802971382846
00bbac68_2164,6322.435282826787
00bbac68_2165,6328.6667332466905
00bbac68_2166,6317.59711902692
00bbac68_2167,6309.405293535736
00bbac68_2168,6325.190974601159
00bbac68_2169,6330.407077599296
00bbac68_2170,6319.381088168173
00bbac68_2171,6330.597502367928
00bbac68_2172,6337.082574293629
00bbac68_2173,6326.104444049967
00bbac68_2174,6339.613786417346
00bbac68_2175,6337.002747107665
00bbac68_2176,6319.880576483266
00bbac68_2177,6323.326359773148
00bbac68_2178,6338.2702791958845
00bbac68_2179,6318.760782756426
00bbac68_2180,6340.9725868207925
00bbac68_2181,6327.788465231247
00bbac68_2182,6333.57532448603
00bbac68_2183,6339.254329582698
00bbac68_2184,6328.935232172018
00bbac68_2185,6333.166854914724
00bbac68_2186,6339.174236308611
00bbac68_2187,6330.568975462757
00bbac68_2188,6332.813298014438
00bbac68_2189,6328.668625448423
00bbac68_2190,6329.401968710713
00bbac68_2191,6339.181056343458
00bbac68_2192,6332.264203333674
00bbac68_2193,6329.73329425834
00bbac68_2194,6345.578968542456
00bbac68_2195,6333.036650078324
00bbac68_2196,6338.763747370532
00bbac68_2197,6339.234645446292
00bbac68_2198,6339.482101220699
00bbac68_2199,6317.185053784448
00bbac68_2200,6343.822290781695
00bbac68_2201,6332.672396034371
00bbac68_2202,6330.17894448949
00bbac68_2203,6342.210622908062
00bbac68_2204,6335.578105155782
00bbac68_2205,6332.07012302093
00bbac68_2206,6325.323548122343
00bbac68_2207,6328.074064371148
00bbac68_2208,6337.04437680203
00bbac68_2209,6336.240707064004
00bbac68_2210,6337.0082536642185
00bbac68_2211,6327.571824822905
00bbac68_2212,6340.230190923838
00bbac68_2213,6330.717805593326
00bbac68_2214,6340.233144931388
00bbac68_2215,6338.230412704425
00bbac68_2216,6334.638616891638
00bbac68_2217,6344.875004141654
00bbac68_2218,6332.726270298648
00bbac68_2219,6346.853973238477
00bbac68_2220,6339.661538430914
00bbac68_2221,6343.937270377679
00bbac68_2222,6340.937440646556
00bbac68_2223,6338.197002616909
00bbac68_2224,6329.279806108073
00bbac68_2225,6331.672278176969
00bbac68_2226,6326.517156770675
00bbac68_2227,6319.404188763792
00bbac68_2228,6345.6239062955965
00bbac68_2229,6336.862154896723
00bbac68_2230,6340.201570717652
00bbac68_2231,6331.909918319332
00bbac68_2232,6323.96772406136
00bbac68_2233,6338.107677298565
00bbac68_2234,6332.931585556486
00bbac68_2235,6329.260889454002
00bbac68_2236,6323.0992852061145
00bbac68_2237,6331.936143994554
00bbac68_2238,6337.903844174055
00bbac68_2239,6334.673797518107
00bbac68_2240,6322.77624638686
00bbac68_2241,6330.984639814144
00bbac68_2242,6330.2627527446675
00bbac68_2243,6324.43839635675
00bbac68_2244,6330.98562681459
00bbac68_2245,6327.352802880393
00bbac68_2246,6331.993304069357
00bbac68_2247,6321.221562124372
00bbac68_2248,6323.460058389507
00bbac68_2249,6319.417410144336
00bbac68_2250,6330.997157837302
00bbac68_2251,6332.5028994888135
00bbac68_2252,6334.32566529533
00bbac68_2253,6321.364053308435
00bbac68_2254,6340.247229137999
00bbac68_2255,6331.257702915936
00bbac68_2256,6330.164493836564
00bbac68_2257,6334.642462977087
00bbac68_2258,6331.636041366436
00bbac68_2259,6313.793621079138
00bbac68_2260,6336.639929415203
00bbac68_2261,6336.15774334419
00bbac68_2262,6321.990452854643
00bbac68_2263,6320.524432399548
00bbac68_2264,6342.310948264884
00bbac68_2265,6326.985640942814
00bbac68_2266,6319.310261800023
00bbac68_2267,6340.321751253071
00bbac68_2268,6328.131085680836
00bbac68_2269,6323.680102274342
00bbac68_2270,6322.623216016229
00bbac68_2271,6330.009525176992
00bbac68_2272,6340.911500792427
00bbac68_2273,6327.0129881909525
00bbac68_2274,6341.950635767644
00bbac68_2275,6335.653837932343
00bbac68_2276,6333.948367799398
00bbac68_2277,6334.390151615976
00bbac68_2278,6338.78860783025
00bbac68_2279,6315.747849469528
00bbac68_2280,6335.533261573806
00bbac68_2281,6327.267957109931
00bbac68_2282,6334.764005951707
00bbac68_2283,6334.152379032156
00bbac68_2284,6343.913002099478
00bbac68_2285,6346.704301187327
00bbac68_2286,6347.1140924714555
00bbac68_2287,6344.436695020825
00bbac68_2288,6352.023153807277
00bbac68_2289,6345.217153367206
00bbac68_2290,6346.354201490581
00bbac68_2291,6348.7822901771315
00bbac68_2292,6354.181709002067
00bbac68_2293,6352.2925143656375
00bbac68_2294,6355.413436357429
00bbac68_2295,6338.511807056972
00bbac68_2296,6337.180723009476
00bbac68_2297,6341.411431945002
00bbac68_2298,6342.029159239927
00bbac68_2299,6336.805293332906
00bbac68_2300,6355.904647044336
00bbac68_2301,6354.342049859493
00bbac68_2302,6355.418213117037
00bbac68_2303,6349.597669115951
00bbac68_2304,6356.049609488629
00bbac68_2305,6367.225695570319
00bbac68_2306,6345.752794073545
00bbac68_2307,6351.985900325809
00bbac68_2308,6331.9459272079675
00bbac68_2309,6347.132469472728
00bbac68_2310,6353.1451690458225
00bbac68_2311,6347.710940432564
00bbac68_2312,6350.13439604636
00bbac68_2313,6348.8713948862505
00bbac68_2314,6339.886617840235
00bbac68_2315,6336.975709807229
00bbac68_2316,6334.693318027116
00bbac68_2317,6340.827331619927
00bbac68_2318,6328.7086085503
00bbac68_2319,6345.600273734436
00bbac68_2320,6348.87016055381
00bbac68_2321,6345.550874805171
00bbac68_2322,6349.071010580683
00bbac68_2323,6337.385980075957
00bbac68_2324,6354.082375562812
00bbac68_2325,6353.537202286968
00bbac68_2326,6343.666090750216
00bbac68_2327,6353.400852332084
00bbac68_2328,6337.245393960423
00bbac68_2329,6341.410882991156
00bbac68_2330,6359.66997418299
00bbac68_2331,6346.7297901053735
00bbac68_2332,6350.193449453661
00bbac68_2333,6355.102143528919
00bbac68_2334,6356.702570409175
00bbac68_2335,6342.47594923535
00bbac68_2336,6358.127873458854
00bbac68_2337,6351.557087004577
00bbac68_2338,6356.723312386513
00bbac68_2339,6359.387075478654
00bbac68_2340,6364.807509456186
00bbac68_2341,6338.391908064728
00bbac68_2342,6358.056848841791
00bbac68_2343,6364.188422125232
00bbac68_2344,6343.616549821571
00bbac68_2345,6358.302915861962
00bbac68_2346,6362.179907625287
00bbac68_2347,6354.527953287446
00bbac68_2348,6367.086780265439
00bbac68_2349,6350.7642697615765
00bbac68_2350,6356.785140230793
00bbac68_2351,6368.055087159794
00bbac68_2352,6357.772446391083
00bbac68_2353,6345.101012762555
00bbac68_2354,6354.165683103609
00bbac68_2355,6355.7355062085235
00bbac68_2356,6366.736350873812
00bbac68_2357,6359.572817327667
00bbac68_2358,6361.87722730558
00bbac68_2359,6342.165262804701
00bbac68_2360,6348.0691777897155
00bbac68_2361,6348.456246128222
00bbac68_2362,6362.947541480678
00bbac68_2363,6361.80083923133
00bbac68_2364,6359.6852015080385
00bbac68_2365,6344.312263039422
00bbac68_2366,6347.655599113683
00bbac68_2367,6362.82395185284
00bbac68_2368,6351.520855158476
00bbac68_2369,6356.711208459239
00bbac68_2370,6364.840043966105
00bbac68_2371,6352.307541404669
00bbac68_2372,6366.474523286773
00bbac68_2373,6360.220763752358
00bbac68_2374,6347.563115136567
00bbac68_2375,6345.983379008402
00bbac68_2376,6363.699437740943
00bbac68_2377,6342.783075354289
00bbac68_2378,6353.221958866781
00bbac68_2379,6347.117319817228
00bbac68_2380,6351.184953200927
00bbac68_2381,6347.909366613387
00bbac68_2382,6367.483227595012
00bbac68_2383,6366.043695748986
00bbac68_2384,6363.277606238704
00bbac68_2385,6365.131034959543
00bbac68_2386,6362.860251551851
00bbac68_2387,6366.903727762958
00bbac68_2388,6362.012136286954
00bbac68_2389,6364.87076433616
00bbac68_2390,6364.699144388096
00bbac68_2391,6361.321681254162
00bbac68_2392,6358.010006960547
00bbac68_2393,6355.8835939045475
00bbac68_2394,6359.74970708074
00bbac68_2395,6354.332016143382
00bbac68_2396,6357.330886207634
00bbac68_2397,6355.543012999223
00bbac68_2398,6354.521727431385
00bbac68_2399,6351.260791323073
00bbac68_2400,6365.696341527468
00bbac68_2401,6350.820292570101
00bbac68_2402,6348.538637650401
00bbac68_2403,6345.795704521401
00bbac68_2404,6358.586388499301
00bbac68_2405,6337.608270811298
00bbac68_2406,6356.676620924722
00bbac68_2407,6347.376755440073
00bbac68_2408,6344.7616981295305
00bbac68_2409,6357.896349630374
00bbac68_2410,6350.506668886406
00bbac68_2411,6339.328085801193
00bbac68_2412,6354.789566124807
00bbac68_2413,6339.000360732406
00bbac68_2414,6334.948334792188
00bbac68_2415,6352.352645281551
00bbac68_2416,6350.796433688787
00bbac68_2417,6345.96172005132
00bbac68_2418,6334.310658336436
00bbac68_2419,6347.4772488964345
00bbac68_2420,6349.115897258729
00bbac68_2421,6353.809518108326
00bbac68_2422,6350.179372454543
00bbac68_2423,6355.30953264561
00bbac68_2424,6331.54399129465
00bbac68_2425,6344.066954634727
00bbac68_2426,6354.691915881274
00bbac68_2427,6335.820345375349
00bbac68_2428,6351.382457827462
00bbac68_2429,6354.620111999364
00bbac68_2430,6353.46829584028
00bbac68_2431,6352.045442652254
00bbac68_2432,6351.007996812751
00bbac68_2433,6356.418322548578
00bbac68_2434,6345.290493519009
00bbac68_2435,6346.6966137820755
00bbac68_2436,6336.164182764652
00bbac68_2437,6360.325612966497
00bbac68_2438,6357.955453410114
00bbac68_2439,6352.722406055049
00bbac68_2440,6355.81877104671
00bbac68_2441,6359.335912643004
00bbac68_2442,6362.484274301848
00bbac68_2443,6363.402482302612
00bbac68_2444,6361.88320415558
00bbac68_2445,6339.551764189151
00bbac68_2446,6350.202987589586
00bbac68_2447,6358.495452977037
00bbac68_2448,6353.0378332870905
00bbac68_2449,6339.636040264631
00bbac68_2450,6363.455482135543
00bbac68_2451,6348.805458680453
00bbac68_2452,6356.818785493386
00bbac68_2453,6345.107860560399
00bbac68_2454,6350.796333832921
00bbac68_2455,6354.788078429151
00bbac68_2456,6351.321178331729
00bbac68_2457,6353.971751849916
00bbac68_2458,6340.176140213876
00bbac68_2459,6346.602893027164
00bbac68_2460,6341.750171979981
00bbac68_2461,6348.138264910493
00bbac68_2462,6345.197853838705
00bbac68_2463,6359.143239987067
00bbac68_2464,6361.39668439935
00bbac68_2465,6358.6346599198
00bbac68_2466,6360.80239521001
00bbac68_2467,6361.08376786905
00bbac68_2468,6363.713910123606
00bbac68_2469,6361.800632610603
00bbac68_2470,6362.647739789488
00bbac68_2471,6363.083181917013
00bbac68_2472,6363.500954623722
00bbac68_2473,6356.491528642733
00bbac68_2474,6363.874187321937
00bbac68_2475,6345.230448090514
00bbac68_2476,6345.249754865301
00bbac68_2477,6347.045083907753
00bbac68_2478,6345.24569435134
00bbac68_2479,6343.884524114766
00bbac68_2480,6359.293954925589
00bbac68_2481,6357.632611070268
00bbac68_2482,6361.587327206569
00bbac68_2483,6356.4636404356515
00bbac68_2484,6357.947659269513
00bbac68_2485,6354.506945512291
00bbac68_2486,6354.380493814369
00bbac68_2487,6368.4507989358435
00bbac68_2488,6335.621765096604
00bbac68_2489,6339.758511416372
00bbac68_2490,6340.403228679715
00bbac68_2491,6340.971675472581
00bbac68_2492,6336.68685538387
00bbac68_2493,6361.058285775861
00bbac68_2494,6331.16076389234
00bbac68_2495,6343.400715679247
00bbac68_2496,6334.524179901447
00bbac68_2497,6338.403735935098
00bbac68_2498,6346.207536746282
00bbac68_2499,6332.223369784343
00bbac68_2500,6338.154264400208
00bbac68_2501,6339.566210308651
00bbac68_2502,6340.218009482984
00bbac68_2503,6320.548512011139
00bbac68_2504,6345.177179277918
00bbac68_2505,6335.111614761011
00bbac68_2506,6339.53230319213
00bbac68_2507,6335.499475317496
00bbac68_2508,6338.153539247375
00bbac68_2509,6320.179531685933
00bbac68_2510,6340.656105201705
00bbac68_2511,6331.723211700891
00bbac68_2512,6326.55724030797
00bbac68_2513,6346.039447924807
00bbac68_2514,6331.509368750677
00bbac68_2515,6338.643274418004
00bbac68_2516,6341.571169467845
00bbac68_2517,6346.017091920607
00bbac68_2518,6327.239158014332
00bbac68_2519,6340.789795603882
00bbac68_2520,6350.66375388615
00bbac68_2521,6328.826481454317
00bbac68_2522,6353.359270751359
00bbac68_2523,6349.669052836507
00bbac68_2524,6333.664699801877
00bbac68_2525,6346.9546339888075
00bbac68_2526,6346.006617082223
00bbac68_2527,6337.927894497224
00bbac68_2528,6346.995744733368
00bbac68_2529,6334.170739402992
00bbac68_2530,6336.294046548737
00bbac68_2531,6352.524038049468
00bbac68_2532,6346.635307622954
00bbac68_2533,6343.234706327754
00bbac68_2534,6335.462468855842
00bbac68_2535,6346.5760058519345
00bbac68_2536,6352.3494942253
00bbac68_2537,6353.517027143345
00bbac68_2538,6350.6240852110905
00bbac68_2539,6343.078406782707
00bbac68_2540,6345.992977684991
00bbac68_2541,6350.579715885491
00bbac68_2542,6333.860748413364
00bbac68_2543,6356.39156316265
00bbac68_2544,6353.730754933241
00bbac68_2545,6343.596019389792
00bbac68_2546,6351.3151835062945
00bbac68_2547,6351.598086031503
00bbac68_2548,6337.65347074817
00bbac68_2549,6340.400322351295
00bbac68_2550,6337.430422597192
00bbac68_2551,6339.696622703618
00bbac68_2552,6340.207676016913
00bbac68_2553,6337.089563764455
00bbac68_2554,6339.002063556093
00bbac68_2555,6338.381485199795
00bbac68_2556,6339.2968999056075
00bbac68_2557,6336.6774044572785
00bbac68_2558,6332.887734227041
00bbac68_2559,6330.263393440728
00bbac68_2560,6331.991652397344
00bbac68_2561,6329.689669614605
00bbac68_2562,6320.678540098653
00bbac68_2563,6337.188592299202
00bbac68_2564,6332.647006249687
00bbac68_2565,6340.7376678616765
00bbac68_2566,6345.235667727657
00bbac68_2567,6344.380450026404
00bbac68_2568,6334.750179355904
00bbac68_2569,6338.783895081884
00bbac68_2570,6349.677709048474
00bbac68_2571,6337.674086410531
00bbac68_2572,6326.253324072431
00bbac68_2573,6348.360255678542
00bbac68_2574,6335.837496602603
00bbac68_2575,6339.270742159867
00bbac68_2576,6342.137474037025
00bbac68_2577,6339.560028557928
00bbac68_2578,6318.0303296001275
00bbac68_2579,6343.021361428768
00bbac68_2580,6339.549611218218
00bbac68_2581,6329.072079385303
00bbac68_2582,6337.7613645286165
00bbac68_2583,6336.66834680378
00bbac68_2584,6339.901152050716
00bbac68_2585,6329.480806360226
00bbac68_2586,6327.340573225585
00bbac68_2587,6330.041026135582
00bbac68_2588,6334.8684697942235
00bbac68_2589,6334.009880563816
00bbac68_2590,6346.707464885983
00bbac68_2591,6347.553867492597
00bbac68_2592,6348.383726203609
00bbac68_2593,6349.007276740062
00bbac68_2594,6350.815852520392
00bbac68_2595,6352.205128365235
00bbac68_2596,6353.095537636765
00bbac68_2597,6353.41495555883
00bbac68_2598,6354.272153009995
00bbac68_2599,6355.397674850194
00bbac68_2600,6350.408807371796
00bbac68_2601,6345.300299991047
00bbac68_2602,6343.4338326652305
00bbac68_2603,6344.233628233833
00bbac68_2604,6344.466244180481
00bbac68_2605,6343.549974394937
00bbac68_2606,6340.478798700979
00bbac68_2607,6342.553162739902
00bbac68_2608,6342.899167055213
00bbac68_2609,6343.2368987610735
00bbac68_2610,6342.49900432684
00bbac68_2611,6341.425706694104
00bbac68_2612,6336.3741329268205
00bbac68_2613,6339.983134728784
00bbac68_2614,6341.14395618975
00bbac68_2615,6341.155373782797
00bbac68_2616,6350.7813957176595
00bbac68_2617,6325.100740253845
00bbac68_2618,6330.212191621851
00bbac68_2619,6341.410414611246
00bbac68_2620,6329.074320732648
00bbac68_2621,6343.2881902861145
00bbac68_2622,6330.37851341075
00bbac68_2623,6330.286756508583
00bbac68_2624,6343.590524066127
00bbac68_2625,6337.612388342795
00bbac68_2626,6317.801527081824
00bbac68_2627,6329.388926986826
00bbac68_2628,6333.992342412446
00bbac68_2629,6318.587115389379
00bbac68_2630,6327.320953289304
00bbac68_2631,6327.568205378209
00bbac68_2632,6332.40798142367
00bbac68_2633,6323.2111413869
00bbac68_2634,6324.613079785075
00bbac68_2635,6321.752598728198
00bbac68_2636,6332.776703867611
00bbac68_2637,6333.844734760208
00bbac68_2638,6322.81910108953
00bbac68_2639,6333.3506495900665
00bbac68_2640,6332.370661062748
00bbac68_2641,6334.879131707948
00bbac68_2642,6339.173976257771
00bbac68_2643,6340.744539251256
00bbac68_2644,6327.139525207793
00bbac68_2645,6330.8064750038475
00bbac68_2646,6323.317728183753
00bbac68_2647,6349.101523624424
00bbac68_2648,6332.562287347757
00bbac68_2649,6332.59736851532
00bbac68_2650,6341.883581615889
00bbac68_2651,6345.100969187073
00bbac68_2652,6348.574828523803
00bbac68_2653,6350.777502409249
00bbac68_2654,6343.444285710932
00bbac68_2655,6336.782200647646
00bbac68_2656,6342.993059233675
00bbac68_2657,6337.146439916799
00bbac68_2658,6345.154394297222
00bbac68_2659,6342.9690681228285
00bbac68_2660,6352.708109843088
00bbac68_2661,6355.885312032981
00bbac68_2662,6356.173503953601
00bbac68_2663,6357.478939505667
00bbac68_2664,6358.586129389295
00bbac68_2665,6353.254963450799
00bbac68_2666,6356.439462950982
00bbac68_2667,6357.384602526462
00bbac68_2668,6358.95747095893
00bbac68_2669,6358.811841169644
00bbac68_2670,6352.730295768928
00bbac68_2671,6352.4554546378
00bbac68_2672,6362.804491388732
00bbac68_2673,6338.084198872092
00bbac68_2674,6343.712556507801
00bbac68_2675,6344.368830991623
00bbac68_2676,6345.303290726847
00bbac68_2677,6342.826723678767
00bbac68_2678,6355.66991002148
00bbac68_2679,6355.257129743837
00bbac68_2680,6355.539936943517
00bbac68_2681,6356.2450999847215
00bbac68_2682,6355.208441623337
00bbac68_2683,6354.471569071028
00bbac68_2684,6354.563043468908
00bbac68_2685,6360.637503594677
00bbac68_2686,6335.410245612717
00bbac68_2687,6336.464445256928
00bbac68_2688,6346.021190774141
00bbac68_2689,6336.59060211257
00bbac68_2690,6340.350504952202
00bbac68_2691,6342.6731586035385
00bbac68_2692,6332.896479405083
00bbac68_2693,6345.335209032246
00bbac68_2694,6341.567442345731
00bbac68_2695,6337.190323059871
00bbac68_2696,6329.904962661459
00bbac68_2697,6327.676511721193
00bbac68_2698,6336.746151417413
00bbac68_2699,6325.918854866871
00bbac68_2700,6334.546415323472
00bbac68_2701,6343.599368605635
00bbac68_2702,6330.7276199575235
00bbac68_2703,6334.2275786674445
00bbac68_2704,6335.618548047083
00bbac68_2705,6335.61077349289
00bbac68_2706,6331.9514245813225
00bbac68_2707,6330.928494293053
00bbac68_2708,6339.067063286017
00bbac68_2709,6331.465188140753
00bbac68_2710,6332.255617740608
00bbac68_2711,6331.5793728198905
00bbac68_2712,6324.109906179137
00bbac68_2713,6332.315246836739
00bbac68_2714,6344.730965145642
00bbac68_2715,6329.982530933083
00bbac68_2716,6334.791560475476
00bbac68_2717,6343.290856539696
00bbac68_2718,6335.278116951071
00bbac68_2719,6337.375434890928
00bbac68_2720,6344.3111304525
00bbac68_2721,6343.2962297739405
00bbac68_2722,6329.940063026927
00bbac68_2723,6348.441537340887
00bbac68_2724,6339.644497784623
00bbac68_2725,6333.462497284796
00bbac68_2726,6333.836993004838
00bbac68_2727,6350.546143823684
00bbac68_2728,6339.1683546072
00bbac68_2729,6343.047556226738
00bbac68_2730,6330.207806380909
00bbac68_2731,6335.914518905975
00bbac68_2732,6345.218489185184
00bbac68_2733,6333.375897383527
00bbac68_2734,6338.676448156361
00bbac68_2735,6352.0095022962605
00bbac68_2736,6336.503461599456
00bbac68_2737,6343.161283940716
00bbac68_2738,6348.972980893168
00bbac68_2739,6349.854371109867
00bbac68_2740,6333.008424294941
00bbac68_2741,6352.988206248569
00bbac68_2742,6342.6590657328
00bbac68_2743,6336.821160233212
00bbac68_2744,6344.118204187762
00bbac68_2745,6335.447332887243
00bbac68_2746,6331.5737652543585
00bbac68_2747,6352.6095948631655
00bbac68_2748,6343.620624785362
00bbac68_2749,6341.994657426875
00bbac68_2750,6338.500579761875
00bbac68_2751,6339.21430968765
00bbac68_2752,6324.476858684065
00bbac68_2753,6333.999930620451
00bbac68_2754,6338.5753702997345
00bbac68_2755,6336.338268179876
00bbac68_2756,6336.283427842868
00bbac68_2757,6335.699395490081
00bbac68_2758,6330.260410404658
00bbac68_2759,6335.337011858847
00bbac68_2760,6335.985427785733
00bbac68_2761,6336.465130830824
00bbac68_2762,6327.754300116026
00bbac68_2763,6346.239480273473
00bbac68_2764,6339.055807754111
00bbac68_2765,6328.2423242014065
00bbac68_2766,6340.204824758547
00bbac68_2767,6338.880970433936
00bbac68_2768,6341.337869459792
00bbac68_2769,6343.978219966951
00bbac68_2770,6330.825610878672
00bbac68_2771,6335.959279737803
00bbac68_2772,6339.777788459613
00bbac68_2773,6326.509752077268
00bbac68_2774,6337.982915538638
00bbac68_2775,6346.250623695645
00bbac68_2776,6333.830874805967
00bbac68_2777,6339.652050255028
00bbac68_2778,6345.095860096654
00bbac68_2779,6346.4517180004505
00bbac68_2780,6331.115405845341
00bbac68_2781,6349.218177533464
00bbac68_2782,6340.358840631165
00bbac68_2783,6336.638192301441
00bbac68_2784,6333.815123637124
00bbac68_2785,6351.797803214165
00bbac68_2786,6343.847205902714
00bbac68_2787,6340.296290673168
00bbac68_2788,6342.84036398926
00bbac68_2789,6347.3501927412035
00bbac68_2790,6334.414384993831
00bbac68_2791,6324.567745325377
00bbac68_2792,6339.544506510714
00bbac68_2793,6342.474882798152
00bbac68_2794,6340.102478916575
00bbac68_2795,6334.045989361288
00bbac68_2796,6349.886777232207
00bbac68_2797,6340.832267558343
00bbac68_2798,6348.009336521979
00bbac68_2799,6347.759729804726
00bbac68_2800,6335.424693372111
00bbac68_2801,6340.500239775878
00bbac68_2802,6343.853197148767
00bbac68_2803,6343.780192323061
00bbac68_2804,6342.394045799725
00bbac68_2805,6340.740535947378
00bbac68_2806,6348.327414669831
00bbac68_2807,6336.997704569151
00bbac68_2808,6325.120346109003
00bbac68_2809,6343.31306663222
00bbac68_2810,6350.2136531290325
00bbac68_2811,6336.689054895559
00bbac68_2812,6345.322455158052
00bbac68_2813,6354.065677219067
00bbac68_2814,6344.181217467624
00bbac68_2815,6359.261324880634
00bbac68_2816,6360.298865853497
00bbac68_2817,6337.98594237219
00bbac68_2818,6355.021111333563
00bbac68_2819,6348.871229979258
00bbac68_2820,6357.378451932591
00bbac68_2821,6352.263711497879
00bbac68_2822,6344.979119773066
00bbac68_2823,6359.070105585683
00bbac68_2824,6345.1175833832785
00bbac68_2825,6340.209926209634
00bbac68_2826,6362.263219464332
00bbac68_2827,6343.283029261764
00bbac68_2828,6348.858889753922
00bbac68_2829,6342.792407397419
00bbac68_2830,6346.801222649832
00bbac68_2831,6356.422152300223
00bbac68_2832,6350.832597551221
00bbac68_2833,6355.961548322856
00bbac68_2834,6348.935634920144
00bbac68_2835,6354.3811252008345
00bbac68_2836,6340.35118378494
00bbac68_2837,6335.274465236212
00bbac68_2838,6344.520637271058
00bbac68_2839,6353.794643094872
00bbac68_2840,6339.062317627505
00bbac68_2841,6348.396681290381
00bbac68_2842,6346.8489414705955
00bbac68_2843,6354.520571207276
00bbac68_2844,6356.7075193989185
00bbac68_2845,6345.888213490169
00bbac68_2846,6359.578792733877
00bbac68_2847,6340.759101499333
00bbac68_2848,6340.2530086891475
00bbac68_2849,6360.554229768952
00bbac68_2850,6360.063768898195
00bbac68_2851,6337.767462347292
00bbac68_2852,6350.20295963835
00bbac68_2853,6357.937013206817
00bbac68_2854,6352.894949711408
00bbac68_2855,6350.911564222737
00bbac68_2856,6347.112406820639
00bbac68_2857,6355.106173403853
00bbac68_2858,6346.983051377886
00bbac68_2859,6331.110972199456
00bbac68_2860,6348.72210689904
00bbac68_2861,6351.195969705244
00bbac68_2862,6340.236531366866
00bbac68_2863,6353.161118858083
00bbac68_2864,6353.434409398128
00bbac68_2865,6344.825370399674
00bbac68_2866,6349.27907283655
00bbac68_2867,6352.905955366281
00bbac68_2868,6347.7899997554405
00bbac68_2869,6349.389686879103
00bbac68_2870,6351.734486542457
00bbac68_2871,6354.743567496333
00bbac68_2872,6348.818421973203
00bbac68_2873,6352.90949329204
00bbac68_2874,6352.054380807379
00bbac68_2875,6343.677413574369
00bbac68_2876,6334.232732372319
00bbac68_2877,6354.244012287655
00bbac68_2878,6355.853179134453
00bbac68_2879,6343.325270629151
00bbac68_2880,6342.491495966398
00bbac68_2881,6355.280777310513
00bbac68_2882,6337.427155683777
00bbac68_2883,6361.467654913336
00bbac68_2884,6352.546589574768
00bbac68_2885,6338.417024325584
00bbac68_2886,6353.19428611929
00bbac68_2887,6349.420335010673
00bbac68_2888,6350.540211052924
00bbac68_2889,6355.653531933486
00bbac68_2890,6353.40073561733
00bbac68_2891,6343.3909735023135
00bbac68_2892,6329.99720647662
00bbac68_2893,6345.941494349516
00bbac68_2894,6352.562155010549
00bbac68_2895,6351.546620965094
00bbac68_2896,6337.843047991161
00bbac68_2897,6355.93654627894
00bbac68_2898,6348.739531703015
00bbac68_2899,6343.956862492189
00bbac68_2900,6352.970320288215
00bbac68_2901,6348.109828676887
00bbac68_2902,6353.421282259458
00bbac68_2903,6354.45637338229
00bbac68_2904,6354.57170470804
00bbac68_2905,6343.635045478032
00bbac68_2906,6343.717988567454
00bbac68_2907,6340.187390159522
00bbac68_2908,6345.0012315558815
00bbac68_2909,6343.017479662798
00bbac68_2910,6342.54705771582
00bbac68_2911,6341.407195142626
00bbac68_2912,6339.099590843502
00bbac68_2913,6340.660163598919
00bbac68_2914,6339.922332626426
00bbac68_2915,6335.68858902917
00bbac68_2916,6332.092311679939
00bbac68_2917,6317.054193356791
00bbac68_2918,6342.319030774001
00bbac68_2919,6347.349570066639
00bbac68_2920,6331.493805806424
00bbac68_2921,6342.21453592075
00bbac68_2922,6351.247048561512
00bbac68_2923,6351.742740745006
00bbac68_2924,6342.074683805816
00bbac68_2925,6334.418973699582
00bbac68_2926,6350.406701478887
00bbac68_2927,6349.662131082429
00bbac68_2928,6339.905462140665
00bbac68_2929,6337.676440566162
00bbac68_2930,6347.6049572585125
00bbac68_2931,6345.43204400597
00bbac68_2932,6345.4435478117
00bbac68_2933,6357.626236438707
00bbac68_2934,6358.0314482446565
00bbac68_2935,6356.780616896464
00bbac68_2936,6359.456751386722
00bbac68_2937,6360.3053054409875
00bbac68_2938,6361.900316714836
00bbac68_2939,6371.054495307252
00bbac68_2940,6345.125083847159
00bbac68_2941,6350.87124990745
00bbac68_2942,6351.454854879972
00bbac68_2943,6350.592378541091
00bbac68_2944,6352.613093161555
00bbac68_2945,6362.819315918354
00bbac68_2946,6365.781574391854
00bbac68_2947,6365.9099391439895
00bbac68_2948,6360.84510312955
00bbac68_2949,6357.812005401058
00bbac68_2950,6360.20534416648
00bbac68_2951,6359.763097456063
00bbac68_2952,6367.17044253375
00bbac68_2953,6342.555586221408
00bbac68_2954,6343.15767096543
00bbac68_2955,6344.149326679657
00bbac68_2956,6342.980770108494
00bbac68_2957,6343.511287109683
00bbac68_2958,6352.224097910167
00bbac68_2959,6352.940495004443
00bbac68_2960,6351.140798499431
00bbac68_2961,6347.154852327391
00bbac68_2962,6347.223786486317
00bbac68_2963,6347.313074311777
00bbac68_2964,6343.7006869449715
00bbac68_2965,6343.050110614588
00bbac68_2966,6342.5745547728275
00bbac68_2967,6336.767763398977
00bbac68_2968,6337.994341302677
00bbac68_2969,6336.0585896980365
00bbac68_2970,6344.70518405109
00bbac68_2971,6336.79835328492
00bbac68_2972,6329.997572445654
00bbac68_2973,6342.087377863218
00bbac68_2974,6328.888386771943
00bbac68_2975,6325.134490410637
00bbac68_2976,6335.776771851698
00bbac68_2977,6329.198261485918
00bbac68_2978,6336.935316311017
00bbac68_2979,6323.494685331365
00bbac68_2980,6324.245600118861
00bbac68_2981,6336.359362548691
00bbac68_2982,6328.516002942584
00bbac68_2983,6324.914749893694
00bbac68_2984,6344.543909868109
00bbac68_2985,6335.146059604369
00bbac68_2986,6342.0356459055765
00bbac68_2987,6346.71867503042
00bbac68_2988,6342.139026495973
00bbac68_2989,6326.8501638825455
00bbac68_2990,6347.226489428232
00bbac68_2991,6349.655933215199
00bbac68_2992,6335.891853351915
00bbac68_2993,6348.436545386275
00bbac68_2994,6340.588922666147
00bbac68_2995,6352.5007660270185
00bbac68_2996,6351.010452362874
00bbac68_2997,6341.237019446965
00bbac68_2998,6356.69090392443
00bbac68_2999,6350.908674321029
00bbac68_3000,6356.850121189997
00bbac68_3001,6354.693043859779
00bbac68_3002,6355.50204118784
00bbac68_3003,6347.054168511012
00bbac68_3004,6344.657084912931
00bbac68_3005,6347.692028361937
00bbac68_3006,6350.6719997064165
00bbac68_3007,6345.411153306444
00bbac68_3008,6348.410305312324
00bbac68_3009,6350.956921327577
00bbac68_3010,6345.20335204911
00bbac68_3011,6347.616705407151
00bbac68_3012,6348.0251175466165
00bbac68_3013,6338.487531038153
00bbac68_3014,6337.4837312020145
00bbac68_3015,6324.549655824399
00bbac68_3016,6352.484114460644
00bbac68_3017,6343.99448753344
00bbac68_3018,6359.375620107055
00bbac68_3019,6359.1823962675635
00bbac68_3020,6342.358927711002
00bbac68_3021,6362.788533885886
00bbac68_3022,6348.93991491465
00bbac68_3023,6341.107400303892
00bbac68_3024,6344.523279330661
00bbac68_3025,6348.271291732025
00bbac68_3026,6352.622024133859
00bbac68_3027,6347.865052981718
00bbac68_3028,6370.166748829169
00bbac68_3029,6358.108480837785
00bbac68_3030,6356.746092525255
00bbac68_3031,6353.250487167286
00bbac68_3032,6345.734073450166
00bbac68_3033,6348.538120609973
00bbac68_3034,6344.5541703901545
00bbac68_3035,6364.222289518048
00bbac68_3036,6349.114326544777
00bbac68_3037,6360.489741030688
00bbac68_3038,6350.706011900962
00bbac68_3039,6357.117683132019
00bbac68_3040,6361.444829080277
00bbac68_3041,6363.325653754713
00bbac68_3042,6339.748465935422
00bbac68_3043,6354.625179871239
00bbac68_3044,6350.363077788307
00bbac68_3045,6355.633392147748
00bbac68_3046,6357.596321760958
00bbac68_3047,6349.703416351663
00bbac68_3048,6362.932915425086
00bbac68_3049,6361.921242334083
00bbac68_3050,6345.0196969711005
00bbac68_3051,6358.596803123853
00bbac68_3052,6348.154809115157
00bbac68_3053,6358.448521151073
00bbac68_3054,6343.8960886446885
00bbac68_3055,6354.25315683086
00bbac68_3056,6363.90939785614
00bbac68_3057,6350.525261200086
00bbac68_3058,6364.006229860544
00bbac68_3059,6344.746357396801
00bbac68_3060,6360.470034058238
00bbac68_3061,6347.002494410012
00bbac68_3062,6346.950207567114
00bbac68_3063,6341.114857197438
00bbac68_3064,6344.182781196241
00bbac68_3065,6338.368118907818
00bbac68_3066,6359.882724501354
00bbac68_3067,6355.258761336248
00bbac68_3068,6356.465177411402
00bbac68_3069,6334.042848138343
00bbac68_3070,6341.618804996416
00bbac68_3071,6348.536635786894
00bbac68_3072,6346.180864670708
00bbac68_3073,6345.497165656301
00bbac68_3074,6345.553297938234
00bbac68_3075,6356.415825976112
00bbac68_3076,6346.451225177789
00bbac68_3077,6345.8185306686555
00bbac68_3078,6346.074787958405
00bbac68_3079,6337.397896781342
00bbac68_3080,6348.1334590027855
00bbac68_3081,6345.318562642467
00bbac68_3082,6346.46727604707
00bbac68_3083,6352.568722395152
00bbac68_3084,6342.016127930015
00bbac68_3085,6346.561184793828
00bbac68_3086,6356.01304204175
00bbac68_3087,6345.892904855747
00bbac68_3088,6348.502026000693
00bbac68_3089,6353.933892953868
00bbac68_3090,6345.573334176542
00bbac68_3091,6357.618187893246
00bbac68_3092,6345.4471796785265
00bbac68_3093,6350.001554529557
00bbac68_3094,6358.5467305931315
00bbac68_3095,6359.656422196409
00bbac68_3096,6350.679223663282
00bbac68_3097,6342.747772541436
00bbac68_3098,6353.3447085432435
00bbac68_3099,6355.866815999687
00bbac68_3100,6356.6754251364555
00bbac68_3101,6344.296402351579
00bbac68_3102,6344.174705923901
00bbac68_3103,6341.41836610037
00bbac68_3104,6357.618699220891
00bbac68_3105,6346.57691970558
00bbac68_3106,6353.956674720572
00bbac68_3107,6343.095526394145
00bbac68_3108,6356.744010454237
00bbac68_3109,6336.995410157726
00bbac68_3110,6348.098888443546
00bbac68_3111,6357.092807204016
00bbac68_3112,6346.214875256902
00bbac68_3113,6342.874326444294
00bbac68_3114,6350.54882375851
00bbac68_3115,6344.622549753594
00bbac68_3116,6356.770843095474
00bbac68_3117,6343.685188570797
00bbac68_3118,6345.802374805268
00bbac68_3119,6351.180458547532
00bbac68_3120,6353.06367896696
00bbac68_3121,6335.97898669172
00bbac68_3122,6343.9930048495835
00bbac68_3123,6350.037932037079
00bbac68_3124,6330.440999020424
00bbac68_3125,6350.554051672387
00bbac68_3126,6338.642368377637
00bbac68_3127,6349.391539113167
00bbac68_3128,6330.069170110122
00bbac68_3129,6340.092328717979
00bbac68_3130,6348.583329005007
00bbac68_3131,6335.699163418169
00bbac68_3132,6341.016629027306
00bbac68_3133,6346.4568437346325
00bbac68_3134,6346.745177304989
00bbac68_3135,6329.304236802274
00bbac68_3136,6349.700282233328
00bbac68_3137,6341.1964376461165
00bbac68_3138,6336.287210866791
00bbac68_3139,6345.772194817428
00bbac68_3140,6331.239851255496
00bbac68_3141,6336.958701465813
00bbac68_3142,6351.075551018292
00bbac68_3143,6337.662861823852
00bbac68_3144,6352.880551369357
00bbac68_3145,6343.809511238689
00bbac68_3146,6329.586248987415
00bbac68_3147,6345.66621494369
00bbac68_3148,6340.339814811685
00bbac68_3149,6335.933724397191
00bbac68_3150,6332.398771082558
00bbac68_3151,6350.760227602806
00bbac68_3152,6328.923794117117
00bbac68_3153,6346.014982353559
00bbac68_3154,6347.348187316599
00bbac68_3155,6329.572809941178
00bbac68_3156,6343.9515150683355
00bbac68_3157,6330.434653839192
00bbac68_3158,6334.427028260528
00bbac68_3159,6348.428122710957
00bbac68_3160,6343.192305324066
00bbac68_3161,6344.35315315184
00bbac68_3162,6342.154922175073
00bbac68_3163,6349.7951694846815
00bbac68_3164,6329.224093640639
00bbac68_3165,6356.22135163914
00bbac68_3166,6340.082382427866
00bbac68_3167,6335.196153345711
00bbac68_3168,6354.392094485558
00bbac68_3169,6343.8618802630945
00bbac68_3170,6355.020302220019
00bbac68_3171,6341.564309587564
00bbac68_3172,6347.792356464425
00bbac68_3173,6352.891344352511
00bbac68_3174,6341.925826760614
00bbac68_3175,6346.15355125215
00bbac68_3176,6353.4032580601715
00bbac68_3177,6354.1839646398475
00bbac68_3178,6348.819755715912
00bbac68_3179,6334.59415293957
00bbac68_3180,6353.85626474881
00bbac68_3181,6343.621206222207
00bbac68_3182,6351.757773943341
00bbac68_3183,6337.735062858563
00bbac68_3184,6348.642505450673
00bbac68_3185,6367.2263750510265
00bbac68_3186,6351.636453072864
00bbac68_3187,6357.147872281674
00bbac68_3188,6361.134792446188
00bbac68_3189,6355.184767069139
00bbac68_3190,6360.5447489237795
00bbac68_3191,6361.160713157847
00bbac68_3192,6355.64398070411
00bbac68_3193,6361.270808845212
00bbac68_3194,6363.00804516178
00bbac68_3195,6334.981694535639
00bbac68_3196,6353.813887452999
00bbac68_3197,6359.078997804359
00bbac68_3198,6346.795545134191
00bbac68_3199,6361.557078147368
00bbac68_3200,6350.778492304561
00bbac68_3201,6355.3083113655375
00bbac68_3202,6361.419838483692
00bbac68_3203,6352.829747693176
00bbac68_3204,6353.8108448966295
00bbac68_3205,6355.032461800454
00bbac68_3206,6360.998790565396
00bbac68_3207,6344.980229092324
00bbac68_3208,6355.725630973804
00bbac68_3209,6367.110578614707
00bbac68_3210,6347.493368736379
00bbac68_3211,6363.461927862812
00bbac68_3212,6352.523488099814
00bbac68_3213,6352.809615768904
00bbac68_3214,6362.817004423594
00bbac68_3215,6357.699534962428
00bbac68_3216,6352.077231898513
00bbac68_3217,6351.027838973505
00bbac68_3218,6364.233834095101
00bbac68_3219,6337.757084113515
00bbac68_3220,6354.420023518487
00bbac68_3221,6358.335296550403
00bbac68_3222,6344.463939810316
00bbac68_3223,6360.478405869574
00bbac68_3224,6358.602163706003
00bbac68_3225,6353.473113860865
00bbac68_3226,6369.2820241482705
00bbac68_3227,6352.670636908089
00bbac68_3228,6356.072760422676
00bbac68_3229,6362.346687898613
00bbac68_3230,6349.344279000226
00bbac68_3231,6350.817818204236
00bbac68_3232,6358.673139476684
00bbac68_3233,6361.659075196266
00bbac68_3234,6342.123310669796
00bbac68_3235,6352.435934819999
00bbac68_3236,6359.978582210076
00bbac68_3237,6352.240774079745
00bbac68_3238,6359.027219834693
00bbac68_3239,6353.30900403479
00bbac68_3240,6349.1669114205915
00bbac68_3241,6363.695276965563
00bbac68_3242,6361.046482359722
00bbac68_3243,6349.993536392526
00bbac68_3244,6357.3901955045285
00bbac68_3245,6352.297106974148
00bbac68_3246,6347.8850841548465
00bbac68_3247,6355.96498319641
00bbac68_3248,6354.01759398734
00bbac68_3249,6359.745585430163
00bbac68_3250,6347.116443232831
00bbac68_3251,6358.676539186459
00bbac68_3252,6359.51115510402
00bbac68_3253,6350.585280410826
00bbac68_3254,6358.159764952936
00bbac68_3255,6345.701175968687
00bbac68_3256,6358.138781980628
00bbac68_3257,6355.460655338028
00bbac68_3258,6356.359042193704
00bbac68_3259,6347.035972787508
00bbac68_3260,6354.101911412717
00bbac68_3261,6349.596185122996
00bbac68_3262,6356.113587572748
00bbac68_3263,6353.008302787066
00bbac68_3264,6352.550739345263
00bbac68_3265,6345.108658691129
00bbac68_3266,6356.02621913689
00bbac68_3267,6360.007352161257
00bbac68_3268,6347.742363789946
00bbac68_3269,6352.570739936092
00bbac68_3270,6341.751334132266
00bbac68_3271,6354.905894047563
00bbac68_3272,6348.73178835996
00bbac68_3273,6352.948556538941
00bbac68_3274,6356.05848244531
00bbac68_3275,6353.138769499652
00bbac68_3276,6333.774976207384
00bbac68_3277,6356.884026606504
00bbac68_3278,6355.577713960759
00bbac68_3279,6354.176082393518
00bbac68_3280,6344.588585609561
00bbac68_3281,6353.308555229565
00bbac68_3282,6350.6788435885765
00bbac68_3283,6343.8154411377045
00bbac68_3284,6350.424877965189
00bbac68_3285,6338.806558056272
00bbac68_3286,6351.8790431899415
00bbac68_3287,6346.354820027212
00bbac68_3288,6348.998523861044
00bbac68_3289,6341.550655158129
00bbac68_3290,6343.161487936909
00bbac68_3291,6349.340776551744
00bbac68_3292,6348.605001918091
00bbac68_3293,6338.531117457806
00bbac68_3294,6355.690899064031
00bbac68_3295,6339.403867625605
00bbac68_3296,6350.3435273914265
00bbac68_3297,6339.22752760981
00bbac68_3298,6356.131749513824
00bbac68_3299,6340.91124631474
00bbac68_3300,6348.9741025767435
00bbac68_3301,6355.971759369537
00bbac68_3302,6355.858279099395
00bbac68_3303,6350.906460411317
00bbac68_3304,6345.548065594031
00bbac68_3305,6343.330173953862
00bbac68_3306,6359.461139051083
00bbac68_3307,6342.152736968515
00bbac68_3308,6343.31691474468
00bbac68_3309,6352.483720873755
00bbac68_3310,6347.129193253558
00bbac68_3311,6344.604735105343
00bbac68_3312,6369.193733195328
00bbac68_3313,6343.83457793879
00bbac68_3314,6347.353110569573
00bbac68_3315,6348.176050297149
00bbac68_3316,6346.053021209868
00bbac68_3317,6356.5938025959895
00bbac68_3318,6340.746646177855
00bbac68_3319,6358.141901889116
00bbac68_3320,6348.180950068533
00bbac68_3321,6350.333018724436
00bbac68_3322,6350.804422128494
00bbac68_3323,6357.2581593522755
00bbac68_3324,6354.544877935817
00bbac68_3325,6354.653284104758
00bbac68_3326,6350.2734694851615
00bbac68_3327,6343.168389687965
00bbac68_3328,6356.185047785054
00bbac68_3329,6342.483372337623
00bbac68_3330,6336.822162257731
00bbac68_3331,6352.525450115423
00bbac68_3332,6339.094378499294
00bbac68_3333,6356.121941357956
00bbac68_3334,6338.535973900123
00bbac68_3335,6341.875680776179
00bbac68_3336,6351.7418125473005
00bbac68_3337,6350.489564222853
00bbac68_3338,6330.930051188157
00bbac68_3339,6340.036954149427
00bbac68_3340,6343.741542382448
00bbac68_3341,6340.994273376162
00bbac68_3342,6348.731740408476
00bbac68_3343,6337.021813442953
00bbac68_3344,6348.062432453802
00bbac68_3345,6350.8855165366795
00bbac68_3346,6331.898371421765
00bbac68_3347,6345.412627392675
00bbac68_3348,6334.582850654982
00bbac68_3349,6335.719161323076
00bbac68_3350,6352.1821334788465
00bbac68_3351,6347.266566948597
00bbac68_3352,6334.320239656071
00bbac68_3353,6344.642545960332
00bbac68_3354,6340.568371801645
00bbac68_3355,6342.52233724668
00bbac68_3356,6335.796556129145
00bbac68_3357,6348.496800879261
00bbac68_3358,6359.121697644506
00bbac68_3359,6331.932351369151
00bbac68_3360,6348.9795373207735
00bbac68_3361,6349.753924927965
00bbac68_3362,6333.472190407373
00bbac68_3363,6343.545276290808
00bbac68_3364,6343.865983903173
00bbac68_3365,6349.448766253685
00bbac68_3366,6339.617577696101
00bbac68_3367,6349.206450629412
00bbac68_3368,6336.569965646969
00bbac68_3369,6336.808020260388
00bbac68_3370,6353.66228804096
00bbac68_3371,6350.897547709488
00bbac68_3372,6333.775089256768
00bbac68_3373,6347.279992189248
00bbac68_3374,6356.505192774759
00bbac68_3375,6337.251040223842
00bbac68_3376,6357.39067049309
00bbac68_3377,6353.2917068308625
00bbac68_3378,6347.2045874599935
00bbac68_3379,6341.598454606233
00bbac68_3380,6351.233572548516
00bbac68_3381,6354.4520122313315
00bbac68_3382,6344.102178824287
00bbac68_3383,6353.978275104925
00bbac68_3384,6337.61354703985
00bbac68_3385,6341.1810838625115
00bbac68_3386,6357.407514891387
00bbac68_3387,6344.087365591341
00bbac68_3388,6349.872091804018
00bbac68_3389,6355.14295867713
00bbac68_3390,6346.852982795354
00bbac68_3391,6362.266934329835
00bbac68_3392,6358.888830966845
00bbac68_3393,6353.336775835855
00bbac68_3394,6350.52424906369
00bbac68_3395,6345.224967292438
00bbac68_3396,6353.903306237994
00bbac68_3397,6344.067507852143
00bbac68_3398,6361.905210757554
00bbac68_3399,6352.860587095741
00bbac68_3400,6354.206649366247
00bbac68_3401,6364.2437262322555
00bbac68_3402,6348.113388466227
00bbac68_3403,6352.571497368978
00bbac68_3404,6358.971940626983
00bbac68_3405,6362.2499753588745
00bbac68_3406,6356.738696388819
00bbac68_3407,6346.995405306974
00bbac68_3408,6362.273041902407
00bbac68_3409,6365.786643738146
00bbac68_3410,6362.221543108173
00bbac68_3411,6363.161680712998
00bbac68_3412,6363.296347717845
00bbac68_3413,6352.189112135379
00bbac68_3414,6340.7242381238175
00bbac68_3415,6363.9212641291115
00bbac68_3416,6363.199798104925
00bbac68_3417,6360.859965051871
00bbac68_3418,6351.461135276005
00bbac68_3419,6349.750937351324
00bbac68_3420,6348.327170423128
00bbac68_3421,6356.723863168126
00bbac68_3422,6350.887318708414
00bbac68_3423,6361.833937293612
00bbac68_3424,6359.82070591153
00bbac68_3425,6359.287231071058
00bbac68_3426,6360.287434817967
00bbac68_3427,6356.471877510661
00bbac68_3428,6354.153592827594
00bbac68_3429,6354.791754025318
00bbac68_3430,6354.161951372872
00bbac68_3431,6353.990052583237
00bbac68_3432,6355.741613239977
00bbac68_3433,6350.841370629925
00bbac68_3434,6350.483542097176
00bbac68_3435,6351.181539442248
00bbac68_3436,6361.417633733141
00bbac68_3437,6341.320336468113
00bbac68_3438,6346.11295002799
00bbac68_3439,6353.673644004347
00bbac68_3440,6342.884259824508
00bbac68_3441,6347.325697559962
00bbac68_3442,6355.087150398811
00bbac68_3443,6354.573104540836
00bbac68_3444,6349.041168924945
00bbac68_3445,6348.5449254439045
00bbac68_3446,6353.782794548229
00bbac68_3447,6343.397992852985
00bbac68_3448,6331.59999401504
00bbac68_3449,6354.952503991741
00bbac68_3450,6354.3976772098595
00bbac68_3451,6351.705124133889
00bbac68_3452,6352.7518227970595
00bbac68_3453,6352.077891104556
00bbac68_3454,6343.757320419689
00bbac68_3455,6344.768686025779
00bbac68_3456,6334.584830166105
00bbac68_3457,6345.618292944485
00bbac68_3458,6350.447937021386
00bbac68_3459,6347.240977668456
00bbac68_3460,6347.347567710905
00bbac68_3461,6337.046178201342
00bbac68_3462,6339.781469121162
00bbac68_3463,6349.4320104771205
00bbac68_3464,6336.216704543223
00bbac68_3465,6357.68048509485
00bbac68_3466,6354.380343874502
00bbac68_3467,6338.029519085985
00bbac68_3468,6341.156267440636
00bbac68_3469,6358.868397113823
00bbac68_3470,6350.338551606706
00bbac68_3471,6337.681035133299
00bbac68_3472,6358.5934081891655
00bbac68_3473,6350.248464746462
00bbac68_3474,6346.97780605915
00bbac68_3475,6357.5157151546655
00bbac68_3476,6355.359435678375
00bbac68_3477,6360.870698474942
00bbac68_3478,6351.929569742764
00bbac68_3479,6359.362603718179
00bbac68_3480,6350.563067565322
00bbac68_3481,6360.20650434429
00bbac68_3482,6346.898702665379
00bbac68_3483,6355.649451693241
00bbac68_3484,6366.812568267922
00bbac68_3485,6364.133198933089
00bbac68_3486,6357.56349629791
00bbac68_3487,6357.644867913389
00bbac68_3488,6352.410917417895
00bbac68_3489,6365.696434501839
00bbac68_3490,6363.716563541506
00bbac68_3491,6360.952478168
00bbac68_3492,6350.832072403156
00bbac68_3493,6359.779200656246
00bbac68_3494,6363.154060377192
00bbac68_3495,6350.048080329288
00bbac68_3496,6359.997887890981
00bbac68_3497,6346.569167211579
00bbac68_3498,6348.960176442416
00bbac68_3499,6365.283166646431
00bbac68_3500,6353.692925890142
00bbac68_3501,6355.35485676274
00bbac68_3502,6364.237372429322
00bbac68_3503,6363.505380766494
00bbac68_3504,6359.269856190704
00bbac68_3505,6347.289926664915
00bbac68_3506,6354.965316654866
00bbac68_3507,6364.724806285026
00bbac68_3508,6364.41384877616
00bbac68_3509,6359.772875484349
00bbac68_3510,6360.409346104315
00bbac68_3511,6357.559452257343
00bbac68_3512,6358.610915553462
00bbac68_3513,6363.362472888084
00bbac68_3514,6362.149084241921
00bbac68_3515,6359.323328451904
00bbac68_3516,6349.356646274806
00bbac68_3517,6365.379149090457
00bbac68_3518,6363.697990721409
00bbac68_3519,6356.035227768977
00bbac68_3520,6361.994410843289
00bbac68_3521,6360.927567403125
00bbac68_3522,6352.530118423125
00bbac68_3523,6363.8294021378
00bbac68_3524,6360.6899874518085
00bbac68_3525,6351.3290727434405
00bbac68_3526,6352.635793880393
00bbac68_3527,6365.751091033282
00bbac68_3528,6348.880496540459
00bbac68_3529,6355.863361228749
00bbac68_3530,6366.013545538125
00bbac68_3531,6365.976358824006
00bbac68_3532,6356.889725318008
00bbac68_3533,6349.510368806695
00bbac68_3534,6360.295255155515
00bbac68_3535,6364.606199185876
00bbac68_3536,6353.590521331284
00bbac68_3537,6362.37351005431
00bbac68_3538,6360.10987845789
00bbac68_3539,6350.686801734828
00bbac68_3540,6363.3612627044095
00bbac68_3541,6360.996869753911
00bbac68_3542,6351.5527610418
00bbac68_3543,6362.84870638511
00bbac68_3544,6360.88093114534
00bbac68_3545,6350.363466732855
00bbac68_3546,6351.589427643461
00bbac68_3547,6370.840029041985
00bbac68_3548,6358.8274938872455
00bbac68_3549,6356.004515122607
00bbac68_3550,6348.6485203377015
00bbac68_3551,6362.912961726411
00bbac68_3552,6363.808276233422
00bbac68_3553,6349.8855405583945
00bbac68_3554,6351.329471666278
00bbac68_3555,6368.806943322748
00bbac68_3556,6348.306138891339
00bbac68_3557,6366.688269886309
00bbac68_3558,6365.627607839636
00bbac68_3559,6343.688468737523
00bbac68_3560,6349.090916964607
00bbac68_3561,6365.825448198968
00bbac68_3562,6356.714602449494
00bbac68_3563,6355.442973876413
00bbac68_3564,6355.566727626934
00bbac68_3565,6359.846281210263
00bbac68_3566,6350.572565874182
00bbac68_3567,6341.846810409589
00bbac68_3568,6353.502759022663
00bbac68_3569,6360.281540261166
00bbac68_3570,6356.358787574479
00bbac68_3571,6346.125823715583
00bbac68_3572,6366.543335910233
00bbac68_3573,6356.526014140488
00bbac68_3574,6351.898140993064
00bbac68_3575,6360.28424034261
00bbac68_3576,6358.845097534442
00bbac68_3577,6351.127475650746
00bbac68_3578,6360.848400242039
00bbac68_3579,6357.095329518792
00bbac68_3580,6352.224941653018
00bbac68_3581,6364.719753719212
00bbac68_3582,6361.057628624658
00bbac68_3583,6366.45982757053
00bbac68_3584,6358.466964437172
00bbac68_3585,6366.352131790398
00bbac68_3586,6365.4359755466085
00bbac68_3587,6356.433924519785
00bbac68_3588,6364.460174943279
00bbac68_3589,6360.909283010924
00bbac68_3590,6367.06182956448
00bbac68_3591,6368.5021278051245
00bbac68_3592,6365.970741250853
00bbac68_3593,6355.225555982545
00bbac68_3594,6356.832455818466
00bbac68_3595,6354.436399448026
00bbac68_3596,6356.3475790385155
00bbac68_3597,6352.745806167472
00bbac68_3598,6353.1406490234995
00bbac68_3599,6344.135064129818
00bbac68_3600,6362.530112094447
00bbac68_3601,6364.434672954882
00bbac68_3602,6363.582860544232
00bbac68_3603,6353.615214296903
00bbac68_3604,6361.839302481385
00bbac68_3605,6364.444809599317
00bbac68_3606,6367.051632816391
00bbac68_3607,6370.633672124993
00bbac68_3608,6367.231719896784
00bbac68_3609,6373.5171100671
00bbac68_3610,6363.926342034189
00bbac68_3611,6371.069354822304
00bbac68_3612,6359.409869080638
00bbac68_3613,6357.33196676742
00bbac68_3614,6357.3846207364395
00bbac68_3615,6359.673170391881
00bbac68_3616,6347.624397407321
00bbac68_3617,6377.615746364333
00bbac68_3618,6370.138035025485
00bbac68_3619,6361.857321633578
00bbac68_3620,6360.6512423875665
00bbac68_3621,6368.502405839684
00bbac68_3622,6366.816973245866
00bbac68_3623,6364.11906429209
00bbac68_3624,6379.880975921073
00bbac68_3625,6378.142270835402
00bbac68_3626,6382.2123622249555
00bbac68_3627,6380.151741920346
00bbac68_3628,6383.542295284422
00bbac68_3629,6387.093158647023
00bbac68_3630,6383.106486598117
00bbac68_3631,6386.8517281154445
00bbac68_3632,6383.991823372267
00bbac68_3633,6387.705505138789
00bbac68_3634,6380.94087148769
00bbac68_3635,6383.022448561663
00bbac68_3636,6380.482107958795
00bbac68_3637,6375.547014175254
00bbac68_3638,6380.07116233889
00bbac68_3639,6374.492753819891
00bbac68_3640,6377.014135732083
00bbac68_3641,6387.328545107895
00bbac68_3642,6361.240192222881
00bbac68_3643,6367.055490672188
00bbac68_3644,6377.449186199684
00bbac68_3645,6373.754969118979
00bbac68_3646,6370.054076308164
00bbac68_3647,6367.753260166695
00bbac68_3648,6374.681359410681
00bbac68_3649,6348.179450264525
00bbac68_3650,6375.801147667736
00bbac68_3651,6363.976797615011
00bbac68_3652,6357.790732577343
00bbac68_3653,6376.278715135194
00bbac68_3654,6363.547539209825
00bbac68_3655,6378.484442097465
00bbac68_3656,6373.35518887649
00bbac68_3657,6364.11728328958
00bbac68_3658,6372.346202726239
00bbac68_3659,6363.3541510730865
00bbac68_3660,6378.872793592901
00bbac68_3661,6373.903522080265
00bbac68_3662,6361.227276118075
00bbac68_3663,6373.011734735948
00bbac68_3664,6367.2240283558
00bbac68_3665,6372.441547991872
00bbac68_3666,6362.605141677263
00bbac68_3667,6361.1928979746135
00bbac68_3668,6359.838327489973
00bbac68_3669,6375.571075980261
00bbac68_3670,6363.037578938467
00bbac68_3671,6369.541661794682
00bbac68_3672,6375.774545270152
00bbac68_3673,6366.795744185828
00bbac68_3674,6374.081450103256
00bbac68_3675,6364.606643502585
00bbac68_3676,6379.670407561233
00bbac68_3677,6366.391618012604
00bbac68_3678,6364.854596789023
00bbac68_3679,6372.048794506582
00bbac68_3680,6380.394894655776
00bbac68_3681,6376.1165263930425
00bbac68_3682,6381.1850274259
00bbac68_3683,6376.943587160854
00bbac68_3684,6382.441541486336
00bbac68_3685,6369.46064609181
00bbac68_3686,6360.21644779294
00bbac68_3687,6385.3497354081765
00bbac68_3688,6383.121175019593
00bbac68_3689,6380.287258253685
00bbac68_3690,6380.899580609027
00bbac68_3691,6370.071158701315
00bbac68_3692,6373.428817895275
00bbac68_3693,6377.501205797279
00bbac68_3694,6359.313265052186
00bbac68_3695,6382.50194443336
00bbac68_3696,6381.894479742483
00bbac68_3697,6362.449190240578
00bbac68_3698,6375.95801748054
00bbac68_3699,6372.674799741692
00bbac68_3700,6368.632516355213
00bbac68_3701,6365.589100889718
00bbac68_3702,6382.154144884241
00bbac68_3703,6371.607473527255
00bbac68_3704,6363.728579462975
00bbac68_3705,6381.055159829544
00bbac68_3706,6371.952356629616
00bbac68_3707,6376.950230489708
00bbac68_3708,6377.132905415647
00bbac68_3709,6366.827754790681
00bbac68_3710,6369.830001181831
00bbac68_3711,6374.111457708543
00bbac68_3712,6372.907235746969
00bbac68_3713,6359.477246151781
00bbac68_3714,6380.758718006789
00bbac68_3715,6370.237550512894
00bbac68_3716,6364.622838366091
00bbac68_3717,6363.105833714356
00bbac68_3718,6375.689415244956
00bbac68_3719,6368.187933802263
00bbac68_3720,6359.853114038332
00bbac68_3721,6365.153451103261
00bbac68_3722,6376.5339122179885
00bbac68_3723,6367.906318800737
00bbac68_3724,6368.065344038575
00bbac68_3725,6366.9590286134635
00bbac68_3726,6369.590311545326
00bbac68_3727,6351.260365465568
00bbac68_3728,6364.139472457007
00bbac68_3729,6366.652816360404
00bbac68_3730,6350.765561444207
00bbac68_3731,6361.291017999159
00bbac68_3732,6370.222034451377
00bbac68_3733,6358.887623552663
00bbac68_3734,6374.276176913476
00bbac68_3735,6372.932817231048
00bbac68_3736,6364.0547026341155
00bbac68_3737,6368.912212846742
00bbac68_3738,6361.28460351774
00bbac68_3739,6363.325763920142
00bbac68_3740,6369.657797508862
00bbac68_3741,6365.3761845399695
00bbac68_3742,6357.028974531509
00bbac68_3743,6376.890274700446
00bbac68_3744,6365.878566093028
00bbac68_3745,6371.025224441384
00bbac68_3746,6361.93352716488
00bbac68_3747,6370.214644634619
00bbac68_3748,6361.9645994909415
00bbac68_3749,6367.218681574998
00bbac68_3750,6374.43457585989
00bbac68_3751,6384.802820948627
00bbac68_3752,6376.062530781845
00bbac68_3753,6390.425677981973
00bbac68_3754,6389.059903149165
00bbac68_3755,6369.645842367274
00bbac68_3756,6377.806552357323
00bbac68_3757,6397.125271118833
00bbac68_3758,6373.135272383815
00bbac68_3759,6391.368992990741
00bbac68_3760,6387.220515950347
00bbac68_3761,6398.012970738977
00bbac68_3762,6390.055463767785
00bbac68_3763,6403.438575162156
00bbac68_3764,6398.007702316685
00bbac68_3765,6380.616000600887
00bbac68_3766,6386.047604749534
00bbac68_3767,6406.133891146358
00bbac68_3768,6391.991861695993
00bbac68_3769,6385.611170622858
00bbac68_3770,6407.0559007952115
00bbac68_3771,6393.422262568157
00bbac68_3772,6391.005024338641
00bbac68_3773,6389.503112529096
00bbac68_3774,6409.693305602743
00bbac68_3775,6384.350417878707
00bbac68_3776,6409.1846013214845
00bbac68_3777,6402.154473246177
00bbac68_3778,6385.735905099889
00bbac68_3779,6391.808408174969
00bbac68_3780,6408.464459419876
00bbac68_3781,6396.538072330562
00bbac68_3782,6399.155720235231
00bbac68_3783,6397.1148334475065
00bbac68_3784,6393.706774404761
00bbac68_3785,6397.266547187459
00bbac68_3786,6399.6723517412465
00bbac68_3787,6386.016994917846
00bbac68_3788,6406.351459191922
00bbac68_3789,6393.854312201495
00bbac68_3790,6398.436739439865
00bbac68_3791,6403.45186657379
00bbac68_3792,6389.521343718015
00bbac68_3793,6394.587745266085
00bbac68_3794,6396.143436421135
00bbac68_3795,6396.831218568284
00bbac68_3796,6387.182737056677
00bbac68_3797,6392.29438356071
00bbac68_3798,6387.701262518379
00bbac68_3799,6401.411711261727
00bbac68_3800,6390.66476907804
00bbac68_3801,6389.223637702233
00bbac68_3802,6402.197375160376
00bbac68_3803,6390.592449948838
00bbac68_3804,6391.92624186961
00bbac68_3805,6384.61797665011
00bbac68_3806,6383.030065794554
00bbac68_3807,6384.557176621512
00bbac68_3808,6403.659402703338
00bbac68_3809,6388.014762440648
00bbac68_3810,6382.963630395867
00bbac68_3811,6395.825929289462
00bbac68_3812,6376.017793269127
00bbac68_3813,6389.772367311626
00bbac68_3814,6377.861707444249
00bbac68_3815,6390.92298632967
00bbac68_3816,6375.836651762359
00bbac68_3817,6382.909464591444
00bbac68_3818,6379.57572925377
00bbac68_3819,6384.735683490905
00bbac68_3820,6386.992575883259
00bbac68_3821,6373.357452252522
00bbac68_3822,6374.2991324304185
00bbac68_3823,6369.48972446031
00bbac68_3824,6379.5239409147225
00bbac68_3825,6368.128539979052
00bbac68_3826,6379.471237334009
00bbac68_3827,6365.900825433523
00bbac68_3828,6367.590597188999
00bbac68_3829,6365.556773528807
00bbac68_3830,6361.17845151301
00bbac68_3831,6371.352595403404
00bbac68_3832,6369.902665603199
00bbac68_3833,6357.645429079124
00bbac68_3834,6359.475227339987
00bbac68_3835,6369.287781763575
00bbac68_3836,6351.095863587554
00bbac68_3837,6353.499841381294
00bbac68_3838,6354.93802112187
00bbac68_3839,6351.56483898992
00bbac68_3840,6363.3338012849335
00bbac68_3841,6361.181039086478
00bbac68_3842,6363.429478820523
00bbac68_3843,6358.660043809872
00bbac68_3844,6361.4301646653985
00bbac68_3845,6352.222818586938
00bbac68_3846,6353.185264625438
00bbac68_3847,6341.768441425513
00bbac68_3848,6345.412148843881
00bbac68_3849,6355.224914943746
00bbac68_3850,6355.990489504778
00bbac68_3851,6353.755761783811
00bbac68_3852,6353.880741078701
00bbac68_3853,6344.8416834368545
00bbac68_3854,6356.637895512587
00bbac68_3855,6342.768189508262
00bbac68_3856,6343.31820062826
00bbac68_3857,6353.2891827801905
00bbac68_3858,6342.624674702331
00bbac68_3859,6343.741814447633
00bbac68_3860,6352.874662115783
00bbac68_3861,6352.747327201421
00bbac68_3862,6349.14545129623
00bbac68_3863,6345.2993632330035
00bbac68_3864,6351.64177114079
00bbac68_3865,6335.53430199592
00bbac68_3866,6356.875453931311
00bbac68_3867,6340.557693761697
00bbac68_3868,6342.416401666224
00bbac68_3869,6355.213275632645
00bbac68_3870,6350.146684796858
00bbac68_3871,6346.667704276446
00bbac68_3872,6347.342124103835
00bbac68_3873,6349.257754823252
00bbac68_3874,6344.449777514576
00bbac68_3875,6339.6447443025945
00bbac68_3876,6341.865627398227
00bbac68_3877,6342.520447086214
00bbac68_3878,6338.8087036848165
00bbac68_3879,6341.084276711576
00bbac68_3880,6339.8809364149065
00bbac68_3881,6328.988404822533
00bbac68_3882,6338.981089990102
00bbac68_3883,6356.211351936683
00bbac68_3884,6339.369845265317
00bbac68_3885,6360.833277199069
00bbac68_3886,6347.172738259571
00bbac68_3887,6349.379458106239
00bbac68_3888,6362.943329019696
00bbac68_3889,6346.852983618017
00bbac68_3890,6354.224399491726
00bbac68_3891,6349.204512397334
00bbac68_3892,6364.476501494412
00bbac68_3893,6364.656002661172
00bbac68_3894,6352.407077472139
00bbac68_3895,6361.912334236824
00bbac68_3896,6377.087327778168
00bbac68_3897,6363.110882660557
00bbac68_3898,6365.768881057907
00bbac68_3899,6354.033099416189
00bbac68_3900,6364.016744028221
00bbac68_3901,6362.709595799551
00bbac68_3902,6373.163177323465
00bbac68_3903,6382.810000855606
00bbac68_3904,6380.371620331327
00bbac68_3905,6373.382188204329
00bbac68_3906,6382.74572297937
00bbac68_3907,6383.839965600656
00bbac68_3908,6384.749438625031
00bbac68_3909,6381.2473862344705
00bbac68_3910,6407.765752109375
00bbac68_3911,6376.65929247088
00bbac68_3912,6390.830037789248
00bbac68_3913,6379.992186305449
00bbac68_3914,6394.2442016273035
00bbac68_3915,6382.053026393278
00bbac68_3916,6384.708693700116
00bbac68_3917,6378.505745881397
00bbac68_3918,6387.675646635832
00bbac68_3919,6390.661520990464
00bbac68_3920,6380.784090803542
00bbac68_3921,6387.447307390736
00bbac68_3922,6373.94687630447
00bbac68_3923,6372.604834040912
00bbac68_3924,6384.177783903265
00bbac68_3925,6372.503855266788
00bbac68_3926,6373.685645270486
00bbac68_3927,6370.226799157
00bbac68_3928,6380.4169445077205
00bbac68_3929,6377.5174606441915
00bbac68_3930,6364.8715782833215
00bbac68_3931,6380.308318459598
00bbac68_3932,6373.332573944911
00bbac68_3933,6375.551437981695
00bbac68_3934,6364.343856685345
00bbac68_3935,6363.668631887537
00bbac68_3936,6374.409304038763
00bbac68_3937,6358.936694495697
00bbac68_3938,6382.48789997837
00bbac68_3939,6378.378129550966
00bbac68_3940,6361.933514998916
00bbac68_3941,6375.093260596819
00bbac68_3942,6365.643929017004
00bbac68_3943,6364.07680890762
00bbac68_3944,6381.901217746345
00bbac68_3945,6365.73649825117
00bbac68_3946,6383.6940770101755
00bbac68_3947,6375.872219298805
00bbac68_3948,6372.612256346287
00bbac68_3949,6373.844657069519
00bbac68_3950,6368.541786170391
00bbac68_3951,6367.684211153674
00bbac68_3952,6366.720366334059
00bbac68_3953,6366.930975681338
00bbac68_3954,6375.8153886328655
00bbac68_3955,6359.683555811472
00bbac68_3956,6364.100851841905
00bbac68_3957,6358.737289380761
00bbac68_3958,6369.532396507462
00bbac68_3959,6360.175924281556
00bbac68_3960,6357.18535000929
00bbac68_3961,6367.511415077721
00bbac68_3962,6367.5789041659455
00bbac68_3963,6352.734661284978
00bbac68_3964,6361.3698542604725
00bbac68_3965,6357.0582100349075
00bbac68_3966,6355.825273027837
00bbac68_3967,6355.617938813026
00bbac68_3968,6364.20585291419
00bbac68_3969,6361.743145800569
00bbac68_3970,6365.173559701297
00bbac68_3971,6363.297423341049
00bbac68_3972,6363.71848132419
00bbac68_3973,6364.740843291305
00bbac68_3974,6365.447729456846
00bbac68_3975,6362.42322449148
00bbac68_3976,6362.20082439751
00bbac68_3977,6366.00130448126
00bbac68_3978,6363.550796899781
00bbac68_3979,6371.291047068158
00bbac68_3980,6350.446858648698
00bbac68_3981,6353.070688786518
00bbac68_3982,6353.973492585231
00bbac68_3983,6353.746390622455
00bbac68_3984,6348.527654288196
00bbac68_3985,6371.196962204342
00bbac68_3986,6349.915791804969
00bbac68_3987,6349.80281346692
00bbac68_3988,6351.092599726377
00bbac68_3989,6362.9031491230035
00bbac68_3990,6361.626123743551
00bbac68_3991,6350.926787942099
00bbac68_3992,6364.533570632842
00bbac68_3993,6343.372058304037
00bbac68_3994,6358.412082301827
00bbac68_3995,6352.480341786989
00bbac68_3996,6354.255460029768
00bbac68_3997,6348.188167782805
00bbac68_3998,6358.464615951284
00bbac68_3999,6342.852233007973
00bbac68_4000,6342.306333536039
00bbac68_4001,6358.4146381534965
00bbac68_4002,6347.436605390614
00bbac68_4003,6360.26908633984
00bbac68_4004,6358.667978685919
00bbac68_4005,6343.861848567865
00bbac68_4006,6354.6787010445505
00bbac68_4007,6342.26623387307
00bbac68_4008,6344.787326234659
00bbac68_4009,6362.032502797053
00bbac68_4010,6346.7785967630025
00bbac68_4011,6361.4867566115845
00bbac68_4012,6361.062466611574
00bbac68_4013,6341.240155982341
00bbac68_4014,6345.739863773931
00bbac68_4015,6361.4206181973805
00bbac68_4016,6341.077039594407
00bbac68_4017,6350.319577981139
00bbac68_4018,6349.617955038852
00bbac68_4019,6350.564982191692
00bbac68_4020,6349.265439261453
00bbac68_4021,6369.247574375846
00bbac68_4022,6356.565024150843
00bbac68_4023,6360.701872593666
00bbac68_4024,6345.590578840218
00bbac68_4025,6351.186220214461
00bbac68_4026,6349.395267303979
00bbac68_4027,6353.441464372851
00bbac68_4028,6364.721225604156
00bbac68_4029,6349.077350926393
00bbac68_4030,6364.682610539213
00bbac68_4031,6363.909206925853
00bbac68_4032,6347.864711862642
00bbac68_4033,6362.728553225609
00bbac68_4034,6351.335338302866
00bbac68_4035,6360.473309745918
00bbac68_4036,6350.880745066613
00bbac68_4037,6359.623706247213
00bbac68_4038,6367.4489259013335
00bbac68_4039,6358.454107591894
00bbac68_4040,6359.919965288518
00bbac68_4041,6353.21054251452
00bbac68_4042,6358.182176558104
00bbac68_4043,6362.845615406381
00bbac68_4044,6354.271122399128
00bbac68_4045,6355.178076230519
00bbac68_4046,6362.3869560951625
00bbac68_4047,6367.379569220602
00bbac68_4048,6358.72913353771
00bbac68_4049,6356.198798188569
00bbac68_4050,6356.166444523333
00bbac68_4051,6369.367227197755
00bbac68_4052,6352.465274579761
00bbac68_4053,6363.578920263125
00bbac68_4054,6363.082985974494
00bbac68_4055,6346.552313929768
00bbac68_4056,6363.415056709042
00bbac68_4057,6351.922641309788
00bbac68_4058,6353.419875645793
00bbac68_4059,6369.3257184948025
00bbac68_4060,6357.811630262396
00bbac68_4061,6363.945871263718
00bbac68_4062,6357.353437985657
00bbac68_4063,6355.279950357422
00bbac68_4064,6357.62007661587
00bbac68_4065,6372.912997897701
00bbac68_4066,6373.238109591561
00bbac68_4067,6367.535475046094
00bbac68_4068,6370.531487711896
00bbac68_4069,6370.9496782710385
00bbac68_4070,6371.254035718915
00bbac68_4071,6371.0851904792125
00bbac68_4072,6374.271161294245
00bbac68_4073,6368.174950818918
00bbac68_4074,6369.990615432165
00bbac68_4075,6366.906273128236
00bbac68_4076,6367.39546960709
00bbac68_4077,6367.9173299048625
00bbac68_4078,6368.011590341382
00bbac68_4079,6376.595950578977
00bbac68_4080,6351.8189454008425
00bbac68_4081,6357.710266729231
00bbac68_4082,6356.933516632646
00bbac68_4083,6367.002937112382
00bbac68_4084,6356.763763025314
00bbac68_4085,6357.626513408458
00bbac68_4086,6357.210760222142
00bbac68_4087,6356.891669395075
00bbac68_4088,6356.909202991195
00bbac68_4089,6369.076723568012
00bbac68_4090,6365.491032579894
00bbac68_4091,6364.795729970185
00bbac68_4092,6376.205039936719
00bbac68_4093,6350.7766511801865
00bbac68_4094,6352.512620752024
00bbac68_4095,6354.999311512931
00bbac68_4096,6354.019419948394
00bbac68_4097,6362.6649955863495
00bbac68_4098,6349.316187351476
00bbac68_4099,6350.852659300202
00bbac68_4100,6348.7550481383705
00bbac68_4101,6348.371289877493
00bbac68_4102,6345.817814634463
00bbac68_4103,6357.3029489750625
00bbac68_4104,6355.115135781562
00bbac68_4105,6353.783695557201
00bbac68_4106,6354.233479810754
00bbac68_4107,6354.155606321909
00bbac68_4108,6356.9495676292545
00bbac68_4109,6364.619122389471
00bbac68_4110,6348.943969114218
00bbac68_4111,6356.413502648214
00bbac68_4112,6349.42646015044
00bbac68_4113,6357.896128149827
00bbac68_4114,6337.306613090772
00bbac68_4115,6352.25586215939
00bbac68_4116,6358.797516746462
00bbac68_4117,6344.789004323553
00bbac68_4118,6355.29679655086
00bbac68_4119,6361.473549883945
00bbac68_4120,6363.706390359866
00bbac68_4121,6359.603314848804
00bbac68_4122,6347.5507649421415
00bbac68_4123,6361.30529149717
00bbac68_4124,6356.574319713967
00bbac68_4125,6352.2406451892175
00bbac68_4126,6373.166879593339
00bbac68_4127,6358.363285372319
00bbac68_4128,6364.317349552529
00bbac68_4129,6370.920446163734
00bbac68_4130,6362.793965065083
00bbac68_4131,6374.8089363829695
00bbac68_4132,6372.691963057243
00bbac68_4133,6356.0105345518095
00bbac68_4134,6360.156227076257
00bbac68_4135,6375.504300836339
00bbac68_4136,6368.210615248338
00bbac68_4137,6369.158305473957
00bbac68_4138,6366.836400856922
00bbac68_4139,6371.989385269352
00bbac68_4140,6354.105750881561
00bbac68_4141,6377.659994648717
00bbac68_4142,6374.974955685299
00bbac68_4143,6375.006484591449
00bbac68_4144,6378.335353146135
00bbac68_4145,6378.427444507431
00bbac68_4146,6366.577836165187
00bbac68_4147,6370.028057600764
00bbac68_4148,6371.8137624205965
00bbac68_4149,6359.563104431256
00bbac68_4150,6375.883594617087
00bbac68_4151,6379.6650881922715
00bbac68_4152,6377.2901404701925
00bbac68_4153,6365.183663371421
00bbac68_4154,6378.9124928726515
00bbac68_4155,6378.190896492077
00bbac68_4156,6388.352287151137
00bbac68_4157,6384.099380593046
00bbac68_4158,6385.118326534176
00bbac68_4159,6374.677588777191
00bbac68_4160,6382.580669238002
00bbac68_4161,6371.139799757488
00bbac68_4162,6368.616519859807
00bbac68_4163,6368.680287346803
00bbac68_4164,6370.884034551837
00bbac68_4165,6368.358471283775
00bbac68_4166,6368.822289488135
00bbac68_4167,6367.884948827648
00bbac68_4168,6357.849676635657
00bbac68_4169,6380.318046069431
00bbac68_4170,6375.704229757996
00bbac68_4171,6386.497110960279
00bbac68_4172,6393.554970376356
00bbac68_4173,6389.478800956593
00bbac68_4174,6387.404028982845
00bbac68_4175,6405.117731358635
00bbac68_4176,6390.5474472222095
00bbac68_4177,6389.693210955878
00bbac68_4178,6388.833566515098
00bbac68_4179,6406.956136298
00bbac68_4180,6392.697537982254
00bbac68_4181,6391.255462404247
00bbac68_4182,6381.843049114232
00bbac68_4183,6398.9463930556685
00bbac68_4184,6392.81660751027
00bbac68_4185,6399.088176925493
00bbac68_4186,6387.00116967923
00bbac68_4187,6400.884542651629
00bbac68_4188,6402.250172084697
00bbac68_4189,6400.1367479172195
00bbac68_4190,6408.477362144448
00bbac68_4191,6403.842208521469
00bbac68_4192,6409.720385744894
00bbac68_4193,6391.281833380744
00bbac68_4194,6395.306963952255
00bbac68_4195,6402.156971611973
00bbac68_4196,6393.475007541259
00bbac68_4197,6406.193815155717
00bbac68_4198,6411.978001371288
00bbac68_4199,6410.811722495074
00bbac68_4200,6391.998846929913
00bbac68_4201,6418.023007986399
00bbac68_4202,6405.490759012863
00bbac68_4203,6396.109198779626
00bbac68_4204,6407.1209207604315
00bbac68_4205,6404.25211478704
00bbac68_4206,6405.954674536303
00bbac68_4207,6402.541244397777
00bbac68_4208,6407.858969756811
00bbac68_4209,6407.432097554162
00bbac68_4210,6403.338609344816
00bbac68_4211,6407.4570770824885
00bbac68_4212,6393.471804694397
00bbac68_4213,6398.478805184659
00bbac68_4214,6419.020103863984
00bbac68_4215,6403.9127062435045
00bbac68_4216,6409.030679549701
00bbac68_4217,6408.917763881599
00bbac68_4218,6409.540393436948
00bbac68_4219,6393.409885992798
00bbac68_4220,6417.211196730772
00bbac68_4221,6402.743675997373
00bbac68_4222,6401.042800777832
00bbac68_4223,6399.513290681839
00bbac68_4224,6418.719545598591
00bbac68_4225,6395.19455023083
00bbac68_4226,6409.60754156807
00bbac68_4227,6410.551061690466
00bbac68_4228,6404.822186576523
00bbac68_4229,6410.36183161976
00bbac68_4230,6409.284911520037
00bbac68_4231,6409.545391890414
00bbac68_4232,6389.325477175238
00bbac68_4233,6414.699351344282
00bbac68_4234,6391.503798151341
00bbac68_4235,6395.467098640988
00bbac68_4236,6408.469702090222
00bbac68_4237,6412.708105557723
00bbac68_4238,6401.143168846009
00bbac68_4239,6393.2597747247155
00bbac68_4240,6398.654243427859
00bbac68_4241,6407.43647329634
00bbac68_4242,6399.133405087908
00bbac68_4243,6392.592535803503
00bbac68_4244,6414.026131741131
00bbac68_4245,6395.075220036759
00bbac68_4246,6394.464238482529
00bbac68_4247,6417.410450391465
00bbac68_4248,6399.508000633899
00bbac68_4249,6408.913008617422
00bbac68_4250,6407.447352030213
00bbac68_4251,6403.4989566698805
00bbac68_4252,6404.349526976922
00bbac68_4253,6404.1625228679995
00bbac68_4254,6410.442438969212
00bbac68_4255,6398.555951548206
00bbac68_4256,6399.723542410963
00bbac68_4257,6403.595701075824
00bbac68_4258,6394.354232310962
00bbac68_4259,6383.278816004136
00bbac68_4260,6413.364087312211
00bbac68_4261,6409.4599969339215
00bbac68_4262,6397.606412894592
00bbac68_4263,6399.077554171324
00bbac68_4264,6416.109275927348
00bbac68_4265,6394.379834592538
00bbac68_4266,6408.506368542135
00bbac68_4267,6401.910195517683
00bbac68_4268,6402.010484966977
00bbac68_4269,6396.05249549248
00bbac68_4270,6415.079211449698
00bbac68_4271,6415.173792228232
00bbac68_4272,6415.455751565276
00bbac68_4273,6414.993914130581
00bbac68_4274,6417.238760110662
00bbac68_4275,6414.629182404499
00bbac68_4276,6421.443906970448
00bbac68_4277,6417.8301640892805
00bbac68_4278,6427.216761758116
00bbac68_4279,6422.417986465552
00bbac68_4280,6418.313604723128
00bbac68_4281,6416.099526635178
00bbac68_4282,6414.0039125513895
00bbac68_4283,6420.3745544186295
00bbac68_4284,6399.140404639604
00bbac68_4285,6399.947737658852
00bbac68_4286,6400.927462513765
00bbac68_4287,6403.2512588864665
00bbac68_4288,6405.378764078557
00bbac68_4289,6392.411428660458
00bbac68_4290,6399.608959401937
00bbac68_4291,6399.26929931629
00bbac68_4292,6394.879747097514
00bbac68_4293,6392.2127532519635
00bbac68_4294,6411.307033559602
00bbac68_4295,6406.084841828079
00bbac68_4296,6408.317533979014
00bbac68_4297,6408.335721086475
00bbac68_4298,6403.913757340263
00bbac68_4299,6405.52002677312
00bbac68_4300,6407.341128243888
00bbac68_4301,6403.021850815981
00bbac68_4302,6403.265818689865
00bbac68_4303,6410.900423069722
00bbac68_4304,6382.206608671711
00bbac68_4305,6381.135748359131
00bbac68_4306,6388.250250151335
00bbac68_4307,6386.298742300157
00bbac68_4308,6369.296732690889
00bbac68_4309,6389.981082308387
00bbac68_4310,6374.672368791493
00bbac68_4311,6385.021360019917
00bbac68_4312,6378.089401087768
00bbac68_4313,6372.578575705943
00bbac68_4314,6381.37728376027
00bbac68_4315,6372.595034992226
00bbac68_4316,6369.9576071288475
00bbac68_4317,6391.372689278859
00bbac68_4318,6369.905071206963
00bbac68_4319,6371.211094542087
00bbac68_4320,6386.4960535769615
00bbac68_4321,6376.652200363967
00bbac68_4322,6390.581069730012
00bbac68_4323,6389.420314108988
00bbac68_4324,6384.900603587368
00bbac68_4325,6400.631281454673
00bbac68_4326,6385.890386157921
00bbac68_4327,6396.769982978241
00bbac68_4328,6384.233249762762
00bbac68_4329,6386.2881445898
00bbac68_4330,6395.143305107635
00bbac68_4331,6379.637214941688
00bbac68_4332,6398.293393584274
00bbac68_4333,6399.930308713188
00bbac68_4334,6402.458525610995
00bbac68_4335,6393.619882291031
00bbac68_4336,6389.562230986161
00bbac68_4337,6394.001268316328
00bbac68_4338,6404.492017744404
00bbac68_4339,6402.081831784034
00bbac68_4340,6394.368879662682
00bbac68_4341,6390.1149950044755
00bbac68_4342,6410.540149160009
00bbac68_4343,6387.958068356952
00bbac68_4344,6404.259278488528
00bbac68_4345,6403.124669940048
00bbac68_4346,6398.977423874206
00bbac68_4347,6405.142946925032
00bbac68_4348,6402.688476836059
00bbac68_4349,6406.75451122393
00bbac68_4350,6402.610914510045
00bbac68_4351,6411.153705845752
00bbac68_4352,6407.7188908398275
00bbac68_4353,6420.460281188175
00bbac68_4354,6393.350648302982
00bbac68_4355,6412.653274562201
00bbac68_4356,6414.191395399222
00bbac68_4357,6403.169928493939
00bbac68_4358,6405.613154746146
00bbac68_4359,6422.911694558144
00bbac68_4360,6422.403899348081
00bbac68_4361,6420.48372259576
00bbac68_4362,6416.278187499816
00bbac68_4363,6418.38094226945
00bbac68_4364,6418.234512566127
00bbac68_4365,6418.987988177266
00bbac68_4366,6416.872698397086
00bbac68_4367,6419.797955373376
00bbac68_4368,6417.355920285686
00bbac68_4369,6419.691674800816
00bbac68_4370,6397.049619570329
00bbac68_4371,6401.074601187361
00bbac68_4372,6399.5760937203995
00bbac68_4373,6400.565850041577
00bbac68_4374,6396.35268851503
00bbac68_4375,6413.732242471294
00bbac68_4376,6411.180855657983
00bbac68_4377,6411.565442877648
00bbac68_4378,6406.543399959559
00bbac68_4379,6405.911786094364
00bbac68_4380,6405.47835889678
00bbac68_4381,6403.134622719383
00bbac68_4382,6402.6229131125565
00bbac68_4383,6400.635204623866
00bbac68_4384,6396.998586423374
00bbac68_4385,6391.319776072679
00bbac68_4386,6384.717981363899
00bbac68_4387,6382.239416603367
00bbac68_4388,6381.937693294397
00bbac68_4389,6377.896661943477
00bbac68_4390,6375.006755121261
00bbac68_4391,6371.870569530388
00bbac68_4392,6372.566752317857
00bbac68_4393,6366.836790600863
00bbac68_4394,6378.882933877985
00bbac68_4395,6366.6723356711545
00bbac68_4396,6371.605579682508
00bbac68_4397,6368.409108723515
00bbac68_4398,6374.192419446524
00bbac68_4399,6363.813894406653
00bbac68_4400,6366.2243681833825
00bbac68_4401,6356.424138268178
00bbac68_4402,6371.201805450935
00bbac68_4403,6376.000671144523
00bbac68_4404,6368.128452707459
00bbac68_4405,6363.938021264598
00bbac68_4406,6373.79753439067
00bbac68_4407,6372.061562177662
00bbac68_4408,6373.929966989991
00bbac68_4409,6378.12423184342
00bbac68_4410,6369.38855629708
00bbac68_4411,6367.741816784665
00bbac68_4412,6371.854443894628
00bbac68_4413,6369.862310011378
00bbac68_4414,6373.0078997270375
00bbac68_4415,6393.607663426904
00bbac68_4416,6371.298878967556
00bbac68_4417,6372.059782953507
00bbac68_4418,6371.91284356537
00bbac68_4419,6369.1201174450125
00bbac68_4420,6379.074611824542
00bbac68_4421,6373.180616562322
00bbac68_4422,6371.720028578803
00bbac68_4423,6376.637410872744
00bbac68_4424,6381.714597595307
00bbac68_4425,6364.520677118679
00bbac68_4426,6383.706605479213
00bbac68_4427,6374.038015722772
00bbac68_4428,6374.704296875225
00bbac68_4429,6387.140289269161
00bbac68_4430,6371.403898125789
00bbac68_4431,6387.917285579702
00bbac68_4432,6385.612524087491
00bbac68_4433,6374.023645237783
00bbac68_4434,6382.937000830019
00bbac68_4435,6380.025853003103
00bbac68_4436,6360.311438727249
00bbac68_4437,6374.8117480902365
00bbac68_4438,6380.403089346392
00bbac68_4439,6373.554308533941
00bbac68_4440,6376.985153530933
00bbac68_4441,6375.107009611399
00bbac68_4442,6377.139300069935
00bbac68_4443,6382.2311193413225
00bbac68_4444,6421.474605960039
00bbac68_4445,6421.77370152141
00bbac68_4446,6424.0863907722505
00bbac68_4447,6410.099513142534
00bbac68_4448,6409.20584854596
00bbac68_4449,6425.134767232299
00bbac68_4450,6408.592940723593
00bbac68_4451,6404.2090347982485
00bbac68_4452,6401.052931699964
00bbac68_4453,6399.617582493112
00bbac68_4454,6399.793983874622
00bbac68_4455,6407.665912979988
00bbac68_4456,6392.171420036959
00bbac68_4457,6417.1459607693805
00bbac68_4458,6411.2130299583905
00bbac68_4459,6395.148335700281
00bbac68_4460,6397.889958559619
00bbac68_4461,6387.7791406917695
00bbac68_4462,6389.05795792471
00bbac68_4463,6396.084773241399
00bbac68_4464,6400.334952294535
00bbac68_4465,6405.771071525915
00bbac68_4466,6403.417992809395
00bbac68_4467,6392.1912689465335
00bbac68_4468,6406.196524858203
00bbac68_4469,6399.361500797185
00bbac68_4470,6394.989362969859
00bbac68_4471,6406.7809949587245
00bbac68_4472,6396.517333931753
00bbac68_4473,6407.724167185458
00bbac68_4474,6398.611715300035
00bbac68_4475,6406.214610107942
00bbac68_4476,6412.403305721436
00bbac68_4477,6391.452996195288
00bbac68_4478,6398.86380812076
00bbac68_4479,6403.860757684647
00bbac68_4480,6404.13195554779
00bbac68_4481,6406.731574985081
00bbac68_4482,6396.0722698674845
00bbac68_4483,6395.60504092236
00bbac68_4484,6405.529052737643
00bbac68_4485,6403.380853042933
00bbac68_4486,6396.1685077478505
00bbac68_4487,6388.24641050071
00bbac68_4488,6389.380086531835
00bbac68_4489,6401.1159201383625
00bbac68_4490,6394.572068482487
00bbac68_4491,6387.496484458959
00bbac68_4492,6396.257297250647
00bbac68_4493,6408.0510471160005
00bbac68_4494,6387.0274735212
00bbac68_4495,6362.471545424403
00bbac68_4496,6388.862172197691
00bbac68_4497,6367.055875169593
00bbac68_4498,6381.226930365532
00bbac68_4499,6377.676355325474
00bbac68_4500,6380.46132799696
00bbac68_4501,6374.907632278066
00bbac68_4502,6370.830593240083
00bbac68_4503,6381.156455076702
00bbac68_4504,6364.8693137855935
00bbac68_4505,6390.130761038078
00bbac68_4506,6374.095922695154
00bbac68_4507,6388.755280435581
00bbac68_4508,6370.3151780662765
00bbac68_4509,6385.833435069459
00bbac68_4510,6378.144878718176
00bbac68_4511,6375.827654379776
00bbac68_4512,6384.523910145965
00bbac68_4513,6380.009929534145
00bbac68_4514,6391.373950294952
00bbac68_4515,6390.512527865991
00bbac68_4516,6387.662182386729
00bbac68_4517,6380.655129148584
00bbac68_4518,6388.301757252335
00bbac68_4519,6378.535484969919
00bbac68_4520,6388.91270542724
00bbac68_4521,6381.72415737732
00bbac68_4522,6384.809841896152
00bbac68_4523,6378.006877768979
00bbac68_4524,6376.351868068002
00bbac68_4525,6387.979057172937
00bbac68_4526,6372.016480136496
00bbac68_4527,6399.270072960231
00bbac68_4528,6380.410270141768
00bbac68_4529,6394.833125576401
00bbac68_4530,6374.903531442046
00bbac68_4531,6384.351669876568
00bbac68_4532,6398.351598283669
00bbac68_4533,6380.445888764298
00bbac68_4534,6388.199924201399
00bbac68_4535,6380.739829937444
00bbac68_4536,6382.228798992227
00bbac68_4537,6392.914367058848
00bbac68_4538,6386.438985472402
00bbac68_4539,6395.762653224424
00bbac68_4540,6382.468717357463
00bbac68_4541,6392.17562840004
00bbac68_4542,6365.245716206845
00bbac68_4543,6394.363316176083
00bbac68_4544,6387.373402872623
00bbac68_4545,6377.474419975913
00bbac68_4546,6388.769675739435
00bbac68_4547,6371.934759171979
00bbac68_4548,6387.068681917648
00bbac68_4549,6369.6850673427325
00bbac68_4550,6393.097834862902
00bbac68_4551,6370.05688026284
00bbac68_4552,6382.360109301498
00bbac68_4553,6388.05099430296
00bbac68_4554,6387.720026343891
00bbac68_4555,6377.677028177652
00bbac68_4556,6382.569014027359
00bbac68_4557,6382.496363371566
00bbac68_4558,6375.0012834316
00bbac68_4559,6371.9299508109725
00bbac68_4560,6372.208393474737
00bbac68_4561,6363.805218269603
00bbac68_4562,6375.173243146475
00bbac68_4563,6382.018860998311
00bbac68_4564,6375.912267358998
00bbac68_4565,6368.199306808394
00bbac68_4566,6375.460227463113
00bbac68_4567,6387.496967355485
00bbac68_4568,6374.665690491504
00bbac68_4569,6367.3500640087295
00bbac68_4570,6386.204321927422
00bbac68_4571,6369.490391742866
00bbac68_4572,6369.222592224145
00bbac68_4573,6388.964704416802
00bbac68_4574,6382.807744856325
00bbac68_4575,6378.02929737906
00bbac68_4576,6365.434043894245
00bbac68_4577,6370.995253619002
00bbac68_4578,6378.341791357338
00bbac68_4579,6366.951731692194
00bbac68_4580,6376.298943176602
00bbac68_4581,6387.1172096098735
00bbac68_4582,6372.928735281467
00bbac68_4583,6385.009015114958
00bbac68_4584,6373.6008511528125
00bbac68_4585,6373.964232876162
00bbac68_4586,6377.062032889849
00bbac68_4587,6369.599043873954
00bbac68_4588,6372.178564889297
00bbac68_4589,6382.332383590624
00bbac68_4590,6394.789032307331
00bbac68_4591,6366.722102382647
00bbac68_4592,6370.185858810534
00bbac68_4593,6366.449662375227
00bbac68_4594,6366.686155849002
00bbac68_4595,6374.6626598610865
00bbac68_4596,6363.239794457963
00bbac68_4597,6377.168959327565
00bbac68_4598,6364.023261280564
00bbac68_4599,6383.319450447656
00bbac68_4600,6359.624759538147
00bbac68_4601,6382.970752132905
00bbac68_4602,6369.615250576864
00bbac68_4603,6365.334083896883
00bbac68_4604,6375.313935445688
00bbac68_4605,6364.0896195099995
00bbac68_4606,6367.346672866073
00bbac68_4607,6371.497815422038
00bbac68_4608,6379.702306431327
00bbac68_4609,6376.6746588381
00bbac68_4610,6368.380546260557
00bbac68_4611,6383.890230266316
00bbac68_4612,6358.321668741546
00bbac68_4613,6365.404631320345
00bbac68_4614,6373.276680733051
00bbac68_4615,6374.755709455849
00bbac68_4616,6367.968109823926
00bbac68_4617,6368.632157106856
00bbac68_4618,6364.798507935693
00bbac68_4619,6366.437725881586
00bbac68_4620,6366.886153416761
00bbac68_4621,6379.637671720794
00bbac68_4622,6391.099089758082
00bbac68_4623,6360.850747839139
00bbac68_4624,6366.844055329124
00bbac68_4625,6367.287953562228
00bbac68_4626,6374.953250742481
00bbac68_4627,6376.6324839849885
00bbac68_4628,6378.480601629894
00bbac68_4629,6359.5218922646645
00bbac68_4630,6363.004893406479
00bbac68_4631,6364.00006509598
00bbac68_4632,6369.654938338147
00bbac68_4633,6375.788335472741
00bbac68_4634,6363.33750096978
00bbac68_4635,6374.047400045559
00bbac68_4636,6375.672384070229
00bbac68_4637,6370.6470665701745
00bbac68_4638,6366.126015855876
00bbac68_4639,6365.088156631069
00bbac68_4640,6365.817800905284
00bbac68_4641,6367.821939331599
00bbac68_4642,6366.4471830238135
00bbac68_4643,6377.746988988463
00bbac68_4644,6377.947969807623
00bbac68_4645,6379.7016457480895
00bbac68_4646,6376.590574025104
00bbac68_4647,6377.420525371889
00bbac68_4648,6376.41617827865
00bbac68_4649,6378.612495730143
00bbac68_4650,6374.470911497798
00bbac68_4651,6375.439757499101
00bbac68_4652,6377.873882276945
00bbac68_4653,6371.7768618103955
00bbac68_4654,6373.129471586132
00bbac68_4655,6368.040579580944
00bbac68_4656,6370.431557509875
00bbac68_4657,6366.512789515553
00bbac68_4658,6365.944732188057
00bbac68_4659,6366.9352086038525
00bbac68_4660,6365.17042135594
00bbac68_4661,6362.648786522893
00bbac68_4662,6362.727054111722
00bbac68_4663,6360.646669852438
00bbac68_4664,6363.427186070217
00bbac68_4665,6360.996333373754
00bbac68_4666,6360.668665679582
00bbac68_4667,6370.98407307902
00bbac68_4668,6359.272527557009
00bbac68_4669,6358.796938334406
00bbac68_4670,6370.033880294099
00bbac68_4671,6351.524698558824
00bbac68_4672,6361.486230047563
00bbac68_4673,6350.6886948186975
00bbac68_4674,6371.421838355697
00bbac68_4675,6362.150229898729
00bbac68_4676,6360.448300143971
00bbac68_4677,6357.7381278067305
00bbac68_4678,6365.967011305072
00bbac68_4679,6366.799882406151
00bbac68_4680,6367.890851849242
00bbac68_4681,6369.2882456140505
00bbac68_4682,6359.896287410267
00bbac68_4683,6370.926579490229
00bbac68_4684,6358.0133224773845
00bbac68_4685,6359.648941760609
00bbac68_4686,6362.330925155148
00bbac68_4687,6368.364143787416
00bbac68_4688,6359.343232557794
00bbac68_4689,6370.455981566344
00bbac68_4690,6361.467840076887
00bbac68_4691,6376.61966306084
00bbac68_4692,6365.827026871121
00bbac68_4693,6357.694543323544
00bbac68_4694,6369.71847543374
00bbac68_4695,6359.337443069537
00bbac68_4696,6361.039891284907
00bbac68_4697,6379.06256280623
00bbac68_4698,6365.774908985197
00bbac68_4699,6382.866142317557
00bbac68_4700,6367.441796256992
00bbac68_4701,6380.860645993408
00bbac68_4702,6360.167418880963
00bbac68_4703,6373.4836364448465
00bbac68_4704,6379.9539393376035
00bbac68_4705,6377.616453456022
00bbac68_4706,6363.09235028983
00bbac68_4707,6377.798678899995
00bbac68_4708,6375.461336146153
00bbac68_4709,6386.491653853741
00bbac68_4710,6373.625856437746
00bbac68_4711,6385.38951748093
00bbac68_4712,6373.412513410241
00bbac68_4713,6378.2582630621655
00bbac68_4714,6379.425621347816
00bbac68_4715,6375.361063293293
00bbac68_4716,6385.615444537165
00bbac68_4717,6384.814851543996
00bbac68_4718,6379.108470052804
00bbac68_4719,6390.323959759493
00bbac68_4720,6382.166503477856
00bbac68_4721,6388.546539807019
00bbac68_4722,6390.077658352382
00bbac68_4723,6388.928030673931
00bbac68_4724,6377.606690115789
00bbac68_4725,6376.675729446285
00bbac68_4726,6376.800101807139
00bbac68_4727,6377.828907663154
00bbac68_4728,6376.413176006016
00bbac68_4729,6376.325923705337
00bbac68_4730,6367.288327948192
00bbac68_4731,6383.939225720288
00bbac68_4732,6378.889385338179
00bbac68_4733,6383.754719650908
00bbac68_4734,6379.911405840028
00bbac68_4735,6394.548709774208
00bbac68_4736,6391.962868454146
00bbac68_4737,6396.941107666761
00bbac68_4738,6396.651614476755
00bbac68_4739,6394.450716989935
00bbac68_4740,6399.400265618489
00bbac68_4741,6400.56125726302
00bbac68_4742,6395.816928820954
00bbac68_4743,6399.277736403024
00bbac68_4744,6398.364229551153
00bbac68_4745,6394.152718546605
00bbac68_4746,6392.068673314825
00bbac68_4747,6395.38484671699
00bbac68_4748,6392.2847461870615
00bbac68_4749,6395.427732145447
00bbac68_4750,6393.153894012286
00bbac68_4751,6396.112879386247
00bbac68_4752,6394.209528386693
00bbac68_4753,6393.083223881299
00bbac68_4754,6396.071390776455
00bbac68_4755,6391.79591194986
00bbac68_4756,6391.877851097816
00bbac68_4757,6395.447680189144
00bbac68_4758,6392.135903598387
00bbac68_4759,6392.651739664693
00bbac68_4760,6394.048229358722
00bbac68_4761,6391.2442358226435
00bbac68_4762,6401.733200341975
00bbac68_4763,6388.353827489404
00bbac68_4764,6394.053422934423
00bbac68_4765,6379.560907332279
00bbac68_4766,6381.372798355097
00bbac68_4767,6388.806094815301
00bbac68_4768,6374.910874735641
00bbac68_4769,6396.674384444116
00bbac68_4770,6394.187140595417
00bbac68_4771,6384.237679999966
00bbac68_4772,6391.416982314064
00bbac68_4773,6390.232587087886
00bbac68_4774,6364.858275623714
00bbac68_4775,6390.915052346462
00bbac68_4776,6377.038397927418
00bbac68_4777,6372.620437432827
00bbac68_4778,6388.521860788624
00bbac68_4779,6385.2112876274205
00bbac68_4780,6366.076410992822
00bbac68_4781,6384.7318362115
00bbac68_4782,6380.323907991997
00bbac68_4783,6375.65737594441
00bbac68_4784,6384.929195401186
00bbac68_4785,6372.714621638052
00bbac68_4786,6385.1905092652005
00bbac68_4787,6379.949731746113
00bbac68_4788,6374.964141326398
00bbac68_4789,6388.668471990135
00bbac68_4790,6371.777708710181
00bbac68_4791,6378.782985671334
00bbac68_4792,6399.130360500333
00bbac68_4793,6390.74778321694
00bbac68_4794,6386.474682300477
00bbac68_4795,6378.155624646974
00bbac68_4796,6389.193732928817
00bbac68_4797,6395.123241900722
00bbac68_4798,6383.829091646935
00bbac68_4799,6396.191792853214
00bbac68_4800,6377.581181358818
00bbac68_4801,6384.606590699533
00bbac68_4802,6403.69135585434
00bbac68_4803,6389.5600247017255
00bbac68_4804,6395.347728707574
00bbac68_4805,6402.687556581736
00bbac68_4806,6400.939586847715
00bbac68_4807,6397.20951770197
00bbac68_4808,6395.347733148171
00bbac68_4809,6398.400990614265
00bbac68_4810,6378.482888011947
00bbac68_4811,6395.147268458444
00bbac68_4812,6392.842163494964
00bbac68_4813,6384.275887482219
00bbac68_4814,6393.428938614277
00bbac68_4815,6387.342425513648
00bbac68_4816,6399.250580757343
00bbac68_4817,6397.255403012735
00bbac68_4818,6384.628664689838
00bbac68_4819,6400.402335020941
00bbac68_4820,6391.330849864158
00bbac68_4821,6395.051169961909
00bbac68_4822,6392.8763115626125
00bbac68_4823,6385.094628899912
00bbac68_4824,6398.936270621279
00bbac68_4825,6386.037298729788
00bbac68_4826,6384.766569269445
00bbac68_4827,6397.232027627671
00bbac68_4828,6384.761063994923
00bbac68_4829,6396.202945735208
00bbac68_4830,6393.554554143064
00bbac68_4831,6390.60860156537
00bbac68_4832,6388.273496014931
00bbac68_4833,6389.072101346693
00bbac68_4834,6371.176823564651
00bbac68_4835,6397.83114533898
00bbac68_4836,6383.556575133758
00bbac68_4837,6382.169563948961
00bbac68_4838,6401.26116849686
00bbac68_4839,6381.591089531773
00bbac68_4840,6389.434305908689
00bbac68_4841,6395.720179709245
00bbac68_4842,6385.438653929308
00bbac68_4843,6400.244528089638
00bbac68_4844,6397.904202010328
00bbac68_4845,6378.518160199823
00bbac68_4846,6395.43542876869
00bbac68_4847,6392.08259159594
00bbac68_4848,6388.655788069568
00bbac68_4849,6388.436076971767
00bbac68_4850,6404.258625684634
00bbac68_4851,6381.173244445371
00bbac68_4852,6393.1060881364265
00bbac68_4853,6389.492389463677
00bbac68_4854,6391.152259591753
00bbac68_4855,6399.339838930074
00bbac68_4856,6386.366322085167
00bbac68_4857,6390.776023305182
00bbac68_4858,6398.589629843119
00bbac68_4859,6400.6960672473715
00bbac68_4860,6380.548131664159
00bbac68_4861,6406.86174302335
00bbac68_4862,6386.522738237225
00bbac68_4863,6389.036929440937
00bbac68_4864,6408.947361902117
00bbac68_4865,6394.787789983956
00bbac68_4866,6409.967088076004
00bbac68_4867,6396.225136739729
00bbac68_4868,6408.265157436681
00bbac68_4869,6389.16453356537
00bbac68_4870,6399.414990190415
00bbac68_4871,6394.4446988104255
00bbac68_4872,6399.090524658612
00bbac68_4873,6390.249784290495
00bbac68_4874,6388.270464950306
00bbac68_4875,6398.676061274958
00bbac68_4876,6399.644761983871
00bbac68_4877,6391.690516901561
00bbac68_4878,6386.6610963937
00bbac68_4879,6394.286424798468
00bbac68_4880,6397.395471789976
00bbac68_4881,6397.1243200208
00bbac68_4882,6398.094886612693
00bbac68_4883,6388.656922590616
00bbac68_4884,6390.300547626423
00bbac68_4885,6394.701349974976
00bbac68_4886,6381.98777605162
00bbac68_4887,6394.386456230377
00bbac68_4888,6388.878147831409
00bbac68_4889,6389.402557586529
00bbac68_4890,6400.161493161113
00bbac68_4891,6396.498142408324
00bbac68_4892,6398.8554268580265
00bbac68_4893,6391.061894584811
00bbac68_4894,6399.163437051093
00bbac68_4895,6386.063272363354
00bbac68_4896,6379.790848174675
00bbac68_4897,6393.107161551932
00bbac68_4898,6396.3109350917175
00bbac68_4899,6393.139099614532
00bbac68_4900,6394.604345185301
00bbac68_4901,6385.8575732758
00bbac68_4902,6400.77684377961
00bbac68_4903,6399.627340939953
00bbac68_4904,6405.590983232486
00bbac68_4905,6401.057348377806
00bbac68_4906,6393.050368139807
00bbac68_4907,6399.054677093793
00bbac68_4908,6406.341073740241
00bbac68_4909,6415.385465139926
00bbac68_4910,6402.52719148882
00bbac68_4911,6413.766404376243
00bbac68_4912,6410.564905391729
00bbac68_4913,6398.779586768306
00bbac68_4914,6408.39441069733
00bbac68_4915,6401.426091124776
00bbac68_4916,6411.714643933681
00bbac68_4917,6399.0587169308255
00bbac68_4918,6402.279064725329
00bbac68_4919,6402.643237200975
00bbac68_4920,6390.990584684234
00bbac68_4921,6391.892273602768
00bbac68_4922,6403.872507514377
00bbac68_4923,6416.442066606397
00bbac68_4924,6406.00388073656
00bbac68_4925,6408.7938126550225
00bbac68_4926,6388.141921232613
00bbac68_4927,6397.273035393278
00bbac68_4928,6401.583943098722
00bbac68_4929,6391.162905883239
00bbac68_4930,6412.761213601943
00bbac68_4931,6411.634864548111
00bbac68_4932,6388.729873313065
00bbac68_4933,6397.31898890438
00bbac68_4934,6414.311722755001
00bbac68_4935,6395.880876546021
00bbac68_4936,6413.6401289196965
00bbac68_4937,6399.841443884964
00bbac68_4938,6416.587360693002
00bbac68_4939,6393.2530187273815
00bbac68_4940,6415.598366392878
00bbac68_4941,6403.160821816803
00bbac68_4942,6403.714623085449
00bbac68_4943,6397.664813004073
00bbac68_4944,6407.884766375754
00bbac68_4945,6398.453607835058
00bbac68_4946,6406.15391232173
00bbac68_4947,6394.609629215877
00bbac68_4948,6416.914951347599
00bbac68_4949,6401.295674630366
00bbac68_4950,6401.6192287890435
00bbac68_4951,6400.088372661302
00bbac68_4952,6408.291593727591
00bbac68_4953,6397.268830222519
00bbac68_4954,6395.217226428391
00bbac68_4955,6404.020191303172
00bbac68_4956,6400.385605620796
00bbac68_4957,6399.19836740243
00bbac68_4958,6417.618717207131
00bbac68_4959,6416.792523439146
00bbac68_4960,6420.509356243668
00bbac68_4961,6395.42674949042
00bbac68_4962,6397.565020851294
00bbac68_4963,6392.682851762039
00bbac68_4964,6402.899963504207
00bbac68_4965,6391.882322667685
00bbac68_4966,6389.168431196309
00bbac68_4967,6391.049089492237
00bbac68_4968,6403.513995939709
00bbac68_4969,6388.525187035114
00bbac68_4970,6400.443222741943
00bbac68_4971,6392.689015018054
00bbac68_4972,6394.687230747504
00bbac68_4973,6393.534249519298
00bbac68_4974,6394.96880123292
00bbac68_4975,6388.293073663665
00bbac68_4976,6389.4696445864665
00bbac68_4977,6383.569425552261
00bbac68_4978,6396.221422082958
00bbac68_4979,6385.739901720255
00bbac68_4980,6385.352168438042
00bbac68_4981,6381.938958271312
00bbac68_4982,6391.858809450679
00bbac68_4983,6386.178491160805
00bbac68_4984,6381.5243437875215
00bbac68_4985,6383.230267333867
00bbac68_4986,6380.622356616861
00bbac68_4987,6381.570574968796
00bbac68_4988,6395.311696290259
00bbac68_4989,6391.971130240595
00bbac68_4990,6394.892730314497
00bbac68_4991,6392.693436286139
00bbac68_4992,6389.299282089086
00bbac68_4993,6390.327544369408
00bbac68_4994,6387.512409659344
00bbac68_4995,6388.214649369286
00bbac68_4996,6397.559015123699
00bbac68_4997,6369.316671614159
00bbac68_4998,6374.311162888041
00bbac68_4999,6369.225557221911
00bbac68_5000,6379.715527577117
00bbac68_5001,6368.744888464353
00bbac68_5002,6378.841378808714
00bbac68_5003,6370.375439821867
00bbac68_5004,6370.142699843087
00bbac68_5005,6371.5278970076415
00bbac68_5006,6370.335346624809
00bbac68_5007,6374.370122522174
00bbac68_5008,6363.731472802532
00bbac68_5009,6377.429937327549
00bbac68_5010,6369.694279722539
00bbac68_5011,6369.485430413733
00bbac68_5012,6368.056754886615
00bbac68_5013,6364.907528752457
00bbac68_5014,6364.29159500807
00bbac68_5015,6373.905593642268
00bbac68_5016,6370.011766715313
00bbac68_5017,6371.473358132221
00bbac68_5018,6374.451794804805
00bbac68_5019,6380.784132232278
00bbac68_5020,6357.743072283916
00bbac68_5021,6358.7982266065665
00bbac68_5022,6368.960521839916
00bbac68_5023,6360.946209352462
00bbac68_5024,6373.40311186543
00bbac68_5025,6361.646995406038
00bbac68_5026,6362.6923749294465
00bbac68_5027,6363.377003262504
00bbac68_5028,6359.892871239352
00bbac68_5029,6358.245105589427
00bbac68_5030,6368.774704050515
00bbac68_5031,6378.3508563557625
00bbac68_5032,6365.819095051086
00bbac68_5033,6363.379014254252
00bbac68_5034,6361.133410567934
00bbac68_5035,6371.874713254927
00bbac68_5036,6353.801784200858
00bbac68_5037,6364.458722249204
00bbac68_5038,6362.4381302476795
00bbac68_5039,6359.728170108869
00bbac68_5040,6372.894791915719
00bbac68_5041,6370.580864114439
00bbac68_5042,6367.0281757041885
00bbac68_5043,6368.671490787896
00bbac68_5044,6365.815103204551
00bbac68_5045,6367.570243045759
00bbac68_5046,6371.696811635363
00bbac68_5047,6368.752421972371
00bbac68_5048,6366.076799389847
00bbac68_5049,6366.623386222151
00bbac68_5050,6370.040326846776
00bbac68_5051,6365.824282090845
00bbac68_5052,6362.083745408223
00bbac68_5053,6374.076758898078
00bbac68_5054,6371.143074243391
00bbac68_5055,6376.3376073368545
00bbac68_5056,6372.721602019558
00bbac68_5057,6375.414211013852
00bbac68_5058,6376.275398221115
00bbac68_5059,6374.3072503360745
00bbac68_5060,6376.376026304248
00bbac68_5061,6373.159382435215
00bbac68_5062,6375.667237261151
00bbac68_5063,6382.495138289465
00bbac68_5064,6369.7513869741015
00bbac68_5065,6376.463858294605
00bbac68_5066,6361.901834565453
00bbac68_5067,6362.347170754449
00bbac68_5068,6377.2927199527085
00bbac68_5069,6374.5590011512895
00bbac68_5070,6363.875400161214
00bbac68_5071,6381.457370829323
00bbac68_5072,6365.638290607585
00bbac68_5073,6368.109313890302
00bbac68_5074,6372.20858439351
00bbac68_5075,6378.218521550008
00bbac68_5076,6370.449804295583
00bbac68_5077,6365.549407603322
00bbac68_5078,6368.426881199152
00bbac68_5079,6369.8415071329955
00bbac68_5080,6369.476909668298
00bbac68_5081,6380.582950204959
00bbac68_5082,6378.838896073066
00bbac68_5083,6386.467725411139
00bbac68_5084,6374.375558974916
00bbac68_5085,6379.361458099889
00bbac68_5086,6362.549552376429
00bbac68_5087,6375.670825316206
00bbac68_5088,6364.225261471002
00bbac68_5089,6366.195768589899
00bbac68_5090,6371.55130297794
00bbac68_5091,6377.683077066502
00bbac68_5092,6367.49484847761
00bbac68_5093,6366.498512282763
00bbac68_5094,6365.139696891411
00bbac68_5095,6375.6792262083845
00bbac68_5096,6366.191754093645
00bbac68_5097,6361.8076345091
00bbac68_5098,6362.518157822944
00bbac68_5099,6363.381991568575
00bbac68_5100,6364.895095305049
00bbac68_5101,6377.875169809533
00bbac68_5102,6375.9841184527095
00bbac68_5103,6377.726464698809
00bbac68_5104,6379.335673399751
00bbac68_5105,6389.155608896239
00bbac68_5106,6373.024544447131
00bbac68_5107,6379.5444510654115
00bbac68_5108,6365.369085448129
00bbac68_5109,6376.540168296074
00bbac68_5110,6368.270379909693
00bbac68_5111,6367.086686338877
00bbac68_5112,6383.320526503105
00bbac68_5113,6366.568275302258
00bbac68_5114,6383.606483133112
00bbac68_5115,6371.011165167913
00bbac68_5116,6372.883097269739
00bbac68_5117,6371.423441129958
00bbac68_5118,6365.417670544803
00bbac68_5119,6374.071600518274
00bbac68_5120,6357.5297161505005
00bbac68_5121,6363.490118398686
00bbac68_5122,6364.245937050035
00bbac68_5123,6365.049733630828
00bbac68_5124,6366.7022241559935
00bbac68_5125,6377.967717825738
00bbac68_5126,6384.911611647869
00bbac68_5127,6362.837958273924
00bbac68_5128,6366.712713393859
00bbac68_5129,6366.945798150406
00bbac68_5130,6380.751671616163
00bbac68_5131,6371.942202078792
00bbac68_5132,6370.698727352512
00bbac68_5133,6374.41569237236
00bbac68_5134,6373.8940893796525
00bbac68_5135,6373.223957836995
00bbac68_5136,6395.5254121458065
00bbac68_5137,6365.674013089787
00bbac68_5138,6370.147407533042
00bbac68_5139,6369.873269379279
00bbac68_5140,6369.682749468572
00bbac68_5141,6381.259803130857
00bbac68_5142,6363.784044065841
00bbac68_5143,6380.387752613816
00bbac68_5144,6373.574056814898
00bbac68_5145,6376.574045383418
00bbac68_5146,6385.392547815909
00bbac68_5147,6379.902968371808
00bbac68_5148,6376.319179030916
00bbac68_5149,6377.181397440935
00bbac68_5150,6374.599635123512
00bbac68_5151,6377.713236987775
00bbac68_5152,6379.016360158916
00bbac68_5153,6369.539564939286
00bbac68_5154,6381.174040532474
00bbac68_5155,6378.565826363796
00bbac68_5156,6374.687517710714
00bbac68_5157,6370.562413429847
00bbac68_5158,6385.137317898536
00bbac68_5159,6387.217626483649
00bbac68_5160,6385.6800238305605
00bbac68_5161,6391.743627120721
00bbac68_5162,6369.970733051127
00bbac68_5163,6374.2734168892475
00bbac68_5164,6374.727371927469
00bbac68_5165,6369.744488909733
00bbac68_5166,6382.361468283186
00bbac68_5167,6370.528943628601
00bbac68_5168,6375.004650395204
00bbac68_5169,6374.475426181674
00bbac68_5170,6370.125089694399
00bbac68_5171,6383.141983845547
00bbac68_5172,6381.000848569342
00bbac68_5173,6373.070244208506
00bbac68_5174,6381.249510134376
00bbac68_5175,6381.758093533957
00bbac68_5176,6382.700019792974
00bbac68_5177,6382.902437216062
00bbac68_5178,6383.309276147423
00bbac68_5179,6390.043208988481
00bbac68_5180,6373.085586617695
00bbac68_5181,6375.312853363687
00bbac68_5182,6370.810989973929
00bbac68_5183,6390.389819647178
00bbac68_5184,6388.695707597028
00bbac68_5185,6379.598708988318
00bbac68_5186,6379.17676625071
00bbac68_5187,6380.656041393701
00bbac68_5188,6381.931557207421
00bbac68_5189,6380.362759813131
00bbac68_5190,6386.512452069234
00bbac68_5191,6389.354177707124
00bbac68_5192,6388.804701406736
00bbac68_5193,6388.690309106189
00bbac68_5194,6397.609530213231
00bbac68_5195,6370.311166850709
00bbac68_5196,6377.217680804818
00bbac68_5197,6387.314095838416
00bbac68_5198,6377.063932734906
00bbac68_5199,6381.262688541296
00bbac68_5200,6382.299985253645
00bbac68_5201,6386.705815250432
00bbac68_5202,6380.662244624964
00bbac68_5203,6370.612581902597
00bbac68_5204,6384.508591934386
00bbac68_5205,6373.084991272231
00bbac68_5206,6384.102979467443
00bbac68_5207,6374.176477326402
00bbac68_5208,6392.789758637601
00bbac68_5209,6372.3124784573665
00bbac68_5210,6391.5370361969435
00bbac68_5211,6383.283485105063
00bbac68_5212,6373.720210661992
00bbac68_5213,6377.23973369259
00bbac68_5214,6395.591695023832
00bbac68_5215,6374.905137707822
00bbac68_5216,6392.155453185534
00bbac68_5217,6381.320503735642
00bbac68_5218,6387.252995997366
00bbac68_5219,6387.444871910678
00bbac68_5220,6391.261270296275
00bbac68_5221,6382.814440573194
00bbac68_5222,6377.875256833816
00bbac68_5223,6379.703753799288
00bbac68_5224,6380.947183646947
00bbac68_5225,6379.6061735689045
00bbac68_5226,6402.326469029046
00bbac68_5227,6388.506140579342
00bbac68_5228,6381.226628921106
00bbac68_5229,6392.045855332714
00bbac68_5230,6371.963942414727
00bbac68_5231,6375.8139587380565
00bbac68_5232,6383.442709439671
00bbac68_5233,6380.85547698349
00bbac68_5234,6379.584287784991
00bbac68_5235,6390.735514419481
00bbac68_5236,6389.627941883827
00bbac68_5237,6390.727043502459
00bbac68_5238,6392.217741442582
00bbac68_5239,6401.679467895009
00bbac68_5240,6387.383777204688
00bbac68_5241,6381.612547103574
00bbac68_5242,6395.530722303416
00bbac68_5243,6376.9614128528365
00bbac68_5244,6375.213448743328
00bbac68_5245,6383.317903933068
00bbac68_5246,6381.012809166204
00bbac68_5247,6379.894081262229
00bbac68_5248,6402.036670187339
00bbac68_5249,6376.553575249776
00bbac68_5250,6391.153583112353
00bbac68_5251,6378.8828941103175
00bbac68_5252,6381.804167417638
00bbac68_5253,6393.417154344998
00bbac68_5254,6377.534934580292
00bbac68_5255,6384.717864814926
00bbac68_5256,6378.399717878504
00bbac68_5257,6377.4462334167365
00bbac68_5258,6378.613678323474
00bbac68_5259,6388.80938577732
00bbac68_5260,6389.302361049268
00bbac68_5261,6394.939673052016
00bbac68_5262,6369.856959255278
00bbac68_5263,6374.3523494730325
00bbac68_5264,6374.883094308076
00bbac68_5265,6374.441006741681
00bbac68_5266,6379.868324189523
00bbac68_5267,6379.1714649157475
00bbac68_5268,6384.6206771780535
00bbac68_5269,6369.055331910157
00bbac68_5270,6383.777749139667
00bbac68_5271,6372.273664127202
00bbac68_5272,6372.112595957364
00bbac68_5273,6379.509945987615
00bbac68_5274,6375.524026438746
00bbac68_5275,6377.892217074738
00bbac68_5276,6399.9792567599725
00bbac68_5277,6374.115688444261
00bbac68_5278,7877.947181278019
00bbac68_5279,7294.469945608111
00bbac68_5280,6641.856834481417
00bbac68_5281,6650.768908303519
00bbac68_5282,6743.933217402239
00bbac68_5283,6744.71761465777
00bbac68_5284,6742.389643622018
00bbac68_5285,6699.855515575178
00bbac68_5286,6763.463134432853
00bbac68_5287,6700.913491441842
00bbac68_5288,6711.141868929356
00bbac68_5289,6698.196686337859
00bbac68_5290,6702.946685032585
00bbac68_5291,6633.937551127752
00bbac68_5292,6708.732743541502
00bbac68_5293,6670.82486317215
00bbac68_5294,6710.767309587802
00bbac68_5295,6646.84213645589
00bbac68_5296,6666.19967002812
00bbac68_5297,6667.865101477043
00bbac68_5298,6648.370407660419
00bbac68_5299,6669.717091340506
00bbac68_5300,6648.044934160869
00bbac68_5301,6669.528283929556
00bbac68_5302,6648.26900627311
00bbac68_5303,6668.8668586055155
00bbac68_5304,6655.649576943161
00bbac68_5305,6668.4658569761095
00bbac68_5306,6655.889981992226
00bbac68_5307,6652.616941535336
00bbac68_5308,6666.4960448236925
00bbac68_5309,6658.737064287683
00bbac68_5310,6654.725991663818
00bbac68_5311,6669.651654111231
00bbac68_5312,6660.245739540879
00bbac68_5313,6657.92720908963
00bbac68_5314,6658.109593384178
00bbac68_5315,6658.232326116964
00bbac68_5316,6668.649730318556
00bbac68_5317,6663.810137859371
00bbac68_5318,6660.599959581014
00bbac68_5319,6664.881439260979
00bbac68_5320,6673.924738403804
00bbac68_5321,6682.901128951782
00bbac68_5322,6668.167144195933
00bbac68_5323,6678.456006854497
00bbac68_5324,6681.679980469507
00bbac68_5325,6691.268412725144
00bbac68_5326,6704.672778250995
00bbac68_5327,6704.541369158212
00bbac68_5328,6697.400173331811
00bbac68_5329,6704.616116606389
00bbac68_5330,6708.919762931998
00bbac68_5331,6701.117395389226
00bbac68_5332,6692.706463460385
00bbac68_5333,6688.190979713224
00bbac68_5334,6695.495030715917
00bbac68_5335,6693.309288917174
00bbac68_5336,6694.1079233526925
00bbac68_5337,6694.102991073437
00bbac68_5338,6691.651332779428
00bbac68_5339,6685.874608447176
00bbac68_5340,6692.469885302301
00bbac68_5341,6687.522686958655
00bbac68_5342,6680.698756748734
00bbac68_5343,6676.1930661894285
00bbac68_5344,6694.733630745371
00bbac68_5345,6691.378802016582
00bbac68_5346,6683.36352325043
00bbac68_5347,6686.148878691923
00bbac68_5348,6687.708081749802
00bbac68_5349,6696.555444089105
00bbac68_5350,6688.025448702176
00bbac68_5351,6692.667841423208
00bbac68_5352,6696.723346291004
00bbac68_5353,6696.806694531598
00bbac68_5354,6693.800498242053
00bbac68_5355,6698.2091071288205
00bbac68_5356,6694.408407816401
00bbac68_5357,6695.394252408502
00bbac68_5358,6699.601830437876
00bbac68_5359,6699.685200749778
00bbac68_5360,6696.871045588306
00bbac68_5361,6699.954696592213
00bbac68_5362,6695.719590017362
00bbac68_5363,6699.334547641744
00bbac68_5364,6696.354541627203
00bbac68_5365,6701.716566208496
00bbac68_5366,6698.735429337909
00bbac68_5367,6704.458366102677
00bbac68_5368,6700.682053129731
00bbac68_5369,6705.086570810552
00bbac68_5370,6701.2589265797915
00bbac68_5371,6704.506904821164
00bbac68_5372,6695.514390545658
00bbac68_5373,6702.635391990323
00bbac68_5374,6700.62460986747
00bbac68_5375,6702.590435636689
00bbac68_5376,6690.876492796824
00bbac68_5377,6689.747228488906
00bbac68_5378,6692.57699769327
00bbac68_5379,6690.583299663119
00bbac68_5380,6706.748251546018
00bbac68_5381,6708.0180740472215
00bbac68_5382,6709.692711071902
00bbac68_5383,6707.607382411203
00bbac68_5384,6708.524656762477
00bbac68_5385,6707.107672171272
00bbac68_5386,6709.675826113107
00bbac68_5387,6710.980231230427
00bbac68_5388,6709.85838270593
00bbac68_5389,6726.142202163751
00bbac68_5390,6708.61677742062
00bbac68_5391,6714.054651523024
00bbac68_5392,6716.114558293042
00bbac68_5393,6715.805197062249
00bbac68_5394,6711.788915601058
00bbac68_5395,6715.412599511133
00bbac68_5396,6709.714757544493
00bbac68_5397,6708.499055486799
00bbac68_5398,6710.651908473816
00bbac68_5399,6717.377621642157
00bbac68_5400,6715.3648390322505
00bbac68_5401,6714.76112550966
00bbac68_5402,6714.3736234135595
00bbac68_5403,6717.582648300806
00bbac68_5404,6715.164223434452
00bbac68_5405,6713.0409168822325
00bbac68_5406,6718.320955964797
00bbac68_5407,6713.392887916364
00bbac68_5408,6717.929632322538
00bbac68_5409,6714.221264157111
00bbac68_5410,6717.792653586545
00bbac68_5411,6718.415085418067
00bbac68_5412,6721.572426487406
00bbac68_5413,6718.627322939668
00bbac68_5414,6724.306203976554
00bbac68_5415,6719.535340118419
00bbac68_5416,6724.861495375894
00bbac68_5417,6725.440472238051
00bbac68_5418,6723.854442675089
00bbac68_5419,6725.469114920464
00bbac68_5420,6725.243107913586
00bbac68_5421,6724.932810044216
00bbac68_5422,6724.353011061702
00bbac68_5423,6723.97650365111
00bbac68_5424,6722.972711934207
00bbac68_5425,6722.017533483496
00bbac68_5426,6724.201417796812
00bbac68_5427,6723.70577689226
00bbac68_5428,6724.122412417401
00bbac68_5429,6723.6987447874535
00bbac68_5430,6726.191348628201
00bbac68_5431,6728.664645071248
00bbac68_5432,6726.923978271554
00bbac68_5433,6725.519023991912
00bbac68_5434,6727.479690314485
00bbac68_5435,6726.239537447233
00bbac68_5436,6726.999675325616
00bbac68_5437,6727.892828310063
00bbac68_5438,6729.41964999375
00bbac68_5439,6729.293864995279
00bbac68_5440,6649.091139535957
00bbac68_5441,6651.33888933111
00bbac68_5442,6649.78469044525
00bbac68_5443,6655.606798878068
00bbac68_5444,6652.471615241554
00bbac68_5445,6652.178516921066
00bbac68_5446,6657.055155467886
00bbac68_5447,6652.848861154708
00bbac68_5448,6656.342416327303
00bbac68_5449,6653.0354862593795
00bbac68_5450,6657.116901133285
00bbac68_5451,6654.792667942436
00bbac68_5452,6658.251055392361
00bbac68_5453,6661.174152191111
00bbac68_5454,6659.287456074121
00bbac68_5455,6663.673597825728
00bbac68_5456,6668.767324064543
00bbac68_5457,6665.822809261892
00bbac68_5458,6667.709459161584
00bbac68_5459,6668.618730210708
00bbac68_5460,6668.696574013818
00bbac68_5461,6671.7670110351055
00bbac68_5462,6670.224023293343
00bbac68_5463,6669.539561832334
00bbac68_5464,6667.520146681484
00bbac68_5465,6669.545086061963
00bbac68_5466,6670.984957223486
00bbac68_5467,6672.906337277877
00bbac68_5468,6671.945984119573
00bbac68_5469,6672.313745378676
00bbac68_5470,6675.288327916242
00bbac68_5471,6673.200687767486
00bbac68_5472,6675.769020552676
00bbac68_5473,6676.038847497413
00bbac68_5474,6676.4888123691335
00bbac68_5475,6686.718493015917
00bbac68_5476,6690.406101062398
00bbac68_5477,6690.0054831108155
00bbac68_5478,6688.300789769663
00bbac68_5479,6697.3162377722865
00bbac68_5480,6704.302891089427
00bbac68_5481,6704.016983392598
00bbac68_5482,6708.370645522212
00bbac68_5483,6750.4066371213075
00bbac68_5484,6752.930842530898
00bbac68_5485,6749.803642522022
00bbac68_5486,6750.747948092183
00bbac68_5487,6746.043239684284
00bbac68_5488,6745.007752822744
00bbac68_5489,6744.602919277964
00bbac68_5490,6761.924507297591
00bbac68_5491,6756.985716711894
00bbac68_5492,6759.6149430675605
00bbac68_5493,6757.1012494053475
00bbac68_5494,6758.8714686057465
00bbac68_5495,6772.439773975986
00bbac68_5496,6764.106648343843
00bbac68_5497,6764.685486872337
00bbac68_5498,6765.782870984155
00bbac68_5499,6766.375032378669
00bbac68_5500,6764.133613217414
00bbac68_5501,6765.744923880122
00bbac68_5502,6767.493556758006
00bbac68_5503,6768.174820410644
00bbac68_5504,6767.204931147565
00bbac68_5505,6764.491366816742
00bbac68_5506,6764.941326159748
00bbac68_5507,6766.135019579163
00bbac68_5508,6765.806820518179
00bbac68_5509,6766.991162309875
00bbac68_5510,6769.179682158188
00bbac68_5511,6771.044986911105
00bbac68_5512,6770.319341253328
00bbac68_5513,6772.488396400067
00bbac68_5514,6773.576219197493
00bbac68_5515,6773.471799400825
00bbac68_5516,6774.360100009452
00bbac68_5517,6785.528353714836
00bbac68_5518,6772.406597528353
00bbac68_5519,6775.474446255172
00bbac68_5520,6779.328366451882
00bbac68_5521,6780.462214847551
00bbac68_5522,6792.039817649974
00bbac68_5523,6783.227224367423
00bbac68_5524,6786.550947282665
00bbac68_5525,6786.472797940184
00bbac68_5526,6794.141001543832
00bbac68_5527,6783.09216519368
00bbac68_5528,6787.226644526155
00bbac68_5529,6788.942218045262
00bbac68_5530,6789.817605549449
00bbac68_5531,6802.030347470356
00bbac68_5532,6789.6201762807905
00bbac68_5533,6789.361831656118
00bbac68_5534,6788.622413488171
00bbac68_5535,6787.13482462581
00bbac68_5536,6789.439697390323
00bbac68_5537,6787.856992866712
00bbac68_5538,6791.259320151148
00bbac68_5539,6788.026746006504
00bbac68_5540,6790.689022132661
00bbac68_5541,6790.900200556042
00bbac68_5542,6789.971423740263
00bbac68_5543,6787.25000681587
00bbac68_5544,6789.172775241444
00bbac68_5545,6794.178410614303
00bbac68_5546,6792.922864791132
00bbac68_5547,6798.932693746871
00bbac68_5548,6797.928127362339
00bbac68_5549,6797.892603096075
00bbac68_5550,6795.3500989525855
00bbac68_5551,6790.248942052411
00bbac68_5552,6789.6933359722725
00bbac68_5553,6791.295864331441
00bbac68_5554,6791.291107938658
00bbac68_5555,6801.046599797821
00bbac68_5556,6791.412969619542
00bbac68_5557,6797.5015007386655
00bbac68_5558,6797.663058070195
00bbac68_5559,6810.80104854151
00bbac68_5560,6795.347394458592
00bbac68_5561,6805.387942320097
00bbac68_5562,6807.145151775511
00bbac68_5563,6807.1435482791485
00bbac68_5564,6804.962928311657
00bbac68_5565,6807.188466496607
00bbac68_5566,6806.399745245449
00bbac68_5567,6804.362682726478
00bbac68_5568,6799.416460133487
00bbac68_5569,6799.545171501939
00bbac68_5570,6799.334924546984
00bbac68_5571,6799.483668154659
00bbac68_5572,6800.296160407115
00bbac68_5573,6794.365422375998
00bbac68_5574,6797.443956999625
00bbac68_5575,6800.020332328704
00bbac68_5576,6801.638411046468
00bbac68_5577,6793.989205770464
00bbac68_5578,6796.226672796774
00bbac68_5579,6795.325098603931
00bbac68_5580,6795.291607065658
00bbac68_5581,6806.25438826526
00bbac68_5582,6789.569184307799
00bbac68_5583,6793.369173646666
00bbac68_5584,6792.4652082163075
00bbac68_5585,6794.940531603068
00bbac68_5586,6794.569416427125
00bbac68_5587,6793.755892518449
00bbac68_5588,6797.114963574486
00bbac68_5589,6797.77924678371
00bbac68_5590,6796.532051238925
00bbac68_5591,6796.724066934664
00bbac68_5592,6795.543993290368
00bbac68_5593,6793.797821592922
00bbac68_5594,6795.829179876997
00bbac68_5595,6795.477177231818
00bbac68_5596,6795.730025650939
00bbac68_5597,6799.653853117331
00bbac68_5598,6801.37251015588
00bbac68_5599,6803.118769038812
00bbac68_5600,6802.294261953377
00bbac68_5601,6801.504297995413
00bbac68_5602,6800.8269132130235
00bbac68_5603,6802.090444543151
00bbac68_5604,6803.212972449006
00bbac68_5605,6802.25712005232
00bbac68_5606,6798.407877006776
00bbac68_5607,6798.390705055631
00bbac68_5608,6809.937464453047
00bbac68_5609,6798.6976706703645
00bbac68_5610,6796.029309714595
00bbac68_5611,6793.847431608237
00bbac68_5612,6793.400361458918
00bbac68_5613,6794.386569720923
00bbac68_5614,6792.415446912368
00bbac68_5615,6790.319455023212
00bbac68_5616,6795.426694336507
00bbac68_5617,6803.361531431828
00bbac68_5618,6811.359406416705
00bbac68_5619,6810.9000217527355
00bbac68_5620,6811.212174831297
00bbac68_5621,6809.691881505868
00bbac68_5622,6819.490295148476
00bbac68_5623,6817.969374026181
00bbac68_5624,6812.805827294191
00bbac68_5625,6816.576518939603
00bbac68_5626,6816.033652586007
00bbac68_5627,6815.691961794359
00bbac68_5628,6817.090570526876
00bbac68_5629,6816.248957861971
00bbac68_5630,6818.480084518214
00bbac68_5631,6818.510085824655
00bbac68_5632,6814.418033848612
00bbac68_5633,6810.607507061094
00bbac68_5634,6810.957152061278
00bbac68_5635,6810.361490272748
00bbac68_5636,6809.431922087504
00bbac68_5637,6809.705611693998
00bbac68_5638,6810.934182926385
00bbac68_5639,6814.511287880564
00bbac68_5640,6815.398783088385
00bbac68_5641,6817.164515274318
00bbac68_5642,6826.927588393722
00bbac68_5643,6812.791566776777
00bbac68_5644,6819.882309885265
00bbac68_5645,6823.423203825868
00bbac68_5646,6824.182552958208
00bbac68_5647,6823.824401174953
00bbac68_5648,6820.25913315457
00bbac68_5649,6823.829360890739
00bbac68_5650,6823.583203307053
00bbac68_5651,6821.91157994323
00bbac68_5652,6820.09761697469
00bbac68_5653,6835.074493606831
00bbac68_5654,6824.951097809159
00bbac68_5655,6829.99325616942
00bbac68_5656,6844.382305187844
00bbac68_5657,6833.164224555237
00bbac68_5658,6834.04423077732
00bbac68_5659,6831.518574335969
00bbac68_5660,6832.792244058936
00bbac68_5661,6830.747437234767
00bbac68_5662,6831.883026302354
00bbac68_5663,6830.372562690332
00bbac68_5664,6833.133818778436
00bbac68_5665,6833.27506533315
00bbac68_5666,6844.664426946264
00bbac68_5667,6834.5276378388835
00bbac68_5668,6833.275746994058
00bbac68_5669,6832.653423011206
00bbac68_5670,6833.205504084077
00bbac68_5671,6832.786525741682
00bbac68_5672,6832.833367313859
00bbac68_5673,6828.351421937525
00bbac68_5674,6837.0542031435125
00bbac68_5675,6825.5450163775095
00bbac68_5676,6830.595739507637
00bbac68_5677,6835.521891265177
00bbac68_5678,6837.249963493815
00bbac68_5679,6836.43502178639
00bbac68_5680,6833.539519214888
00bbac68_5681,6834.6432657582745
00bbac68_5682,6836.345558451589
00bbac68_5683,6837.323157540059
00bbac68_5684,6838.581181011269
00bbac68_5685,6836.418994229019
00bbac68_5686,6835.2595128765215
00bbac68_5687,6833.638007331604
00bbac68_5688,6835.648287962394
00bbac68_5689,6836.445170408766
00bbac68_5690,6837.912967386365
00bbac68_5691,6838.441880134887
00bbac68_5692,6849.134125674923
00bbac68_5693,6835.945254140828
00bbac68_5694,6838.608276421542
00bbac68_5695,6839.777777803237
00bbac68_5696,6839.343710387385
00bbac68_5697,6836.541438634361
00bbac68_5698,6836.9121535359
00bbac68_5699,6837.390191403165
00bbac68_5700,6838.178047120459
00bbac68_5701,6838.711295998028
00bbac68_5702,6838.741545861495
00bbac68_5703,6837.90391502715
00bbac68_5704,6836.009267822355
00bbac68_5705,6836.881280600779
00bbac68_5706,6837.699587732466
00bbac68_5707,6834.536771977187
00bbac68_5708,6835.031346126478
00bbac68_5709,6835.217289734786
00bbac68_5710,6834.068457894447
00bbac68_5711,6835.383887288063
00bbac68_5712,6833.855149643956
00bbac68_5713,6836.945508238859
00bbac68_5714,6836.951771158257
00bbac68_5715,6845.029193297547
00bbac68_5716,6845.974051679038
00bbac68_5717,6838.707906205276
00bbac68_5718,6840.119752081447
00bbac68_5719,6839.512754077911
00bbac68_5720,6838.73031645031
00bbac68_5721,6835.3497325746375
00bbac68_5722,6842.877896680322
00bbac68_5723,6842.966473234705
00bbac68_5724,6843.144002434007
00bbac68_5725,6839.390683270151
00bbac68_5726,6840.073077211588
00bbac68_5727,6837.541827055007
00bbac68_5728,6837.599224389411
00bbac68_5729,6846.807435803631
00bbac68_5730,6840.988350461195
00bbac68_5731,6841.959628223704
00bbac68_5732,6839.567844022052
00bbac68_5733,6839.168741905321
00bbac68_5734,6838.598448270387
00bbac68_5735,6838.043436830088
00bbac68_5736,6835.497963583103
00bbac68_5737,6837.193493587947
00bbac68_5738,6835.272218203324
00bbac68_5739,6836.205845876507
00bbac68_5740,6836.386877625012
00bbac68_5741,6836.768695179942
00bbac68_5742,6837.2664710549425
00bbac68_5743,6833.276526257649
00bbac68_5744,6833.258564770843
00bbac68_5745,6835.0565448639345
00bbac68_5746,6834.678512263261
00bbac68_5747,6836.441011619942
00bbac68_5748,6837.21287596138
00bbac68_5749,6836.644793482441
00bbac68_5750,6836.138457146785
00bbac68_5751,6835.431739636756
00bbac68_5752,6836.395922925732
00bbac68_5753,6839.257490569189
00bbac68_5754,6839.852483616928
00bbac68_5755,6841.109449323082
00bbac68_5756,6841.4073506711375
00bbac68_5757,6843.603155547316
00bbac68_5758,6843.904495771544
00bbac68_5759,6842.746306760501
00bbac68_5760,6841.517455742856
00bbac68_5761,6842.649722197787
00bbac68_5762,6848.373156502318
00bbac68_5763,6850.471954316925
00bbac68_5764,6852.569179634673
00bbac68_5765,6853.054461420037
00bbac68_5766,6848.261869286509
00bbac68_5767,6844.105038773079
00bbac68_5768,6839.479914097847
00bbac68_5769,6838.1867154014635
00bbac68_5770,6839.063111201672
00bbac68_5771,6839.332683012227
00bbac68_5772,6838.398699593057
00bbac68_5773,6838.865452199199
00bbac68_5774,6840.034917911352
00bbac68_5775,6837.5594918903225
00bbac68_5776,6839.1314810246895
00bbac68_5777,6841.103975338056
00bbac68_5778,6838.263446587305
00bbac68_5779,6839.157389897915
00bbac68_5780,6817.596594115321
00bbac68_5781,6817.688696501641
00bbac68_5782,6816.721789920166
00bbac68_5783,6816.590106817793
00bbac68_5784,6818.628638341715
00bbac68_5785,6818.525751268756
00bbac68_5786,6819.298069979146
00bbac68_5787,6819.154440726206
00bbac68_5788,6819.522736720752
00bbac68_5789,6822.761585662415
00bbac68_5790,6820.925633634254
00bbac68_5791,6821.8887572347385
00bbac68_5792,6821.096151039538
00bbac68_5793,6818.833873964139
00bbac68_5794,6819.368854469402
00bbac68_5795,6816.387601291584
00bbac68_5796,6815.845184842878
00bbac68_5797,6815.95777240524
00bbac68_5798,6816.505130352523
00bbac68_5799,6817.483092347018
00bbac68_5800,6816.112907043685
00bbac68_5801,6817.425589313111
00bbac68_5802,6816.764405378171
00bbac68_5803,6817.846463510322
00bbac68_5804,6817.975737845406
00bbac68_5805,6817.446433746239
00bbac68_5806,6818.06213166771
00bbac68_5807,6819.123742539944
00bbac68_5808,6820.614572627698
00bbac68_5809,6818.68693762982
00bbac68_5810,6818.340729282839
00bbac68_5811,6819.572775386546
00bbac68_5812,6821.220496876244
00bbac68_5813,6819.306328377153
00bbac68_5814,6821.2001565091105
00bbac68_5815,6820.924433591066
00bbac68_5816,6820.9574926559135
00bbac68_5817,6821.716899767629
00bbac68_5818,6820.695439965232
00bbac68_5819,6822.126091723784
00bbac68_5820,6827.639883067652
00bbac68_5821,6831.9390610110695
00bbac68_5822,6833.061712168065
00bbac68_5823,6833.623816187858
00bbac68_5824,6842.516823626213
00bbac68_5825,6858.667464456461
00bbac68_5826,6852.985479025237
00bbac68_5827,6853.023928824545
00bbac68_5828,6852.503702797274
00bbac68_5829,6850.638191867477
00bbac68_5830,6852.108921317152
00bbac68_5831,6852.466963724528
00bbac68_5832,6864.962296173945
00bbac68_5833,6856.021662987448
00bbac68_5834,6860.462764095048
00bbac68_5835,6858.978076335922
00bbac68_5836,6858.051709301933
00bbac68_5837,6855.683107192314
00bbac68_5838,6859.240837486086
00bbac68_5839,6859.642436679137
00bbac68_5840,6861.073353786494
00bbac68_5841,6860.660195268819
00bbac68_5842,6860.922791233027
00bbac68_5843,6861.491461363139
00bbac68_5844,6861.161354894578
00bbac68_5845,6861.453215574237
00bbac68_5846,6863.193871639351
00bbac68_5847,6864.044825765046
00bbac68_5848,6870.041668920396
00bbac68_5849,6870.896952524742
00bbac68_5850,6871.286987795174
00bbac68_5851,6871.245605787532
00bbac68_5852,6871.093846846663
00bbac68_5853,6873.311130373604
00bbac68_5854,6872.123036035254
00bbac68_5855,6875.088930677421
00bbac68_5856,6874.250627020065
00bbac68_5857,6873.157996915361
00bbac68_5858,6873.134406057228
00bbac68_5859,6871.649637513586
00bbac68_5860,6870.84130146872
00bbac68_5861,6869.720770194392
00bbac68_5862,6880.104970957501
00bbac68_5863,6862.546074828926
00bbac68_5864,6865.402937233127
00bbac68_5865,6866.169560137374
00bbac68_5866,6866.600743193271
00bbac68_5867,6865.2328943834455
00bbac68_5868,6867.270673485324
00bbac68_5869,6868.258549218375
00bbac68_5870,6867.18387418873
00bbac68_5871,6867.853201882059
00bbac68_5872,6869.266953699655
00bbac68_5873,6868.841809546837
00bbac68_5874,6869.261985275551
00bbac68_5875,6864.899112944081
00bbac68_5876,6859.587279405984
00bbac68_5877,6859.136380251635
00bbac68_5878,6865.612812735722
00bbac68_5879,6866.760449001347
00bbac68_5880,6865.267758656182
00bbac68_5881,6865.525608467565
00bbac68_5882,6865.479530625624
00bbac68_5883,6855.164862698088
00bbac68_5884,6856.499177171292
00bbac68_5885,6857.066641229962
00bbac68_5886,6857.56563195507
00bbac68_5887,6856.5044647958475
00bbac68_5888,6856.836681901886
00bbac68_5889,6859.1267681668805
00bbac68_5890,6859.616974895433
00bbac68_5891,6871.5078202957975
00bbac68_5892,6857.746872331109
00bbac68_5893,6862.992080464319
00bbac68_5894,6863.193582851461
00bbac68_5895,6863.643295224888
00bbac68_5896,6859.162710025738
00bbac68_5897,6859.590840224878
00bbac68_5898,6860.765965364725
00bbac68_5899,6861.1071301588045
00bbac68_5900,6860.982505517772
00bbac68_5901,6861.360411871915
00bbac68_5902,6862.503749283974
00bbac68_5903,6863.3684562671
00bbac68_5904,6862.431046013927
00bbac68_5905,6862.123881146884
00bbac68_5906,6861.535183865542
00bbac68_5907,6866.604911933879
00bbac68_5908,6867.490467000882
00bbac68_5909,6870.244813261432
00bbac68_5910,6870.55301064971
00bbac68_5911,6870.606606514134
00bbac68_5912,6870.756788901636
00bbac68_5913,6865.651464211232
00bbac68_5914,6864.591778830991
00bbac68_5915,6869.158262406107
00bbac68_5916,6869.465559368436
00bbac68_5917,6872.275532418481
00bbac68_5918,6871.367462774282
00bbac68_5919,6871.102595847574
00bbac68_5920,6869.857862046965
00bbac68_5921,6872.4776134692775
00bbac68_5922,6867.112605204741
00bbac68_5923,6866.28893410629
00bbac68_5924,6865.868955700564
00bbac68_5925,6865.500247135528
00bbac68_5926,6866.500940601315
00bbac68_5927,6866.16424207519
00bbac68_5928,6867.201933859079
00bbac68_5929,6865.7602064490975
00bbac68_5930,6866.34240457508
00bbac68_5931,6866.503791205421
00bbac68_5932,6866.677469621823
00bbac68_5933,6871.5475291858
00bbac68_5934,6863.201641261177
00bbac68_5935,6864.8522990725805
00bbac68_5936,6865.141785209969
00bbac68_5937,6861.893520102523
00bbac68_5938,6863.428318675899
00bbac68_5939,6864.998379807613
00bbac68_5940,6864.280733807728
00bbac68_5941,6863.5472203617155
00bbac68_5942,6857.393170874831
00bbac68_5943,6855.546098421469
00bbac68_5944,6858.485485205824
00bbac68_5945,6867.612470438089
00bbac68_5946,6864.143725428638
00bbac68_5947,6865.619473502996
00bbac68_5948,6865.50809948067
00bbac68_5949,6864.757169766617
00bbac68_5950,6863.4053927287205
00bbac68_5951,6862.844626426917
00bbac68_5952,6863.066689975477
00bbac68_5953,6863.13991728159
00bbac68_5954,6868.521100400215
00bbac68_5955,6869.5808414541125
00bbac68_5956,6870.7770205083725
00bbac68_5957,6871.3844722022
00bbac68_5958,6871.0108231625045
00bbac68_5959,6870.205900213527
00bbac68_5960,6869.431618313451
00bbac68_5961,6873.198622391181
00bbac68_5962,6872.051070354808
00bbac68_5963,6868.840807971367
00bbac68_5964,6870.596595569128
00bbac68_5965,6869.338930428449
00bbac68_5966,6869.636488313043
00bbac68_5967,6868.589173248395
00bbac68_5968,6870.949519768851
00bbac68_5969,6872.110361533493
00bbac68_5970,6872.878595165646
00bbac68_5971,6882.500261853448
00bbac68_5972,6871.968254174457
00bbac68_5973,6873.881846244766
00bbac68_5974,6871.767959008983
00bbac68_5975,6872.976688806953
00bbac68_5976,6869.008204831389
00bbac68_5977,6869.917678074408
00bbac68_5978,6870.444424256268
00bbac68_5979,6871.034975860913
00bbac68_5980,6871.1402240678335
00bbac68_5981,6872.05337326189
00bbac68_5982,6871.287766383555
00bbac68_5983,6871.726760557594
00bbac68_5984,6868.428286197657
00bbac68_5985,6867.294900605114
00bbac68_5986,6869.138102767366
00bbac68_5987,6869.636959103678
00bbac68_5988,6871.224215314862
00bbac68_5989,6873.216823747604
00bbac68_5990,6875.789530208093
00bbac68_5991,6874.915518892114
00bbac68_5992,6876.0080591411715
00bbac68_5993,6874.915663950005
00bbac68_5994,6874.483474233559
00bbac68_5995,6874.194604934285
00bbac68_5996,6868.111661103484
00bbac68_5997,6868.24280961328
00bbac68_5998,6868.8926830894525
00bbac68_5999,6868.9040224828195
00bbac68_6000,6870.726677006009
00bbac68_6001,6871.877678264139
00bbac68_6002,6871.213370155542
00bbac68_6003,6871.045207407219
00bbac68_6004,6871.880155311592
00bbac68_6005,6870.4301800372805
00bbac68_6006,6868.620389816255
00bbac68_6007,6868.802857830623
00bbac68_6008,6865.892626256302
00bbac68_6009,6868.676701110298
00bbac68_6010,6868.338535148084
00bbac68_6011,6870.733008494306
00bbac68_6012,6869.9106723042305
00bbac68_6013,6870.083139619627
00bbac68_6014,6871.282859630954
00bbac68_6015,6870.818410435399
00bbac68_6016,6869.637974199654
00bbac68_6017,6870.607420962824
00bbac68_6018,6873.071224321345
00bbac68_6019,6871.88239616846
00bbac68_6020,6872.9968952163235
00bbac68_6021,6875.604881121559
00bbac68_6022,6858.247647176724
00bbac68_6023,6858.955265393969
00bbac68_6024,6858.372382483612
00bbac68_6025,6858.919251969422
00bbac68_6026,6857.10266273203
00bbac68_6027,6858.425932821715
00bbac68_6028,6854.864957031196
00bbac68_6029,6855.496734285913
00bbac68_6030,6856.934268308712
00bbac68_6031,6856.640470751912
00bbac68_6032,6857.518922100008
00bbac68_6033,6858.478544010907
00bbac68_6034,6861.815255208809
00bbac68_6035,6863.011139999262
00bbac68_6036,6864.022693035617
00bbac68_6037,6864.659890942436
00bbac68_6038,6863.280489654318
00bbac68_6039,6865.721738209844
00bbac68_6040,6863.045659721007
00bbac68_6041,6863.8739718621655
00bbac68_6042,6861.782207575891
00bbac68_6043,6864.673408937409
00bbac68_6044,6864.613292272061
00bbac68_6045,6866.038093957674
00bbac68_6046,6864.490774641059
00bbac68_6047,6867.498197443099
00bbac68_6048,6867.526334346562
00bbac68_6049,6866.83733087554
00bbac68_6050,6868.4241443028095
00bbac68_6051,6867.556135287711
00bbac68_6052,6868.582471120577
00bbac68_6053,6869.813956826144
00bbac68_6054,6870.15134103318
00bbac68_6055,6870.180215921073
00bbac68_6056,6870.716719836538
00bbac68_6057,6871.766550442747
00bbac68_6058,6879.7420700190005
00bbac68_6059,6878.5698322669505
00bbac68_6060,6882.665775502641
00bbac68_6061,6886.541178382539
00bbac68_6062,6884.113467566183
00bbac68_6063,6883.414817920087
00bbac68_6064,6885.730846681335
00bbac68_6065,6884.189840763485
00bbac68_6066,6885.376524048268
00bbac68_6067,6883.057064764397
00bbac68_6068,6883.987764752957
00bbac68_6069,6885.555427341075
00bbac68_6070,6891.290118196635
00bbac68_6071,6883.477511953167
00bbac68_6072,6883.722790081547
00bbac68_6073,6881.937672477132
00bbac68_6074,6882.498955219736
00bbac68_6075,6882.886928529396
00bbac68_6076,6882.507095953699
00bbac68_6077,6882.448399965024
00bbac68_6078,6885.311650154928
00bbac68_6079,6883.747063820971
00bbac68_6080,6885.047584849204
00bbac68_6081,6884.836061389955
00bbac68_6082,6884.454517215182
00bbac68_6083,6882.830335509345
00bbac68_6084,6883.955870205469
00bbac68_6085,6883.921550891974
00bbac68_6086,6885.785310395882
00bbac68_6087,6886.1538007999425
00bbac68_6088,6894.591805830133
00bbac68_6089,6883.8922331888525
00bbac68_6090,6886.387107081526
00bbac68_6091,6885.637669088191
00bbac68_6092,6884.898261880174
00bbac68_6093,6886.425722092494
00bbac68_6094,6885.999374149883
00bbac68_6095,6887.554658668361
00bbac68_6096,6886.8627672737075
00bbac68_6097,6891.056294878756
00bbac68_6098,6888.94939311466
00bbac68_6099,6890.323327400076
00bbac68_6100,6889.342806996742
00bbac68_6101,6897.931807992211
00bbac68_6102,6889.53951003077
00bbac68_6103,6891.873069144188
00bbac68_6104,6891.743497500315
00bbac68_6105,6891.651493193482
00bbac68_6106,6890.904948157062
00bbac68_6107,6890.970121889205
00bbac68_6108,6892.464448189867
00bbac68_6109,6889.692353359576
00bbac68_6110,6891.095330341035
00bbac68_6111,6889.2834806046285
00bbac68_6112,6889.165036154102
00bbac68_6113,6886.941225056852
00bbac68_6114,6888.937572999201
00bbac68_6115,6888.510504347851
00bbac68_6116,6889.931630231624
00bbac68_6117,6894.502044063486
00bbac68_6118,6894.493823312175
00bbac68_6119,6894.166654530714
00bbac68_6120,6894.273699690352
00bbac68_6121,6891.979454269616
00bbac68_6122,6891.7568610756125
00bbac68_6123,6893.270069020521
00bbac68_6124,6892.157115727556
00bbac68_6125,6895.440442930252
00bbac68_6126,6900.375123769024
00bbac68_6127,6903.069612655509
00bbac68_6128,6904.048567038186
00bbac68_6129,6901.6516829682405
00bbac68_6130,6903.996144430469
00bbac68_6131,6902.547452138381
00bbac68_6132,6902.454982095006
00bbac68_6133,6899.5645263246615
00bbac68_6134,6913.897411497709
00bbac68_6135,6928.221961729174
00bbac68_6136,6944.9591695417275
00bbac68_6137,6926.330791086422
00bbac68_6138,6940.101785744008
00bbac68_6139,6939.241510233277
00bbac68_6140,6938.156887316944
00bbac68_6141,6936.426420506496
00bbac68_6142,6933.54295174447
00bbac68_6143,6926.88623779888
00bbac68_6144,6927.491121127052
00bbac68_6145,6922.961047652212
00bbac68_6146,6924.989249471758
00bbac68_6147,6924.875207255749
00bbac68_6148,6924.570735773506
00bbac68_6149,6925.805009212793
00bbac68_6150,6925.169891378271
00bbac68_6151,6927.182580233076
00bbac68_6152,6924.362382753
00bbac68_6153,6921.505182012223
00bbac68_6154,6924.757037333554
00bbac68_6155,6918.996818090607
00bbac68_6156,6921.277365818533
00bbac68_6157,6921.131738130705
00bbac68_6158,6920.799869941286
00bbac68_6159,6920.176768376696
00bbac68_6160,6919.044917520068
00bbac68_6161,6922.173378945419
00bbac68_6162,6919.735055473445
00bbac68_6163,6919.234619870937
00bbac68_6164,6922.077563105137
00bbac68_6165,6920.250552919088
00bbac68_6166,6918.432579803446
00bbac68_6167,6920.539833778511
00bbac68_6168,6921.372659954657
00bbac68_6169,6918.822843715524
00bbac68_6170,6922.221044071372
00bbac68_6171,6922.621235584753
00bbac68_6172,6922.288702154091
00bbac68_6173,6920.213405809104
00bbac68_6174,6929.431447301052
00bbac68_6175,6918.657816904654
00bbac68_6176,6929.453551033898
00bbac68_6177,6927.995606042691
00bbac68_6178,6929.516874991102
00bbac68_6179,6928.451691446532
00bbac68_6180,6927.150375015883
00bbac68_6181,6925.704467132865
00bbac68_6182,6924.624820032035
00bbac68_6183,6928.104532574693
00bbac68_6184,6924.429792691919
00bbac68_6185,6921.748893143134
00bbac68_6186,6918.455225604209
00bbac68_6187,6913.058677468065
00bbac68_6188,6909.014747128262
00bbac68_6189,6914.941122354446
00bbac68_6190,6926.3665222209465
00bbac68_6191,6928.3416448694525
00bbac68_6192,6928.654962066085
00bbac68_6193,6928.587277430484
00bbac68_6194,6926.460143097859
00bbac68_6195,6924.887563049443
00bbac68_6196,6923.6122550420405
00bbac68_6197,6917.967793929134
00bbac68_6198,6920.1592822259045
00bbac68_6199,6925.661373243473
00bbac68_6200,6915.436361470595
00bbac68_6201,6915.833796513362
00bbac68_6202,6916.223960571257
00bbac68_6203,6917.806949598748
00bbac68_6204,6916.838436461281
00bbac68_6205,6916.773875348603
00bbac68_6206,6915.043554567279
00bbac68_6207,6912.784885581361
00bbac68_6208,6922.697147672347
00bbac68_6209,6911.300523916219
00bbac68_6210,6913.03748288427
00bbac68_6211,6919.493008243896
00bbac68_6212,6912.4276443258395
00bbac68_6213,6915.785010787443
00bbac68_6214,6922.840334833251
00bbac68_6215,6921.614925739301
00bbac68_6216,6922.343030468631
00bbac68_6217,6923.918209891879
00bbac68_6218,6920.190562642039
00bbac68_6219,6922.3975561140205
00bbac68_6220,6920.120824357125
00bbac68_6221,6923.373594132073
00bbac68_6222,6923.548770803789
00bbac68_6223,6923.577099323052
00bbac68_6224,6924.513016161862
00bbac68_6225,6921.562822943584
00bbac68_6226,6922.848146506467
00bbac68_6227,6923.479337220834
00bbac68_6228,6922.643341047851
00bbac68_6229,6924.014346903823
00bbac68_6230,6922.666321692049
00bbac68_6231,6923.793907099358
00bbac68_6232,6926.16074814467
00bbac68_6233,6929.195787426517
00bbac68_6234,6929.49746651013
00bbac68_6235,6929.250556551391
00bbac68_6236,6932.802160914898
00bbac68_6237,6934.15764067507
00bbac68_6238,6933.512441355471
00bbac68_6239,6934.142592769726
00bbac68_6240,6932.102841032221
00bbac68_6241,6931.852119873524
00bbac68_6242,6932.476933843152
00bbac68_6243,6928.445808734243
00bbac68_6244,6929.449529438889
00bbac68_6245,6927.66913106028
00bbac68_6246,6928.800454150328
00bbac68_6247,6929.352526469464
00bbac68_6248,6932.1329483965155
00bbac68_6249,6932.939625721508
00bbac68_6250,6931.1816455195
00bbac68_6251,6931.698964840391
00bbac68_6252,6931.079456638941
00bbac68_6253,6932.464935169908
00bbac68_6254,6932.763918425517
00bbac68_6255,6932.547189869802
00bbac68_6256,6932.460390826791
00bbac68_6257,6933.673164684659
00bbac68_6258,6934.040929445331
00bbac68_6259,6931.820925708383
00bbac68_6260,6930.310536988514
00bbac68_6261,6930.3095357988
00bbac68_6262,6928.775435304001
00bbac68_6263,6927.820990317002
00bbac68_6264,6925.431224748244
00bbac68_6265,6922.866467946209
00bbac68_6266,6919.558471443128
00bbac68_6267,6914.140072525582
00bbac68_6268,6900.316066473265
00bbac68_6269,6898.359922417704
00bbac68_6270,6898.174072080649
00bbac68_6271,6898.586884854317
00bbac68_6272,6899.807973200809
00bbac68_6273,6898.868961783537
00bbac68_6274,6900.861820530206
00bbac68_6275,6898.020658466678
00bbac68_6276,6897.436979120194
00bbac68_6277,6898.678779613723
00bbac68_6278,6905.797867918583
00bbac68_6279,6907.904385546396
00bbac68_6280,6909.9423257275785
00bbac68_6281,6911.149982061284
00bbac68_6282,6909.635457082031
00bbac68_6283,6909.665977113714
00bbac68_6284,6913.031134708899
00bbac68_6285,6913.062385062687
00bbac68_6286,6910.527537672758
00bbac68_6287,6911.558819776492
00bbac68_6288,6913.914860265123
00bbac68_6289,6915.789940672419
00bbac68_6290,6919.899913429836
00bbac68_6291,6917.659872986546
00bbac68_6292,6919.788379848229
00bbac68_6293,6917.49429895067
00bbac68_6294,6926.9579986647805
00bbac68_6295,6928.14778852858
00bbac68_6296,6928.0074983312215
00bbac68_6297,6926.896647617164
00bbac68_6298,6929.335422659216
00bbac68_6299,6925.632761464023
00bbac68_6300,6924.288669267965
00bbac68_6301,6924.8359208021075
00bbac68_6302,6922.557666858112
00bbac68_6303,6923.554559096539
00bbac68_6304,6922.411975235716
00bbac68_6305,6922.606228355768
00bbac68_6306,6925.119215631165
00bbac68_6307,6923.766328522343
00bbac68_6308,6922.932635651291
00bbac68_6309,6924.716464895553
00bbac68_6310,6923.938103727203
00bbac68_6311,6921.7439504257345
00bbac68_6312,6923.949251255745
00bbac68_6313,6922.264517227454
00bbac68_6314,6923.909095578889
00bbac68_6315,6924.687747110346
00bbac68_6316,6925.6090424185695
00bbac68_6317,6936.147695209265
00bbac68_6318,6920.942308210798
00bbac68_6319,6922.150523718918
00bbac68_6320,6923.196745455895
00bbac68_6321,6922.864493887322
00bbac68_6322,6921.15641887267
00bbac68_6323,6922.434401995325
00bbac68_6324,6920.815200089824
00bbac68_6325,6920.296012181579
00bbac68_6326,6921.163338059575
00bbac68_6327,6919.5295750138475
00bbac68_6328,6922.100561974225
00bbac68_6329,6917.745518258881
00bbac68_6330,6917.121789631002
00bbac68_6331,6918.372764839693
00bbac68_6332,6918.223889986843
00bbac68_6333,6921.404815470083
00bbac68_6334,6921.559780507325
00bbac68_6335,6923.141185986531
00bbac68_6336,6921.511638664013
00bbac68_6337,6919.923277936049
00bbac68_6338,6928.7713388586335
00bbac68_6339,6915.357940188708
00bbac68_6340,6919.992732678147
00bbac68_6341,6918.648013185857
00bbac68_6342,6924.723633557654
00bbac68_6343,6924.551687671196
00bbac68_6344,6923.941955761118
00bbac68_6345,6925.1622254048225
00bbac68_6346,6933.225284160839
00bbac68_6347,6923.0098753318325
00bbac68_6348,6924.033801110724
00bbac68_6349,6933.717153354706
00bbac68_6350,6925.45215032711
00bbac68_6351,6926.697982528575
00bbac68_6352,6934.800996820978
00bbac68_6353,6924.396195632429
00bbac68_6354,6931.603361805972
00bbac68_6355,6934.971059128065
00bbac68_6356,6934.088566333198
00bbac68_6357,6935.842522842321
00bbac68_6358,6934.621033461797
00bbac68_6359,6938.299174438387
00bbac68_6360,6934.6559053749825
00bbac68_6361,6935.702770846818
00bbac68_6362,6934.955063557057
00bbac68_6363,6933.60650055989
00bbac68_6364,6933.349234799785
00bbac68_6365,6929.288818802346
00bbac68_6366,6930.791892349148
00bbac68_6367,6940.176011281128
00bbac68_6368,6934.288271335226
00bbac68_6369,6928.309424957521
00bbac68_6370,6936.33169143251
00bbac68_6371,6934.442662012147
00bbac68_6372,6933.628041897439
00bbac68_6373,6935.439532622408
00bbac68_6374,6936.83332986463
00bbac68_6375,6937.430826318121
00bbac68_6376,6938.189741528332
00bbac68_6377,6938.492390227125
00bbac68_6378,6938.539977703419
00bbac68_6379,6936.99179784335
00bbac68_6380,6938.217131389597
00bbac68_6381,6938.153662108323
00bbac68_6382,6935.941287134967
00bbac68_6383,6936.826147170476
00bbac68_6384,6944.316246194918
00bbac68_6385,6947.526418966266
00bbac68_6386,6945.135516486162
00bbac68_6387,6948.315748760488
00bbac68_6388,6948.744848849677
00bbac68_6389,6947.327747837091
00bbac68_6390,6947.648008730018
00bbac68_6391,6946.334916539489
00bbac68_6392,6946.4987535226155
00bbac68_6393,6955.543695656151
00bbac68_6394,6935.9569697958905
00bbac68_6395,6939.028512191181
00bbac68_6396,6937.449473294886
00bbac68_6397,6931.886094044459
00bbac68_6398,6927.502445090798
00bbac68_6399,6929.850198926812
00bbac68_6400,6925.066762705137
00bbac68_6401,6924.208441937616
00bbac68_6402,6925.120677713276
00bbac68_6403,6921.324526211272
00bbac68_6404,6927.17773200218
00bbac68_6405,6928.443456019769
00bbac68_6406,6928.713528638029
00bbac68_6407,6930.988654941667
00bbac68_6408,6933.773654485182
00bbac68_6409,6938.922062172527
00bbac68_6410,6938.7493592923665
00bbac68_6411,6939.952758953818
00bbac68_6412,6940.451807891903
00bbac68_6413,6937.405461947641
00bbac68_6414,6938.7545181207615
00bbac68_6415,6945.400565296493
00bbac68_6416,6928.577675758496
00bbac68_6417,6928.448032572875
00bbac68_6418,6925.244105013588
00bbac68_6419,6916.995152081016
00bbac68_6420,6915.931238883814
00bbac68_6421,6916.858982939916
00bbac68_6422,6916.111835629461
00bbac68_6423,6915.882487827543
00bbac68_6424,6914.985492872593
00bbac68_6425,6917.76190404595
00bbac68_6426,6918.29282208573
00bbac68_6427,6919.642363032304
00bbac68_6428,6916.706832726254
00bbac68_6429,6916.421870826072
00bbac68_6430,6916.728158932355
00bbac68_6431,6921.0103933222545
00bbac68_6432,6924.089058453977
00bbac68_6433,6921.4752322296845
00bbac68_6434,6922.902094377285
00bbac68_6435,6922.825018805546
00bbac68_6436,6923.281593813971
00bbac68_6437,6923.008106289661
00bbac68_6438,6924.1906656232495
00bbac68_6439,6923.5001507232155
00bbac68_6440,6921.4049887894425
00bbac68_6441,6922.637939195915
00bbac68_6442,6932.0062830198085
00bbac68_6443,6913.273254989145
00bbac68_6444,6914.387148164113
00bbac68_6445,6912.327801382259
00bbac68_6446,6911.580001170719
00bbac68_6447,6909.211682431722
00bbac68_6448,6908.767257095081
00bbac68_6449,6909.886627501059
00bbac68_6450,6909.535579231735
00bbac68_6451,6907.205981389559
00bbac68_6452,6910.908817868717
00bbac68_6453,6907.770129674285
00bbac68_6454,6909.4297726256455
00bbac68_6455,6909.269007310131
00bbac68_6456,6909.284724686438
00bbac68_6457,6909.95476953042
00bbac68_6458,6914.036355516075
00bbac68_6459,6913.604344830195
00bbac68_6460,6913.320642126854
00bbac68_6461,6913.156351841788
00bbac68_6462,6910.903702104736
00bbac68_6463,6914.6057031763585
00bbac68_6464,6920.803488965082
00bbac68_6465,6908.6892094737295
00bbac68_6466,6905.8893672118875
00bbac68_6467,6917.850827947373
00bbac68_6468,6902.14908461886
00bbac68_6469,6909.728272796482
00bbac68_6470,6910.235907779958
00bbac68_6471,6911.329903464159
00bbac68_6472,6911.6563882461705
00bbac68_6473,6912.098950938447
00bbac68_6474,6913.597975666174
00bbac68_6475,6912.564584841295
00bbac68_6476,6913.242022392097
00bbac68_6477,6913.68555241381
00bbac68_6478,6915.432569350314
00bbac68_6479,6911.504430038466
00bbac68_6480,6914.67068360309
00bbac68_6481,6914.303356494066
00bbac68_6482,6913.905138661348
00bbac68_6483,6919.847986794422
00bbac68_6484,6923.135260047574
00bbac68_6485,6920.208612446187
00bbac68_6486,6921.581887202992
00bbac68_6487,6919.859829167586
00bbac68_6488,6918.117935694402
00bbac68_6489,6919.899534952747
00bbac68_6490,6917.564968288361
00bbac68_6491,6916.101427717749
00bbac68_6492,6917.9641181217385
00bbac68_6493,6913.506867902996
00bbac68_6494,6910.872049518586
00bbac68_6495,6913.757801339693
00bbac68_6496,6911.981201289701
00bbac68_6497,6913.236830649585
00bbac68_6498,6909.666564065054
00bbac68_6499,6912.681423964099
00bbac68_6500,6911.516269841423
00bbac68_6501,6909.647278527265
00bbac68_6502,6910.261133123222
00bbac68_6503,6907.904913379991
00bbac68_6504,6908.774110599347
00bbac68_6505,6921.032061654193
00bbac68_6506,6904.140798109174
00bbac68_6507,6916.919409828047
00bbac68_6508,6904.377182733889
00bbac68_6509,6909.863505735953
00bbac68_6510,6907.887353034414
00bbac68_6511,6910.582015900329
00bbac68_6512,6916.379020937061
00bbac68_6513,6911.731625232694
00bbac68_6514,6911.988212157883
00bbac68_6515,6912.615720686842
00bbac68_6516,6910.260511667696
00bbac68_6517,6907.146522364907
00bbac68_6518,6907.320956778695
00bbac68_6519,6912.600521930415
00bbac68_6520,6906.407918513203
00bbac68_6521,6909.922426155269
00bbac68_6522,6905.464306140398
00bbac68_6523,6910.043174307613
00bbac68_6524,6908.2137730790655
00bbac68_6525,6907.282457172849
00bbac68_6526,6908.9021750494185
00bbac68_6527,6911.968908121812
00bbac68_6528,6921.172941388357
00bbac68_6529,6912.871745772997
00bbac68_6530,6913.181885441006
00bbac68_6531,6914.462451269864
00bbac68_6532,6915.73879060673
00bbac68_6533,6912.736143254528
00bbac68_6534,6913.223676379411
00bbac68_6535,6918.284709765523
00bbac68_6536,6915.276626054246
00bbac68_6537,6916.81347462781
00bbac68_6538,6925.755634665165
00bbac68_6539,6917.157988655488
00bbac68_6540,6921.778604718431
00bbac68_6541,6918.194700884255
00bbac68_6542,6920.906507785878
00bbac68_6543,6929.693289107683
00bbac68_6544,6915.914427205776
00bbac68_6545,6924.8994838242315
00bbac68_6546,6919.485258148017
00bbac68_6547,6924.824906475761
00bbac68_6548,6928.124869361518
00bbac68_6549,6922.87611331673
00bbac68_6550,6926.115091193874
00bbac68_6551,6925.109831258333
00bbac68_6552,6928.287645184812
00bbac68_6553,6930.289311770434
00bbac68_6554,6929.692981777133
00bbac68_6555,6929.033717685929
00bbac68_6556,6927.827143970826
00bbac68_6557,6927.952864701148
00bbac68_6558,6924.180694207126
00bbac68_6559,6925.987886186165
00bbac68_6560,6924.769612874503
00bbac68_6561,6926.85055546506
00bbac68_6562,6928.730563348867
00bbac68_6563,6930.148008564798
00bbac68_6564,6934.202442093877
00bbac68_6565,6945.455386881602
00bbac68_6566,6923.344785720443
00bbac68_6567,6931.7373094253435
00bbac68_6568,6925.163676957122
00bbac68_6569,6931.029783014986
00bbac68_6570,6929.807374967644
00bbac68_6571,6928.002338740044
00bbac68_6572,6938.555461798244
00bbac68_6573,6935.11390411158
00bbac68_6574,6925.181828357549
00bbac68_6575,6927.855252698937
00bbac68_6576,6932.6950364245195
00bbac68_6577,6931.303896781662
00bbac68_6578,6938.840299914185
00bbac68_6579,6929.018473509649
00bbac68_6580,6935.34956653129
00bbac68_6581,6933.193170709436
00bbac68_6582,6933.083779890061
00bbac68_6583,6933.374199544054
00bbac68_6584,6930.9869756111675
00bbac68_6585,6935.580469642534
00bbac68_6586,6943.46771801971
00bbac68_6587,6935.134102833991
00bbac68_6588,6935.268420718545
00bbac68_6589,6940.470675865791
00bbac68_6590,6929.141734055252
00bbac68_6591,6933.835548544274
00bbac68_6592,6947.8701891924
00bbac68_6593,6936.638373588929
00bbac68_6594,6936.360805909551
00bbac68_6595,6937.6955813748455
00bbac68_6596,6941.455107977505
00bbac68_6597,6939.287252366293
00bbac68_6598,6943.6801304219325
00bbac68_6599,6937.144974349528
00bbac68_6600,6940.320953396826
00bbac68_6601,6948.147686952448
00bbac68_6602,6943.798152436786
00bbac68_6603,6942.776313482302
00bbac68_6604,6938.480438933981
00bbac68_6605,6945.197345449166
00bbac68_6606,6934.365004629727
00bbac68_6607,6944.350960361888
00bbac68_6608,6941.8718908201245
00bbac68_6609,6946.95585048204
00bbac68_6610,6947.7003176636745
00bbac68_6611,6950.476320152496
00bbac68_6612,6948.0084800813065
00bbac68_6613,6947.6273381241335
00bbac68_6614,6948.699873403531
00bbac68_6615,6947.695711824535
00bbac68_6616,6947.479875164126
00bbac68_6617,6944.473954674505
00bbac68_6618,6943.653301376691
00bbac68_6619,6956.476959288514
00bbac68_6620,6940.032177581685
00bbac68_6621,6944.654717995704
00bbac68_6622,6947.598935595223
00bbac68_6623,6942.621584082665
00bbac68_6624,6939.279319592634
00bbac68_6625,6944.223898638768
00bbac68_6626,6940.85274962346
00bbac68_6627,6941.391263007194
00bbac68_6628,6944.371276306129
00bbac68_6629,6938.242529554479
00bbac68_6630,6940.550659750939
00bbac68_6631,6938.56755463013
00bbac68_6632,6944.813355892498
00bbac68_6633,6940.47098281169
00bbac68_6634,6949.355034326366
00bbac68_6635,6949.2625664389925
00bbac68_6636,6941.813936352072
00bbac68_6637,6948.445753078602
00bbac68_6638,6936.421474038668
00bbac68_6639,6941.935580645021
00bbac68_6640,6940.181839047707
00bbac68_6641,6947.457558623408
00bbac68_6642,6953.873811766202
00bbac68_6643,6941.5139021120185
00bbac68_6644,6942.777700668578
00bbac68_6645,6943.838454812889
00bbac68_6646,6952.2584420503645
00bbac68_6647,6942.098090149756
00bbac68_6648,6945.623040518521
00bbac68_6649,6943.681670675853
00bbac68_6650,6946.6530273941935
00bbac68_6651,6944.771831456784
00bbac68_6652,6943.611313714918
00bbac68_6653,6940.145543286002
00bbac68_6654,6936.796846085019
00bbac68_6655,6935.0419719293395
00bbac68_6656,6933.167549698262
00bbac68_6657,6933.1598431320745
00bbac68_6658,6935.624830179947
00bbac68_6659,6935.609949077838
00bbac68_6660,6939.246703144697
00bbac68_6661,6935.676133328622
00bbac68_6662,6941.88218903064
00bbac68_6663,6943.101176937167
00bbac68_6664,6943.395981601262
00bbac68_6665,6943.471822573115
00bbac68_6666,6939.8231827055915
00bbac68_6667,6943.4121693012
00bbac68_6668,6942.881783837237
00bbac68_6669,6940.086487165173
00bbac68_6670,6936.673855903776
00bbac68_6671,6936.609901349408
00bbac68_6672,6935.57946312187
00bbac68_6673,6944.371424057376
00bbac68_6674,6925.596161357951
00bbac68_6675,6932.8532416850285
00bbac68_6676,6929.952669509912
00bbac68_6677,6929.98563388718
00bbac68_6678,6929.160253978993
00bbac68_6679,6937.8118804166015
00bbac68_6680,6929.049639447171
00bbac68_6681,6931.693864983099
00bbac68_6682,6935.423905388751
00bbac68_6683,6932.016615137019
00bbac68_6684,6933.237198559473
00bbac68_6685,6927.771106378064
00bbac68_6686,6926.310166854546
00bbac68_6687,6929.043140493633
00bbac68_6688,6921.30494472072
00bbac68_6689,6922.366800141536
00bbac68_6690,6918.87189176021
00bbac68_6691,6925.530267308865
00bbac68_6692,6921.589598383936
00bbac68_6693,6918.991337376108
00bbac68_6694,6916.541654384324
00bbac68_6695,6925.914302430937
00bbac68_6696,6923.781021278381
00bbac68_6697,6920.471225695875
00bbac68_6698,6917.365070930153
00bbac68_6699,6918.8934161229745
00bbac68_6700,6920.396191901477
00bbac68_6701,6917.585739817811
00bbac68_6702,6930.084879928873
00bbac68_6703,6909.032924664951
00bbac68_6704,6917.457807321076
00bbac68_6705,6912.360637708052
00bbac68_6706,6917.036000357704
00bbac68_6707,6911.8479528050975
00bbac68_6708,6915.841934780556
00bbac68_6709,6912.423635491801
00bbac68_6710,6917.9268242996795
00bbac68_6711,6912.516442433624
00bbac68_6712,6917.7064944807635
00bbac68_6713,6921.425025636033
00bbac68_6714,6913.074382178025
00bbac68_6715,6916.1591660562635
00bbac68_6716,6916.0383003994875
00bbac68_6717,6914.211920073502
00bbac68_6718,6918.720720602894
00bbac68_6719,6915.280386811428
00bbac68_6720,6915.053081617686
00bbac68_6721,6914.8595067590695
00bbac68_6722,6914.9697199657585
00bbac68_6723,6918.969525831868
00bbac68_6724,6911.544739275184
00bbac68_6725,6911.403730519107
00bbac68_6726,6912.311806994753
00bbac68_6727,6920.639566984028
00bbac68_6728,6912.226107475663
00bbac68_6729,6916.242306641273
00bbac68_6730,6913.8063616212585
00bbac68_6731,6920.252464213621
00bbac68_6732,6913.70934428371
00bbac68_6733,6916.683576929377
00bbac68_6734,6915.053299048258
00bbac68_6735,6913.473628932778
00bbac68_6736,6914.232834589531
00bbac68_6737,6916.315671250743
00bbac68_6738,6916.108789464499
00bbac68_6739,6917.042625533647
00bbac68_6740,6924.720817834641
00bbac68_6741,6913.348637174674
00bbac68_6742,6916.286077914583
00bbac68_6743,6914.867993256248
00bbac68_6744,6915.804642091853
00bbac68_6745,6917.296709511323
00bbac68_6746,6916.704952450896
00bbac68_6747,6916.356349422093
00bbac68_6748,6917.664360891847
00bbac68_6749,6918.466640195934
00bbac68_6750,6916.366609694518
00bbac68_6751,6926.8607366816805
00bbac68_6752,6917.4389758701045
00bbac68_6753,6912.961608968576
00bbac68_6754,6916.482461380907
00bbac68_6755,6913.217697159054
00bbac68_6756,6916.295144145973
00bbac68_6757,6916.798912745167
00bbac68_6758,6914.164768673474
00bbac68_6759,6917.441163988709
00bbac68_6760,6924.540550967853
00bbac68_6761,6910.97593813771
00bbac68_6762,6920.837765015547
00bbac68_6763,6922.268973199677
00bbac68_6764,6922.224196152359
00bbac68_6765,6918.583848743631
00bbac68_6766,6912.6014265239
00bbac68_6767,6920.021645698516
00bbac68_6768,6925.412193028011
00bbac68_6769,6923.0928714841175
00bbac68_6770,6919.443139863887
00bbac68_6771,6924.100974266457
00bbac68_6772,6923.284760040633
00bbac68_6773,6927.202458319378
00bbac68_6774,6928.681512764383
00bbac68_6775,6928.020557545767
00bbac68_6776,6927.723733348855
00bbac68_6777,6927.888347679907
00bbac68_6778,6927.9722591368845
00bbac68_6779,6925.025263840283
00bbac68_6780,6934.744864286274
00bbac68_6781,6921.885681271137
00bbac68_6782,6927.568180215864
00bbac68_6783,6925.9598324034
00bbac68_6784,6931.918587118855
00bbac68_6785,6922.808501000657
00bbac68_6786,6926.455590064887
00bbac68_6787,6923.157469882944
00bbac68_6788,6926.60224293963
00bbac68_6789,6933.533121001312
00bbac68_6790,6922.717346971495
00bbac68_6791,6924.980918039864
00bbac68_6792,6934.734087561739
00bbac68_6793,6922.837477186276
00bbac68_6794,6929.62265287333
00bbac68_6795,6924.06062324465
00bbac68_6796,6930.566938186085
00bbac68_6797,6929.390609761337
00bbac68_6798,6926.9403080284665
00bbac68_6799,6940.113796685203
00bbac68_6800,6928.338852662414
00bbac68_6801,6934.713502554237
00bbac68_6802,6931.54028659223
00bbac68_6803,6941.813532843821
00bbac68_6804,6926.672706552503
00bbac68_6805,6934.310538535644
00bbac68_6806,6929.780813347711
00bbac68_6807,6935.962163124386
00bbac68_6808,6932.680286978699
00bbac68_6809,6936.473214225216
00bbac68_6810,6936.081907929545
00bbac68_6811,6935.608095245887
00bbac68_6812,6933.797456265029
00bbac68_6813,6935.462875578285
00bbac68_6814,6930.851690542645
00bbac68_6815,6927.301878346664
00bbac68_6816,6932.034610274537
00bbac68_6817,6925.374120408495
00bbac68_6818,6925.960761007059
00bbac68_6819,6934.80705067781
00bbac68_6820,6926.614523096173
00bbac68_6821,6929.553360806339
00bbac68_6822,6931.093131597481
00bbac68_6823,6483.818513290078
00bbac68_6824,6484.7257295763075
00bbac68_6825,6485.602913134343
00bbac68_6826,6481.698836244455
00bbac68_6827,6483.222761613299
00bbac68_6828,6483.154389792226
00bbac68_6829,6482.958882761686
00bbac68_6830,6494.919801066972
00bbac68_6831,6462.896329684166
00bbac68_6832,6469.042470875516
00bbac68_6833,6469.414582622497
00bbac68_6834,6469.722322826874
00bbac68_6835,6467.35429546767
00bbac68_6836,6472.013889569791
00bbac68_6837,6471.92665084987
00bbac68_6838,6469.650539342007
00bbac68_6839,6472.791905306654
00bbac68_6840,6469.006158884465
00bbac68_6841,6469.701244736031
00bbac68_6842,6468.9726808305495
00bbac68_6843,6462.539678286965
00bbac68_6844,6468.6451491628695
00bbac68_6845,6476.811877373068
00bbac68_6846,6482.298330492577
00bbac68_6847,6484.159935358426
00bbac68_6848,6485.770737756056
00bbac68_6849,6480.955726220392
00bbac68_6850,6477.089206456104
00bbac68_6851,6472.47367942024
00bbac68_6852,6476.08490382724
00bbac68_6853,6477.243163914494
00bbac68_6854,6481.034704597424
00bbac68_6855,6450.433087189218
00bbac68_6856,6461.338026882132
00bbac68_6857,6460.4487714472825
00bbac68_6858,6461.920766338769
00bbac68_6859,6458.764102374876
00bbac68_6860,6464.625508728915
00bbac68_6861,6461.869570814824
00bbac68_6862,6463.277981450779
00bbac68_6863,6467.19346977551
00bbac68_6864,6463.634714655372
00bbac68_6865,6462.283864041275
00bbac68_6866,6461.276399726848
00bbac68_6867,6466.330978123496
00bbac68_6868,6461.978939660631
00bbac68_6869,6459.377269169275
00bbac68_6870,6465.622561577935
00bbac68_6871,6465.704678916371
00bbac68_6872,6464.254231834806
00bbac68_6873,6462.889231905382
00bbac68_6874,6467.03976141217
00bbac68_6875,6464.105366087477
00bbac68_6876,6465.781089482073
00bbac68_6877,6466.714868611275
00bbac68_6878,6466.78089378566
00bbac68_6879,6466.7161410449535
00bbac68_6880,6467.183065201156
00bbac68_6881,6461.984500590031
00bbac68_6882,6461.930387651294
00bbac68_6883,6464.476729717155
00bbac68_6884,6460.432898192266
00bbac68_6885,6460.111731177338
00bbac68_6886,6460.819301507748
00bbac68_6887,6462.96174617008
00bbac68_6888,6460.638846570883
00bbac68_6889,6459.082431029653
00bbac68_6890,6459.249650849713
00bbac68_6891,6457.076683366077
00bbac68_6892,6455.22242537848
00bbac68_6893,6455.895265440408
00bbac68_6894,6455.204633102934
00bbac68_6895,6452.082018069374
00bbac68_6896,6451.282906580267
00bbac68_6897,6451.69851827367
00bbac68_6898,6452.340980686884
00bbac68_6899,6453.209021648476
00bbac68_6900,6452.466813135669
00bbac68_6901,6453.070240163826
00bbac68_6902,6454.568033438077
00bbac68_6903,6455.0638993627235
00bbac68_6904,6454.442644913105
00bbac68_6905,6427.568241908989
00bbac68_6906,6430.961997097605
00bbac68_6907,6433.847034902313
00bbac68_6908,6432.617461463083
00bbac68_6909,6434.225439589393
00bbac68_6910,6433.616817312292
00bbac68_6911,6436.218218401932
00bbac68_6912,6439.511709018087
00bbac68_6913,6436.7596128303185
00bbac68_6914,6435.204795227943
00bbac68_6915,6434.477912232525
00bbac68_6916,6436.484024150386
00bbac68_6917,6435.066957052703
00bbac68_6918,6433.332852815615
00bbac68_6919,6433.883742539202
00bbac68_6920,6440.41146218021
00bbac68_6921,6440.671597745785
00bbac68_6922,6443.561628892323
00bbac68_6923,6440.893106516335
00bbac68_6924,6439.679727283881
00bbac68_6925,6441.217104417497
00bbac68_6926,6442.674300686963
00bbac68_6927,6442.8683561555645
00bbac68_6928,6440.447846745824
00bbac68_6929,6434.408854338312
00bbac68_6930,6425.266236149439
00bbac68_6931,6433.243978776244
00bbac68_6932,6438.613107926587
00bbac68_6933,6441.728615304177
00bbac68_6934,6444.452315158685
00bbac68_6935,6445.1667150115045
00bbac68_6936,6446.373517322593
00bbac68_6937,6456.611914860286
00bbac68_6938,6456.584882031681
00bbac68_6939,6460.302514882502
00bbac68_6940,6455.795954128346
00bbac68_6941,6456.706046883606
00bbac68_6942,6454.583287197924
00bbac68_6943,6464.223278552944
00bbac68_6944,6461.113405707717
00bbac68_6945,6456.987617064096
00bbac68_6946,6456.403765630322
00bbac68_6947,6462.556997171179
00bbac68_6948,6460.831939097095
00bbac68_6949,6462.111436104904
00bbac68_6950,6454.238124940201
00bbac68_6951,6461.043370901831
00bbac68_6952,6458.138411157488
00bbac68_6953,6465.202607806992
00bbac68_6954,6466.273098997915
00bbac68_6955,6466.854898534468
00bbac68_6956,6471.438015366173
00bbac68_6957,6473.619341311574
00bbac68_6958,6469.243502853795
00bbac68_6959,6464.801361382101
00bbac68_6960,6463.751080726742
00bbac68_6961,6467.034019733095
00bbac68_6962,6464.1586797045
00bbac68_6963,6460.379854173993
00bbac68_6964,6462.471435368858
00bbac68_6965,6459.808186135938
00bbac68_6966,6461.5524471658155
00bbac68_6967,6463.353690533449
00bbac68_6968,6461.218419415585
00bbac68_6969,6460.1926337440145
00bbac68_6970,6462.409483046726
00bbac68_6971,6459.745402599066
00bbac68_6972,6461.74326274461
00bbac68_6973,6458.647097304752
00bbac68_6974,6461.0941278808405
00bbac68_6975,6462.515897177193
00bbac68_6976,6459.110144163866
00bbac68_6977,6459.942903115784
00bbac68_6978,6457.084636238763
00bbac68_6979,6460.292667073526
00bbac68_6980,6456.181358111995
00bbac68_6981,6457.75638429928
00bbac68_6982,6456.291732295072
00bbac68_6983,6457.540474695585
00bbac68_6984,6456.434340302389
00bbac68_6985,6453.829274924744
00bbac68_6986,6455.439172838078
00bbac68_6987,6454.431087339243
00bbac68_6988,6442.086857144409
00bbac68_6989,6440.295611814144
00bbac68_6990,6449.888105589168
00bbac68_6991,6445.440823721836
00bbac68_6992,6447.496014742768
00bbac68_6993,6448.402867114301
00bbac68_6994,6454.013351912636
00bbac68_6995,6455.468538241487
00bbac68_6996,6450.3226355978
00bbac68_6997,6469.494564781749
00bbac68_6998,6446.678082547142
00bbac68_6999,6452.052051418834
00bbac68_7000,6454.287892075877
00bbac68_7001,6455.7594726677735
00bbac68_7002,6454.915493730794
00bbac68_7003,6462.738572720712
00bbac68_7004,6460.518499585246
00bbac68_7005,6476.513676539764
00bbac68_7006,6450.205552359603
00bbac68_7007,6478.646011758977
00bbac68_7008,6468.257784824744
00bbac68_7009,6468.364274941911
00bbac68_7010,6472.9271066374195
00bbac68_7011,6455.898136910055
00bbac68_7012,6480.9165034694715
00bbac68_7013,6475.256613159877
00bbac68_7014,6480.089600767701
00bbac68_7015,6458.644643733161
00bbac68_7016,6464.628078237283
00bbac68_7017,6466.439609641419
00bbac68_7018,6487.184485043946
00bbac68_7019,6469.689711367533
00bbac68_7020,6503.255358235013
00bbac68_7021,6496.192400063707
00bbac68_7022,6499.342889764991
00bbac68_7023,6499.074468541628
00bbac68_7024,6516.604948048249
00bbac68_7025,6488.890718544643
00bbac68_7026,6490.505383560216
00bbac68_7027,6489.129665180247
00bbac68_7028,6507.248920340033
00bbac68_7029,6485.000873398556
00bbac68_7030,6508.461270639311
00bbac68_7031,6501.460539889783
00bbac68_7032,6481.607103223062
00bbac68_7033,6486.551151907051
00bbac68_7034,6496.8499158624845
00bbac68_7035,6490.345067765941
00bbac68_7036,6485.0342439315045
00bbac68_7037,6491.250354632196
00bbac68_7038,6491.1093097121
00bbac68_7039,6491.326473549071
00bbac68_7040,6489.826326868232
00bbac68_7041,6506.349910364268
00bbac68_7042,6483.472413261761
00bbac68_7043,6483.3129593638205
00bbac68_7044,6485.47255245619
00bbac68_7045,6496.732762467188
00bbac68_7046,6513.647127946739
00bbac68_7047,6494.981897770258
00bbac68_7048,6495.708525091212
00bbac68_7049,6497.883173418624
00bbac68_7050,6495.877645342723
00bbac68_7051,6493.898350804085
00bbac68_7052,6497.947614533726
00bbac68_7053,6496.291725644428
00bbac68_7054,6499.225218483928
00bbac68_7055,6496.189592790365
00bbac68_7056,6494.061836352754
00bbac68_7057,6499.4625163544115
00bbac68_7058,6494.688561542176
00bbac68_7059,6495.4059843518635
00bbac68_7060,6492.847072755044
00bbac68_7061,6486.9653741649845
00bbac68_7062,6490.809174035402
00bbac68_7063,6490.6738240069535
00bbac68_7064,6490.782291448087
00bbac68_7065,6487.731002479221
00bbac68_7066,6486.818936814293
00bbac68_7067,6492.460280282624
00bbac68_7068,6505.120534096862
00bbac68_7069,6488.634688657249
00bbac68_7070,6485.449198205953
00bbac68_7071,6463.5700212771635
00bbac68_7072,6467.940061158819
00bbac68_7073,6488.028596682369
00bbac68_7074,6464.812008028278
00bbac68_7075,6474.747481914617
00bbac68_7076,6488.9253549845125
00bbac68_7077,6466.930969525726
00bbac68_7078,6477.173026765656
00bbac68_7079,6491.803317716323
00bbac68_7080,6466.125434223362
00bbac68_7081,6473.03105026645
00bbac68_7082,6471.143997865671
00bbac68_7083,6474.154476751593
00bbac68_7084,6471.152876731452
00bbac68_7085,6475.307213002618
00bbac68_7086,6476.287825197895
00bbac68_7087,6473.707236901558
00bbac68_7088,6473.880448783892
00bbac68_7089,6474.687942947291
00bbac68_7090,6477.742104110435
00bbac68_7091,6478.823062490302
00bbac68_7092,6479.875371853325
00bbac68_7093,6476.766308438819
00bbac68_7094,6473.2482445082715
00bbac68_7095,6480.300395701697
00bbac68_7096,6479.526605255183
00bbac68_7097,6478.11667877967
00bbac68_7098,6476.788365204165
00bbac68_7099,6478.72687369662
00bbac68_7100,6480.961096903736
00bbac68_7101,6480.930417853221
00bbac68_7102,6482.964375391721
00bbac68_7103,6481.235614505961
00bbac68_7104,6481.034242058714
00bbac68_7105,6479.881888109209
00bbac68_7106,6478.704859985847
00bbac68_7107,6478.765813290553
00bbac68_7108,6479.8753715237435
00bbac68_7109,6495.287829059599
00bbac68_7110,6462.79597041895
00bbac68_7111,6469.376610140239
00bbac68_7112,6471.430582777163
00bbac68_7113,6469.940417291812
00bbac68_7114,6470.624066581486
00bbac68_7115,6496.280602344168
00bbac68_7116,6464.382832421713
00bbac68_7117,6475.29339405575
00bbac68_7118,6473.6560497218425
00bbac68_7119,6473.570568148407
00bbac68_7120,6469.856999975208
00bbac68_7121,6470.919006473282
00bbac68_7122,6472.044743550425
00bbac68_7123,6469.1856362456565
00bbac68_7124,6467.574481096706
00bbac68_7125,6483.33635054251
00bbac68_7126,6458.753073568349
00bbac68_7127,6461.975369154751
00bbac68_7128,6459.270689223075
00bbac68_7129,6476.724833683176
00bbac68_7130,6455.764219116276
00bbac68_7131,6463.084697688494
00bbac68_7132,6462.007932770638
00bbac68_7133,6461.415490561655
00bbac68_7134,6458.686883998862
00bbac68_7135,6485.5453111631305
00bbac68_7136,6456.757980301745
00bbac68_7137,6464.165641786553
00bbac68_7138,6460.428462317182
00bbac68_7139,6462.582239786303
00bbac68_7140,6464.361323821458
00bbac68_7141,6468.3143121660805
00bbac68_7142,6471.365642874172
00bbac68_7143,6488.4336728890485
00bbac68_7144,6461.089788190459
00bbac68_7145,6467.945369864764
00bbac68_7146,6485.264598316467
00bbac68_7147,6465.566539421578
00bbac68_7148,6470.30255454171
00bbac68_7149,6485.816095761803
00bbac68_7150,6462.738442380496
00bbac68_7151,6470.481465532377
00bbac68_7152,6487.26735690037
00bbac68_7153,6463.187866670579
00bbac68_7154,6471.773423943563
00bbac68_7155,6471.807785978779
00bbac68_7156,6470.624308981652
00bbac68_7157,6486.240118443044
00bbac68_7158,6483.26661421178
00bbac68_7159,6484.243755006625
00bbac68_7160,6461.494360596197
00bbac68_7161,6467.4321694894925
00bbac68_7162,6466.468696159947
00bbac68_7163,6488.074281379147
00bbac68_7164,6483.782534236676
00bbac68_7165,6467.370655575453
00bbac68_7166,6469.174240689312
00bbac68_7167,6489.494318734645
00bbac68_7168,6464.077878157513
00bbac68_7169,6474.703701439847
00bbac68_7170,6476.646786574485
00bbac68_7171,6479.447712374205
00bbac68_7172,6477.159529061479
00bbac68_7173,6482.450532230016
00bbac68_7174,6481.968641262345
00bbac68_7175,6482.423771190718
00bbac68_7176,6480.107052633497
00bbac68_7177,6482.461016573464
00bbac68_7178,6481.577199487541
00bbac68_7179,6480.637353741206
00bbac68_7180,6480.058727880366
00bbac68_7181,6482.812396522785
00bbac68_7182,6500.8081128047415
00bbac68_7183,6489.8199439044665
00bbac68_7184,6484.724431884496
00bbac68_7185,6466.951563111396
00bbac68_7186,6471.98290962768
00bbac68_7187,6471.964553936275
00bbac68_7188,6490.625677747225
00bbac68_7189,6470.823394856368
00bbac68_7190,6496.235023283915
00bbac68_7191,6497.117256080698
00bbac68_7192,6513.366357447424
00bbac68_7193,6487.18610839076
00bbac68_7194,6490.82883328454
00bbac68_7195,6495.30601378743
00bbac68_7196,6491.622723795634
00bbac68_7197,6486.318771794261
00bbac68_7198,6494.179629832022
00bbac68_7199,6490.750076839126
00bbac68_7200,6489.733195482057
00bbac68_7201,6508.506778652681
00bbac68_7202,6479.632382812885
00bbac68_7203,6483.856942832023
00bbac68_7204,6506.508382081659
00bbac68_7205,6480.571955569296
00bbac68_7206,6505.089709555485
00bbac68_7207,6492.428410400747
00bbac68_7208,6472.516323196696
00bbac68_7209,6496.778570979688
00bbac68_7210,6470.996492462851
00bbac68_7211,6484.073599908938
00bbac68_7212,6483.920260918027
00bbac68_7213,6486.316059592655
00bbac68_7214,6481.1388943986585
00bbac68_7215,6487.2219156163055
00bbac68_7216,6502.144036834856
00bbac68_7217,6492.0581773598105
00bbac68_7218,6473.262652742311
00bbac68_7219,6482.9764010963845
00bbac68_7220,6479.21606794254
00bbac68_7221,6481.644168974661
00bbac68_7222,6479.124910584224
00bbac68_7223,6487.395940164273
00bbac68_7224,6500.8177173900385
00bbac68_7225,6473.994838232684
00bbac68_7226,6486.936068753017
00bbac68_7227,6483.097480690006
00bbac68_7228,6501.391172109502
00bbac68_7229,6476.508619881921
00bbac68_7230,6479.180418614129
00bbac68_7231,6485.931790265746
00bbac68_7232,6484.451786994919
00bbac68_7233,6499.7558161453635
00bbac68_7234,6495.194328091173
00bbac68_7235,6492.106779654798
00bbac68_7236,6487.567427763704
00bbac68_7237,6479.461930669461
00bbac68_7238,6484.323623539128
00bbac68_7239,6478.377672485932
00bbac68_7240,6481.82525206
00bbac68_7241,6482.465373817645
00bbac68_7242,6498.884715961101
00bbac68_7243,6469.938387313308
00bbac68_7244,6472.4356655822785
00bbac68_7245,6478.5294507481085
00bbac68_7246,6493.49982592684
00bbac68_7247,6471.089564903088
00bbac68_7248,6476.573282133264
00bbac68_7249,6474.667729475752
00bbac68_7250,6482.909128312389
00bbac68_7251,6481.222027770644
00bbac68_7252,6500.628256476716
00bbac68_7253,6491.273447813644
00bbac68_7254,6473.181527147729
00bbac68_7255,6476.796510581798
00bbac68_7256,6477.471443639939
00bbac68_7257,6473.294873785822
00bbac68_7258,6476.1063971042695
00bbac68_7259,6479.930142576453
00bbac68_7260,6494.539946639055
00bbac68_7261,6467.05950526794
00bbac68_7262,6476.6225169861045
00bbac68_7263,6473.2505297387725
00bbac68_7264,6478.694299445915
00bbac68_7265,6476.659082958051
00bbac68_7266,6479.08252205268
00bbac68_7267,6494.91349732634
00bbac68_7268,6485.934090847501
00bbac68_7269,6470.873842475358
00bbac68_7270,6477.820663529385
00bbac68_7271,6480.428920648109
00bbac68_7272,6477.678529768506
00bbac68_7273,6475.257525540289
00bbac68_7274,6479.922592222799
00bbac68_7275,6478.049172220685
00bbac68_7276,6479.9996007404525
00bbac68_7277,6477.2928855472355
00bbac68_7278,6476.5129960255545
00bbac68_7279,6475.932064813454
00bbac68_7280,6493.463648383971
00bbac68_7281,6466.527636637328
00bbac68_7282,6472.212356911009
00bbac68_7283,6470.250227240492
00bbac68_7284,6479.253115162162
00bbac68_7285,6491.785798061771
00bbac68_7286,6463.621084735737
00bbac68_7287,6466.964771331008
00bbac68_7288,6466.868749872644
00bbac68_7289,6467.369750569742
00bbac68_7290,6464.0426987417495
00bbac68_7291,6471.3566708350345
00bbac68_7292,6472.58057539198
00bbac68_7293,6489.413980799834
00bbac68_7294,6462.7198907611155
00bbac68_7295,6467.783867879772
00bbac68_7296,6469.501364278536
00bbac68_7297,6472.546286186153
00bbac68_7298,6468.248516076492
00bbac68_7299,6487.76175143425
00bbac68_7300,6461.278593743107
00bbac68_7301,6508.223473389578
00bbac68_7302,6519.896198022992
00bbac68_7303,6491.6438248807935
00bbac68_7304,6495.124122621167
00bbac68_7305,6509.712660610857
00bbac68_7306,6493.209859473933
00bbac68_7307,6486.860032661565
00bbac68_7308,6501.231268138162
00bbac68_7309,6481.82092359449
00bbac68_7310,6491.730777867401
00bbac68_7311,6488.447976652114
00bbac68_7312,6490.9608201855135
00bbac68_7313,6490.571342858494
00bbac68_7314,6490.864532920298
00bbac68_7315,6494.936060069995
00bbac68_7316,6496.736112586696
00bbac68_7317,6482.921425407835
00bbac68_7318,6483.7697844236245
00bbac68_7319,6481.894334432512
00bbac68_7320,6478.7461546120085
00bbac68_7321,6480.31809357943
00bbac68_7322,6483.41233374846
00bbac68_7323,6487.248503733065
00bbac68_7324,6486.759811632222
00bbac68_7325,6483.827134315048
00bbac68_7326,6503.993372606733
00bbac68_7327,6491.642364095004
00bbac68_7328,6487.370580847386
00bbac68_7329,6471.325266352806
00bbac68_7330,6480.865355780131
00bbac68_7331,6475.045576835839
00bbac68_7332,6478.5003878789275
00bbac68_7333,6477.504269593816
00bbac68_7334,6484.342585563185
00bbac68_7335,6485.029068199622
00bbac68_7336,6486.275818364168
00bbac68_7337,6485.636907028994
00bbac68_7338,6486.562268260885
00bbac68_7339,6485.189085801711
00bbac68_7340,6498.808394656967
00bbac68_7341,6471.838867273385
00bbac68_7342,6477.962261734628
00bbac68_7343,6499.216388704876
00bbac68_7344,6477.0759597227625
00bbac68_7345,6479.647441333702
00bbac68_7346,6496.071463141079
00bbac68_7347,6474.123022372755
00bbac68_7348,6497.0031894474505
00bbac68_7349,6498.5962034729855
00bbac68_7350,6476.675961466571
00bbac68_7351,6481.617988573746
00bbac68_7352,6479.039733379702
00bbac68_7353,6479.667553760206
00bbac68_7354,6479.099323833854
00bbac68_7355,6480.4258887705655
00bbac68_7356,6481.509012757198
00bbac68_7357,6481.743027432631
00bbac68_7358,6479.279475940352
00bbac68_7359,6478.1607072891
00bbac68_7360,6479.948990670779
00bbac68_7361,6477.857116266216
00bbac68_7362,6479.2367838410255
00bbac68_7363,6477.289905173497
00bbac68_7364,6481.105101085026
00bbac68_7365,6485.743831589197
00bbac68_7366,6486.702145676704
00bbac68_7367,6485.421286510921
00bbac68_7368,6488.039372786105
00bbac68_7369,6483.535255109559
00bbac68_7370,6482.796934767223
00bbac68_7371,6483.7384257016765
00bbac68_7372,6484.720959539582
00bbac68_7373,6489.744415377996
00bbac68_7374,6504.401457111382
00bbac68_7375,6489.701346338242
00bbac68_7376,6488.39666602676
00bbac68_7377,6469.036533621667
00bbac68_7378,6477.17769031956
00bbac68_7379,6471.274588971378
00bbac68_7380,6473.023069899345
00bbac68_7381,6489.8486609781
00bbac68_7382,6470.898204947873
00bbac68_7383,6475.786691703811
00bbac68_7384,6473.928268791518
00bbac68_7385,6473.624662414863
00bbac68_7386,6476.6402402145495
00bbac68_7387,6477.444346262199
00bbac68_7388,6480.5852789321425
00bbac68_7389,6482.884418252907
00bbac68_7390,6499.127874452476
00bbac68_7391,6470.963216990113
00bbac68_7392,6496.6305977677675
00bbac68_7393,6472.696962903218
00bbac68_7394,6475.346824866539
00bbac68_7395,6496.912399198256
00bbac68_7396,6488.358904635741
00bbac68_7397,6484.3462126566665
00bbac68_7398,6488.027007035786
00bbac68_7399,6471.5184248182995
00bbac68_7400,6493.590225541509
00bbac68_7401,6477.706665504086
00bbac68_7402,6473.887823595372
00bbac68_7403,6480.2788017264775
00bbac68_7404,6476.745330596858
00bbac68_7405,6474.879763714467
00bbac68_7406,6484.453610220624
00bbac68_7407,6480.759025911643
00bbac68_7408,6482.191012998716
00bbac68_7409,6480.488040065652
00bbac68_7410,6485.019122640888
00bbac68_7411,6483.135268544357
00bbac68_7412,6481.451821662829
00bbac68_7413,6488.331257900317
00bbac68_7414,6486.315150827022
00bbac68_7415,6488.557395068945
00bbac68_7416,6489.247310153176
00bbac68_7417,6493.563516388464
00bbac68_7418,6488.5649765042235
00bbac68_7419,6491.927072690769
00bbac68_7420,6490.243181292604
00bbac68_7421,6491.872134264255
00bbac68_7422,6488.698697192896
00bbac68_7423,6491.639618550284
00bbac68_7424,6487.743812612715
00bbac68_7425,6506.856024585193
00bbac68_7426,6471.702177719854
00bbac68_7427,6477.4333834740455
00bbac68_7428,6477.962776500131
00bbac68_7429,6477.459002522222
00bbac68_7430,6477.339584171609
00bbac68_7431,6478.606041507293
00bbac68_7432,6479.375154043623
00bbac68_7433,6478.3916204583875
00bbac68_7434,6492.600069792252
00bbac68_7435,6466.889334116921
00bbac68_7436,6471.0034265249105
00bbac68_7437,6490.7918126364675
00bbac68_7438,6465.007642298315
00bbac68_7439,6470.988364260975
00bbac68_7440,6474.577468550202
00bbac68_7441,6473.88266103671
00bbac68_7442,6492.77786108425
00bbac68_7443,6467.178934529426
00bbac68_7444,6471.8104376687825
00bbac68_7445,6475.180584876285
00bbac68_7446,6487.496873675345
00bbac68_7447,6479.257515165984
00bbac68_7448,6464.566028679799
00bbac68_7449,6468.391322885082
00bbac68_7450,6466.510570289223
00bbac68_7451,6465.425906614775
00bbac68_7452,6468.261709214071
00bbac68_7453,6471.504970659186
00bbac68_7454,6472.59918693575
00bbac68_7455,6475.211502769188
00bbac68_7456,6474.313163302366
00bbac68_7457,6475.002072463123
00bbac68_7458,6473.621189410577
00bbac68_7459,6493.581926857793
00bbac68_7460,6461.666219686617
00bbac68_7461,6467.969266236727
00bbac68_7462,6491.053895592811
00bbac68_7463,6468.982731457328
00bbac68_7464,6478.688103537502
00bbac68_7465,6475.208890194187
00bbac68_7466,6478.593330547437
00bbac68_7467,6476.679003216629
00bbac68_7468,6482.541757279953
00bbac68_7469,6482.688312731243
00bbac68_7470,6499.227360016852
00bbac68_7471,6517.63253385616
00bbac68_7472,6488.2566299423315
00bbac68_7473,6490.370287479124
00bbac68_7474,6489.556960611528
00bbac68_7475,6492.921148915932
00bbac68_7476,6502.783990853491
00bbac68_7477,6499.832246457617
00bbac68_7478,6476.050183240657
00bbac68_7479,6487.356176038834
00bbac68_7480,6491.673701295529
00bbac68_7481,6510.205887504685
00bbac68_7482,6485.703144177395
00bbac68_7483,6495.55578807391
00bbac68_7484,6509.95715584018
00bbac68_7485,6486.752610861465
00bbac68_7486,6502.277400559296
00bbac68_7487,6513.109518597251
00bbac68_7488,6490.205424394494
00bbac68_7489,6493.919659825882
00bbac68_7490,6511.533737390229
00bbac68_7491,6492.393086493378
00bbac68_7492,6490.664574039707
00bbac68_7493,6486.640440292359
00bbac68_7494,6509.697277288232
00bbac68_7495,6488.258534488854
00bbac68_7496,6514.094467913191
00bbac68_7497,6509.381691915053
00bbac68_7498,6523.530875487596
00bbac68_7499,6501.436488432522
00bbac68_7500,6510.001443762631
00bbac68_7501,6502.268231258691
00bbac68_7502,6499.239237367719
00bbac68_7503,6499.32067468891
00bbac68_7504,6503.890873993737
00bbac68_7505,6503.314915463195
00bbac68_7506,6503.540366784869
00bbac68_7507,6507.176112189021
00bbac68_7508,6505.414732403057
00bbac68_7509,6503.73627663223
00bbac68_7510,6504.197447534499
00bbac68_7511,6513.415319030766
00bbac68_7512,6501.2341570743265
00bbac68_7513,6482.535881307885
00bbac68_7514,6486.935913109146
00bbac68_7515,6490.887012120519
00bbac68_7516,6490.155439238218
00bbac68_7517,6508.5583622094555
00bbac68_7518,6502.607276759477
00bbac68_7519,6482.039293855425
00bbac68_7520,6489.6894555086155
00bbac68_7521,6490.643613388712
00bbac68_7522,6501.1322635741335
00bbac68_7523,6481.968398511956
00bbac68_7524,6490.2238131227205
00bbac68_7525,6506.473547607159
00bbac68_7526,6499.559202218496
00bbac68_7527,6499.461544514565
00bbac68_7528,6498.259189703619
00bbac68_7529,6500.876666057941
00bbac68_7530,6484.25294781716
00bbac68_7531,6486.196998567337
00bbac68_7532,6471.861894181213
00bbac68_7533,6496.672448900896
00bbac68_7534,6504.13283923025
00bbac68_7535,6520.257687076295
00bbac68_7536,6513.329678178912
00bbac68_7537,6497.395344061838
00bbac68_7538,6501.263433399904
00bbac68_7539,6503.093751509676
00bbac68_7540,6490.0633994596465
00bbac68_7541,6492.174992619403
00bbac68_7542,6498.254006796069
00bbac68_7543,6494.476946196699
00bbac68_7544,6494.147062444034
00bbac68_7545,6496.2246622292905
00bbac68_7546,6492.116942349641
00bbac68_7547,6489.622627253827
00bbac68_7548,6490.974641482245
00bbac68_7549,6508.281114947422
00bbac68_7550,6474.706897911131
00bbac68_7551,6480.23797861548
00bbac68_7552,6481.178492597107
00bbac68_7553,6481.238087069987
00bbac68_7554,6485.369616498403
00bbac68_7555,6494.97718263184
00bbac68_7556,6497.481883751441
00bbac68_7557,6494.003430983584
00bbac68_7558,6495.806637362297
00e12e8b_2083,6326.361221998639
00e12e8b_2084,6326.412517548473
00e12e8b_2085,6325.864042496256
00e12e8b_2086,6343.6428817108435
00e12e8b_2087,6327.041477081098
00e12e8b_2088,6330.560435420883
00e12e8b_2089,6331.033083276425
00e12e8b_2090,6331.649801418363
00e12e8b_2091,6334.981523574348
00e12e8b_2092,6344.395395226932
00e12e8b_2093,6349.214142471786
00e12e8b_2094,6344.721401427308
00e12e8b_2095,6344.44283557654
00e12e8b_2096,6339.456640439165
00e12e8b_2097,6342.91778553881
00e12e8b_2098,6345.649265783472
00e12e8b_2099,6349.288222364575
00e12e8b_2100,6326.143345798118
00e12e8b_2101,6325.7357863649995
00e12e8b_2102,6329.602917167229
00e12e8b_2103,6329.4139772911785
00e12e8b_2104,6328.509859265261
00e12e8b_2105,6341.06269206637
00e12e8b_2106,6341.522153471171
00e12e8b_2107,6346.980530148099
00e12e8b_2108,6323.29433278475
00e12e8b_2109,6328.008468185591
00e12e8b_2110,6322.680684425987
00e12e8b_2111,6324.744649042273
00e12e8b_2112,6336.254400353835
00e12e8b_2113,6320.838670094142
00e12e8b_2114,6324.92439236177
00e12e8b_2115,6326.897949416467
00e12e8b_2116,6325.960244542089
00e12e8b_2117,6320.667436260354
00e12e8b_2118,6335.2040786122925
00e12e8b_2119,6335.173161656125
00e12e8b_2120,6335.590799482391
00e12e8b_2121,6330.378537033356
00e12e8b_2122,6333.323893315476
00e12e8b_2123,6333.761595986753
00e12e8b_2124,6341.293170552655
00e12e8b_2125,6314.2148307583675
00e12e8b_2126,6312.7596483281695
00e12e8b_2127,6325.213391560467
00e12e8b_2128,6319.175247329707
00e12e8b_2129,6321.810624005438
00e12e8b_2130,6314.962253130018
00e12e8b_2131,6309.863570292232
00e12e8b_2132,6309.994456297226
00e12e8b_2133,6321.223404228242
00e12e8b_2134,6321.386930005475
00e12e8b_2135,6321.261882917399
00e12e8b_2136,6321.00768645315
00e12e8b_2137,6317.964006430307
00e12e8b_2138,6317.557114332649
00e12e8b_2139,6314.523059152816
00e12e8b_2140,6317.057036884774
00e12e8b_2141,6327.151390391747
00e12e8b_2142,6304.588722840659
00e12e8b_2143,6308.928748319996
00e12e8b_2144,6318.420301910801
00e12e8b_2145,6310.940842052631
00e12e8b_2146,6313.786904366686
00e12e8b_2147,6309.605370792517
00e12e8b_2148,6310.392998575356
00e12e8b_2149,6309.586575933992
00e12e8b_2150,6320.169671079563
00e12e8b_2151,6330.780593127826
00e12e8b_2152,6316.9893203557385
00e12e8b_2153,6323.365880755732
00e12e8b_2154,6318.499480319023
00e12e8b_2155,6316.282909062176
00e12e8b_2156,6318.51437895826
00e12e8b_2157,6312.981406615999
00e12e8b_2158,6318.460681776917
00e12e8b_2159,6316.631563764236
00e12e8b_2160,6329.627726967113
00e12e8b_2161,6339.482135226216
00e12e8b_2162,6324.523654579315
00e12e8b_2163,6328.802971382846
00e12e8b_2164,6322.435282826787
00e12e8b_2165,6328.6667332466905
00e12e8b_2166,6317.59711902692
00e12e8b_2167,6309.405293535736
00e12e8b_2168,6325.190974601159
00e12e8b_2169,6330.407077599296
00e12e8b_2170,6319.381088168173
00e12e8b_2171,6330.597502367928
00e12e8b_2172,6337.082574293629
00e12e8b_2173,6326.104444049967
00e12e8b_2174,6339.613786417346
00e12e8b_2175,6337.002747107665
00e12e8b_2176,6319.880576483266
00e12e8b_2177,6323.326359773148
00e12e8b_2178,6338.2702791958845
00e12e8b_2179,6318.760782756426
00e12e8b_2180,6340.9725868207925
00e12e8b_2181,6327.788465231247
00e12e8b_2182,6333.57532448603
00e12e8b_2183,6339.254329582698
00e12e8b_2184,6328.935232172018
00e12e8b_2185,6333.166854914724
00e12e8b_2186,6339.174236308611
00e12e8b_2187,6330.568975462757
00e12e8b_2188,6332.813298014438
00e12e8b_2189,6328.668625448423
00e12e8b_2190,6329.401968710713
00e12e8b_2191,6339.181056343458
00e12e8b_2192,6332.264203333674
00e12e8b_2193,6329.73329425834
00e12e8b_2194,6345.578968542456
00e12e8b_2195,6333.036650078324
00e12e8b_2196,6338.763747370532
00e12e8b_2197,6339.234645446292
00e12e8b_2198,6339.482101220699
00e12e8b_2199,6317.185053784448
00e12e8b_2200,6343.822290781695
00e12e8b_2201,6332.672396034371
00e12e8b_2202,6330.17894448949
00e12e8b_2203,6342.210622908062
00e12e8b_2204,6335.578105155782
00e12e8b_2205,6332.07012302093
00e12e8b_2206,6325.323548122343
00e12e8b_2207,6328.074064371148
00e12e8b_2208,6337.04437680203
00e12e8b_2209,6336.240707064004
00e12e8b_2210,6337.0082536642185
00e12e8b_2211,6327.571824822905
00e12e8b_2212,6340.230190923838
00e12e8b_2213,6330.717805593326
00e12e8b_2214,6340.233144931388
00e12e8b_2215,6338.230412704425
00e12e8b_2216,6334.638616891638
00e12e8b_2217,6344.875004141654
00e12e8b_2218,6332.726270298648
00e12e8b_2219,6346.853973238477
00e12e8b_2220,6339.661538430914
00e12e8b_2221,6343.937270377679
00e12e8b_2222,6340.937440646556
00e12e8b_2223,6338.197002616909
00e12e8b_2224,6329.279806108073
00e12e8b_2225,6331.672278176969
00e12e8b_2226,6326.517156770675
00e12e8b_2227,6319.404188763792
00e12e8b_2228,6345.6239062955965
00e12e8b_2229,6336.862154896723
00e12e8b_2230,6340.201570717652
00e12e8b_2231,6331.909918319332
00e12e8b_2232,6323.96772406136
00e12e8b_2233,6338.107677298565
00e12e8b_2234,6332.931585556486
00e12e8b_2235,6329.260889454002
00e12e8b_2236,6323.0992852061145
00e12e8b_2237,6331.936143994554
00e12e8b_2238,6337.903844174055
00e12e8b_2239,6334.673797518107
00e12e8b_2240,6322.77624638686
00e12e8b_2241,6330.984639814144
00e12e8b_2242,6330.2627527446675
00e12e8b_2243,6324.43839635675
00e12e8b_2244,6330.98562681459
00e12e8b_2245,6327.352802880393
00e12e8b_2246,6331.993304069357
00e12e8b_2247,6321.221562124372
00e12e8b_2248,6323.460058389507
00e12e8b_2249,6319.417410144336
00e12e8b_2250,6330.997157837302
00e12e8b_2251,6332.5028994888135
00e12e8b_2252,6334.32566529533
00e12e8b_2253,6321.364053308435
00e12e8b_2254,6340.247229137999
00e12e8b_2255,6331.257702915936
00e12e8b_2256,6330.164493836564
00e12e8b_2257,6334.642462977087
00e12e8b_2258,6331.636041366436
00e12e8b_2259,6313.793621079138
00e12e8b_2260,6336.639929415203
00e12e8b_2261,6336.15774334419
00e12e8b_2262,6321.990452854643
00e12e8b_2263,6320.524432399548
00e12e8b_2264,6342.310948264884
00e12e8b_2265,6326.985640942814
00e12e8b_2266,6319.310261800023
00e12e8b_2267,6340.321751253071
00e12e8b_2268,6328.131085680836
00e12e8b_2269,6323.680102274342
00e12e8b_2270,6322.623216016229
00e12e8b_2271,6330.009525176992
00e12e8b_2272,6340.911500792427
00e12e8b_2273,6327.0129881909525
00e12e8b_2274,6341.950635767644
00e12e8b_2275,6335.653837932343
00e12e8b_2276,6333.948367799398
00e12e8b_2277,6334.390151615976
00e12e8b_2278,6338.78860783025
00e12e8b_2279,6315.747849469528
00e12e8b_2280,6335.533261573806
00e12e8b_2281,6327.267957109931
00e12e8b_2282,6334.764005951707
00e12e8b_2283,6334.152379032156
00e12e8b_2284,6343.913002099478
00e12e8b_2285,6346.704301187327
00e12e8b_2286,6347.1140924714555
00e12e8b_2287,6344.436695020825
00e12e8b_2288,6352.023153807277
00e12e8b_2289,6345.217153367206
00e12e8b_2290,6346.354201490581
00e12e8b_2291,6348.7822901771315
00e12e8b_2292,6354.181709002067
00e12e8b_2293,6352.2925143656375
00e12e8b_2294,6355.413436357429
00e12e8b_2295,6338.511807056972
00e12e8b_2296,6337.180723009476
00e12e8b_2297,6341.411431945002
00e12e8b_2298,6342.029159239927
00e12e8b_2299,6336.805293332906
00e12e8b_2300,6355.904647044336
00e12e8b_2301,6354.342049859493
00e12e8b_2302,6355.418213117037
00e12e8b_2303,6349.597669115951
00e12e8b_2304,6356.049609488629
00e12e8b_2305,6367.225695570319
00e12e8b_2306,6345.752794073545
00e12e8b_2307,6351.985900325809
00e12e8b_2308,6331.9459272079675
00e12e8b_2309,6347.132469472728
00e12e8b_2310,6353.1451690458225
00e12e8b_2311,6347.710940432564
00e12e8b_2312,6350.13439604636
00e12e8b_2313,6348.8713948862505
00e12e8b_2314,6339.886617840235
00e12e8b_2315,6336.975709807229
00e12e8b_2316,6334.693318027116
00e12e8b_2317,6340.827331619927
00e12e8b_2318,6328.7086085503
00e12e8b_2319,6345.600273734436
00e12e8b_2320,6348.87016055381
00e12e8b_2321,6345.550874805171
00e12e8b_2322,6349.071010580683
00e12e8b_2323,6337.385980075957
00e12e8b_2324,6354.082375562812
00e12e8b_2325,6353.537202286968
00e12e8b_2326,6343.666090750216
00e12e8b_2327,6353.400852332084
00e12e8b_2328,6337.245393960423
00e12e8b_2329,6341.410882991156
00e12e8b_2330,6359.66997418299
00e12e8b_2331,6346.7297901053735
00e12e8b_2332,6350.193449453661
00e12e8b_2333,6355.102143528919
00e12e8b_2334,6356.702570409175
00e12e8b_2335,6342.47594923535
00e12e8b_2336,6358.127873458854
00e12e8b_2337,6351.557087004577
00e12e8b_2338,6356.723312386513
00e12e8b_2339,6359.387075478654
00e12e8b_2340,6364.807509456186
00e12e8b_2341,6338.391908064728
00e12e8b_2342,6358.056848841791
00e12e8b_2343,6364.188422125232
00e12e8b_2344,6343.616549821571
00e12e8b_2345,6358.302915861962
00e12e8b_2346,6362.179907625287
00e12e8b_2347,6354.527953287446
00e12e8b_2348,6367.086780265439
00e12e8b_2349,6350.7642697615765
00e12e8b_2350,6356.785140230793
00e12e8b_2351,6368.055087159794
00e12e8b_2352,6357.772446391083
00e12e8b_2353,6345.101012762555
00e12e8b_2354,6354.165683103609
00e12e8b_2355,6355.7355062085235
00e12e8b_2356,6366.736350873812
00e12e8b_2357,6359.572817327667
00e12e8b_2358,6361.87722730558
00e12e8b_2359,6342.165262804701
00e12e8b_2360,6348.0691777897155
00e12e8b_2361,6348.456246128222
00e12e8b_2362,6362.947541480678
00e12e8b_2363,6361.80083923133
00e12e8b_2364,6359.6852015080385
00e12e8b_2365,6344.312263039422
00e12e8b_2366,6347.655599113683
00e12e8b_2367,6362.82395185284
00e12e8b_2368,6351.520855158476
00e12e8b_2369,6356.711208459239
00e12e8b_2370,6364.840043966105
00e12e8b_2371,6352.307541404669
00e12e8b_2372,6366.474523286773
00e12e8b_2373,6360.220763752358
00e12e8b_2374,6347.563115136567
00e12e8b_2375,6345.983379008402
00e12e8b_2376,6363.699437740943
00e12e8b_2377,6342.783075354289
00e12e8b_2378,6353.221958866781
00e12e8b_2379,6347.117319817228
00e12e8b_2380,6351.184953200927
00e12e8b_2381,6347.909366613387
00e12e8b_2382,6367.483227595012
00e12e8b_2383,6366.043695748986
00e12e8b_2384,6363.277606238704
00e12e8b_2385,6365.131034959543
00e12e8b_2386,6362.860251551851
00e12e8b_2387,6366.903727762958
00e12e8b_2388,6362.012136286954
00e12e8b_2389,6364.87076433616
00e12e8b_2390,6364.699144388096
00e12e8b_2391,6361.321681254162
00e12e8b_2392,6358.010006960547
00e12e8b_2393,6355.8835939045475
00e12e8b_2394,6359.74970708074
00e12e8b_2395,6354.332016143382
00e12e8b_2396,6357.330886207634
00e12e8b_2397,6355.543012999223
00e12e8b_2398,6354.521727431385
00e12e8b_2399,6351.260791323073
00e12e8b_2400,6365.696341527468
00e12e8b_2401,6350.820292570101
00e12e8b_2402,6348.538637650401
00e12e8b_2403,6345.795704521401
00e12e8b_2404,6358.586388499301
00e12e8b_2405,6337.608270811298
00e12e8b_2406,6356.676620924722
00e12e8b_2407,6347.376755440073
00e12e8b_2408,6344.7616981295305
00e12e8b_2409,6357.896349630374
00e12e8b_2410,6350.506668886406
00e12e8b_2411,6339.328085801193
00e12e8b_2412,6354.789566124807
00e12e8b_2413,6339.000360732406
00e12e8b_2414,6334.948334792188
00e12e8b_2415,6352.352645281551
00e12e8b_2416,6350.796433688787
00e12e8b_2417,6345.96172005132
00e12e8b_2418,6334.310658336436
00e12e8b_2419,6347.4772488964345
00e12e8b_2420,6349.115897258729
00e12e8b_2421,6353.809518108326
00e12e8b_2422,6350.179372454543
00e12e8b_2423,6355.30953264561
00e12e8b_2424,6331.54399129465
00e12e8b_2425,6344.066954634727
00e12e8b_2426,6354.691915881274
00e12e8b_2427,6335.820345375349
00e12e8b_2428,6351.382457827462
00e12e8b_2429,6354.620111999364
00e12e8b_2430,6353.46829584028
00e12e8b_2431,6352.045442652254
00e12e8b_2432,6351.007996812751
00e12e8b_2433,6356.418322548578
00e12e8b_2434,6345.290493519009
00e12e8b_2435,6346.6966137820755
00e12e8b_2436,6336.164182764652
00e12e8b_2437,6360.325612966497
00e12e8b_2438,6357.955453410114
00e12e8b_2439,6352.722406055049
00e12e8b_2440,6355.81877104671
00e12e8b_2441,6359.335912643004
00e12e8b_2442,6362.484274301848
00e12e8b_2443,6363.402482302612
00e12e8b_2444,6361.88320415558
00e12e8b_2445,6339.551764189151
00e12e8b_2446,6350.202987589586
00e12e8b_2447,6358.495452977037
00e12e8b_2448,6353.0378332870905
00e12e8b_2449,6339.636040264631
00e12e8b_2450,6363.455482135543
00e12e8b_2451,6348.805458680453
00e12e8b_2452,6356.818785493386
00e12e8b_2453,6345.107860560399
00e12e8b_2454,6350.796333832921
00e12e8b_2455,6354.788078429151
00e12e8b_2456,6351.321178331729
00e12e8b_2457,6353.971751849916
00e12e8b_2458,6340.176140213876
00e12e8b_2459,6346.602893027164
00e12e8b_2460,6341.750171979981
00e12e8b_2461,6348.138264910493
00e12e8b_2462,6345.197853838705
00e12e8b_2463,6359.143239987067
00e12e8b_2464,6361.39668439935
00e12e8b_2465,6358.6346599198
00e12e8b_2466,6360.80239521001
00e12e8b_2467,6361.08376786905
00e12e8b_2468,6363.713910123606
00e12e8b_2469,6361.800632610603
00e12e8b_2470,6362.647739789488
00e12e8b_2471,6363.083181917013
00e12e8b_2472,6363.500954623722
00e12e8b_2473,6356.491528642733
00e12e8b_2474,6363.874187321937
00e12e8b_2475,6345.230448090514
00e12e8b_2476,6345.249754865301
00e12e8b_2477,6347.045083907753
00e12e8b_2478,6345.24569435134
00e12e8b_2479,6343.884524114766
00e12e8b_2480,6359.293954925589
00e12e8b_2481,6357.632611070268
00e12e8b_2482,6361.587327206569
00e12e8b_2483,6356.4636404356515
00e12e8b_2484,6357.947659269513
00e12e8b_2485,6354.506945512291
00e12e8b_2486,6354.380493814369
00e12e8b_2487,6368.4507989358435
00e12e8b_2488,6335.621765096604
00e12e8b_2489,6339.758511416372
00e12e8b_2490,6340.403228679715
00e12e8b_2491,6340.971675472581
00e12e8b_2492,6336.68685538387
00e12e8b_2493,6361.058285775861
00e12e8b_2494,6331.16076389234
00e12e8b_2495,6343.400715679247
00e12e8b_2496,6334.524179901447
00e12e8b_2497,6338.403735935098
00e12e8b_2498,6346.207536746282
00e12e8b_2499,6332.223369784343
00e12e8b_2500,6338.154264400208
00e12e8b_2501,6339.566210308651
00e12e8b_2502,6340.218009482984
00e12e8b_2503,6320.548512011139
00e12e8b_2504,6345.177179277918
00e12e8b_2505,6335.111614761011
00e12e8b_2506,6339.53230319213
00e12e8b_2507,6335.499475317496
00e12e8b_2508,6338.153539247375
00e12e8b_2509,6320.179531685933
00e12e8b_2510,6340.656105201705
00e12e8b_2511,6331.723211700891
00e12e8b_2512,6326.55724030797
00e12e8b_2513,6346.039447924807
00e12e8b_2514,6331.509368750677
00e12e8b_2515,6338.643274418004
00e12e8b_2516,6341.571169467845
00e12e8b_2517,6346.017091920607
00e12e8b_2518,6327.239158014332
00e12e8b_2519,6340.789795603882
00e12e8b_2520,6350.66375388615
00e12e8b_2521,6328.826481454317
00e12e8b_2522,6353.359270751359
00e12e8b_2523,6349.669052836507
00e12e8b_2524,6333.664699801877
00e12e8b_2525,6346.9546339888075
00e12e8b_2526,6346.006617082223
00e12e8b_2527,6337.927894497224
00e12e8b_2528,6346.995744733368
00e12e8b_2529,6334.170739402992
00e12e8b_2530,6336.294046548737
00e12e8b_2531,6352.524038049468
00e12e8b_2532,6346.635307622954
00e12e8b_2533,6343.234706327754
00e12e8b_2534,6335.462468855842
00e12e8b_2535,6346.5760058519345
00e12e8b_2536,6352.3494942253
00e12e8b_2537,6353.517027143345
00e12e8b_2538,6350.6240852110905
00e12e8b_2539,6343.078406782707
00e12e8b_2540,6345.992977684991
00e12e8b_2541,6350.579715885491
00e12e8b_2542,6333.860748413364
00e12e8b_2543,6356.39156316265
00e12e8b_2544,6353.730754933241
00e12e8b_2545,6343.596019389792
00e12e8b_2546,6351.3151835062945
00e12e8b_2547,6351.598086031503
00e12e8b_2548,6337.65347074817
00e12e8b_2549,6340.400322351295
00e12e8b_2550,6337.430422597192
00e12e8b_2551,6339.696622703618
00e12e8b_2552,6340.207676016913
00e12e8b_2553,6337.089563764455
00e12e8b_2554,6339.002063556093
00e12e8b_2555,6338.381485199795
00e12e8b_2556,6339.2968999056075
00e12e8b_2557,6336.6774044572785
00e12e8b_2558,6332.887734227041
00e12e8b_2559,6330.263393440728
00e12e8b_2560,6331.991652397344
00e12e8b_2561,6329.689669614605
00e12e8b_2562,6320.678540098653
00e12e8b_2563,6337.188592299202
00e12e8b_2564,6332.647006249687
00e12e8b_2565,6340.7376678616765
00e12e8b_2566,6345.235667727657
00e12e8b_2567,6344.380450026404
00e12e8b_2568,6334.750179355904
00e12e8b_2569,6338.783895081884
00e12e8b_2570,6349.677709048474
00e12e8b_2571,6337.674086410531
00e12e8b_2572,6326.253324072431
00e12e8b_2573,6348.360255678542
00e12e8b_2574,6335.837496602603
00e12e8b_2575,6339.270742159867
00e12e8b_2576,6342.137474037025
00e12e8b_2577,6339.560028557928
00e12e8b_2578,6318.0303296001275
00e12e8b_2579,6343.021361428768
00e12e8b_2580,6339.549611218218
00e12e8b_2581,6329.072079385303
00e12e8b_2582,6337.7613645286165
00e12e8b_2583,6336.66834680378
00e12e8b_2584,6339.901152050716
00e12e8b_2585,6329.480806360226
00e12e8b_2586,6327.340573225585
00e12e8b_2587,6330.041026135582
00e12e8b_2588,6334.8684697942235
00e12e8b_2589,6334.009880563816
00e12e8b_2590,6346.707464885983
00e12e8b_2591,6347.553867492597
00e12e8b_2592,6348.383726203609
00e12e8b_2593,6349.007276740062
00e12e8b_2594,6350.815852520392
00e12e8b_2595,6352.205128365235
00e12e8b_2596,6353.095537636765
00e12e8b_2597,6353.41495555883
00e12e8b_2598,6354.272153009995
00e12e8b_2599,6355.397674850194
00e12e8b_2600,6350.408807371796
00e12e8b_2601,6345.300299991047
00e12e8b_2602,6343.4338326652305
00e12e8b_2603,6344.233628233833
00e12e8b_2604,6344.466244180481
00e12e8b_2605,6343.549974394937
00e12e8b_2606,6340.478798700979
00e12e8b_2607,6342.553162739902
00e12e8b_2608,6342.899167055213
00e12e8b_2609,6343.2368987610735
00e12e8b_2610,6342.49900432684
00e12e8b_2611,6341.425706694104
00e12e8b_2612,6336.3741329268205
00e12e8b_2613,6339.983134728784
00e12e8b_2614,6341.14395618975
00e12e8b_2615,6341.155373782797
00e12e8b_2616,6350.7813957176595
00e12e8b_2617,6325.100740253845
00e12e8b_2618,6330.212191621851
00e12e8b_2619,6341.410414611246
00e12e8b_2620,6329.074320732648
00e12e8b_2621,6343.2881902861145
00e12e8b_2622,6330.37851341075
00e12e8b_2623,6330.286756508583
00e12e8b_2624,6343.590524066127
00e12e8b_2625,6337.612388342795
00e12e8b_2626,6317.801527081824
00e12e8b_2627,6329.388926986826
00e12e8b_2628,6333.992342412446
00e12e8b_2629,6318.587115389379
00e12e8b_2630,6327.320953289304
00e12e8b_2631,6327.568205378209
00e12e8b_2632,6332.40798142367
00e12e8b_2633,6323.2111413869
00e12e8b_2634,6324.613079785075
00e12e8b_2635,6321.752598728198
00e12e8b_2636,6332.776703867611
00e12e8b_2637,6333.844734760208
00e12e8b_2638,6322.81910108953
00e12e8b_2639,6333.3506495900665
00e12e8b_2640,6332.370661062748
00e12e8b_2641,6334.879131707948
00e12e8b_2642,6339.173976257771
00e12e8b_2643,6340.744539251256
00e12e8b_2644,6327.139525207793
00e12e8b_2645,6330.8064750038475
00e12e8b_2646,6323.317728183753
00e12e8b_2647,6349.101523624424
00e12e8b_2648,6332.562287347757
00e12e8b_2649,6332.59736851532
00e12e8b_2650,6341.883581615889
00e12e8b_2651,6345.100969187073
00e12e8b_2652,6348.574828523803
00e12e8b_2653,6350.777502409249
00e12e8b_2654,6343.444285710932
00e12e8b_2655,6336.782200647646
00e12e8b_2656,6342.993059233675
00e12e8b_2657,6337.146439916799
00e12e8b_2658,6345.154394297222
00e12e8b_2659,6342.9690681228285
00e12e8b_2660,6352.708109843088
00e12e8b_2661,6355.885312032981
00e12e8b_2662,6356.173503953601
00e12e8b_2663,6357.478939505667
00e12e8b_2664,6358.586129389295
00e12e8b_2665,6353.254963450799
00e12e8b_2666,6356.439462950982
00e12e8b_2667,6357.384602526462
00e12e8b_2668,6358.95747095893
00e12e8b_2669,6358.811841169644
00e12e8b_2670,6352.730295768928
00e12e8b_2671,6352.4554546378
00e12e8b_2672,6362.804491388732
00e12e8b_2673,6338.084198872092
00e12e8b_2674,6343.712556507801
00e12e8b_2675,6344.368830991623
00e12e8b_2676,6345.303290726847
00e12e8b_2677,6342.826723678767
00e12e8b_2678,6355.66991002148
00e12e8b_2679,6355.257129743837
00e12e8b_2680,6355.539936943517
00e12e8b_2681,6356.2450999847215
00e12e8b_2682,6355.208441623337
00e12e8b_2683,6354.471569071028
00e12e8b_2684,6354.563043468908
00e12e8b_2685,6360.637503594677
00e12e8b_2686,6335.410245612717
00e12e8b_2687,6336.464445256928
00e12e8b_2688,6346.021190774141
00e12e8b_2689,6336.59060211257
00e12e8b_2690,6340.350504952202
00e12e8b_2691,6342.6731586035385
00e12e8b_2692,6332.896479405083
00e12e8b_2693,6345.335209032246
00e12e8b_2694,6341.567442345731
00e12e8b_2695,6337.190323059871
00e12e8b_2696,6329.904962661459
00e12e8b_2697,6327.676511721193
00e12e8b_2698,6336.746151417413
00e12e8b_2699,6325.918854866871
00e12e8b_2700,6334.546415323472
00e12e8b_2701,6343.599368605635
00e12e8b_2702,6330.7276199575235
00e12e8b_2703,6334.2275786674445
00e12e8b_2704,6335.618548047083
00e12e8b_2705,6335.61077349289
00e12e8b_2706,6331.9514245813225
00e12e8b_2707,6330.928494293053
00e12e8b_2708,6339.067063286017
00e12e8b_2709,6331.465188140753
00e12e8b_2710,6332.255617740608
00e12e8b_2711,6331.5793728198905
00e12e8b_2712,6324.109906179137
00e12e8b_2713,6332.315246836739
00e12e8b_2714,6344.730965145642
00e12e8b_2715,6329.982530933083
00e12e8b_2716,6334.791560475476
00e12e8b_2717,6343.290856539696
00e12e8b_2718,6335.278116951071
00e12e8b_2719,6337.375434890928
00e12e8b_2720,6344.3111304525
00e12e8b_2721,6343.2962297739405
00e12e8b_2722,6329.940063026927
00e12e8b_2723,6348.441537340887
00e12e8b_2724,6339.644497784623
00e12e8b_2725,6333.462497284796
00e12e8b_2726,6333.836993004838
00e12e8b_2727,6350.546143823684
00e12e8b_2728,6339.1683546072
00e12e8b_2729,6343.047556226738
00e12e8b_2730,6330.207806380909
00e12e8b_2731,6335.914518905975
00e12e8b_2732,6345.218489185184
00e12e8b_2733,6333.375897383527
00e12e8b_2734,6338.676448156361
00e12e8b_2735,6352.0095022962605
00e12e8b_2736,6336.503461599456
00e12e8b_2737,6343.161283940716
00e12e8b_2738,6348.972980893168
00e12e8b_2739,6349.854371109867
00e12e8b_2740,6333.008424294941
00e12e8b_2741,6352.988206248569
00e12e8b_2742,6342.6590657328
00e12e8b_2743,6336.821160233212
00e12e8b_2744,6344.118204187762
00e12e8b_2745,6335.447332887243
00e12e8b_2746,6331.5737652543585
00e12e8b_2747,6352.6095948631655
00e12e8b_2748,6343.620624785362
00e12e8b_2749,6341.994657426875
00e12e8b_2750,6338.500579761875
00e12e8b_2751,6339.21430968765
00e12e8b_2752,6324.476858684065
00e12e8b_2753,6333.999930620451
00e12e8b_2754,6338.5753702997345
00e12e8b_2755,6336.338268179876
00e12e8b_2756,6336.283427842868
00e12e8b_2757,6335.699395490081
00e12e8b_2758,6330.260410404658
00e12e8b_2759,6335.337011858847
00e12e8b_2760,6335.985427785733
00e12e8b_2761,6336.465130830824
00e12e8b_2762,6327.754300116026
00e12e8b_2763,6346.239480273473
00e12e8b_2764,6339.055807754111
00e12e8b_2765,6328.2423242014065
00e12e8b_2766,6340.204824758547
00e12e8b_2767,6338.880970433936
00e12e8b_2768,6341.337869459792
00e12e8b_2769,6343.978219966951
00e12e8b_2770,6330.825610878672
00e12e8b_2771,6335.959279737803
00e12e8b_2772,6339.777788459613
00e12e8b_2773,6326.509752077268
00e12e8b_2774,6337.982915538638
00e12e8b_2775,6346.250623695645
00e12e8b_2776,6333.830874805967
00e12e8b_2777,6339.652050255028
00e12e8b_2778,6345.095860096654
00e12e8b_2779,6346.4517180004505
00e12e8b_2780,6331.115405845341
00e12e8b_2781,6349.218177533464
00e12e8b_2782,6340.358840631165
00e12e8b_2783,6336.638192301441
00e12e8b_2784,6333.815123637124
00e12e8b_2785,6351.797803214165
00e12e8b_2786,6343.847205902714
00e12e8b_2787,6340.296290673168
00e12e8b_2788,6342.84036398926
00e12e8b_2789,6347.3501927412035
00e12e8b_2790,6334.414384993831
00e12e8b_2791,6324.567745325377
00e12e8b_2792,6339.544506510714
00e12e8b_2793,6342.474882798152
00e12e8b_2794,6340.102478916575
00e12e8b_2795,6334.045989361288
00e12e8b_2796,6349.886777232207
00e12e8b_2797,6340.832267558343
00e12e8b_2798,6348.009336521979
00e12e8b_2799,6347.759729804726
00e12e8b_2800,6335.424693372111
00e12e8b_2801,6340.500239775878
00e12e8b_2802,6343.853197148767
00e12e8b_2803,6343.780192323061
00e12e8b_2804,6342.394045799725
00e12e8b_2805,6340.740535947378
00e12e8b_2806,6348.327414669831
00e12e8b_2807,6336.997704569151
00e12e8b_2808,6325.120346109003
00e12e8b_2809,6343.31306663222
00e12e8b_2810,6350.2136531290325
00e12e8b_2811,6336.689054895559
00e12e8b_2812,6345.322455158052
00e12e8b_2813,6354.065677219067
00e12e8b_2814,6344.181217467624
00e12e8b_2815,6359.261324880634
00e12e8b_2816,6360.298865853497
00e12e8b_2817,6337.98594237219
00e12e8b_2818,6355.021111333563
00e12e8b_2819,6348.871229979258
00e12e8b_2820,6357.378451932591
00e12e8b_2821,6352.263711497879
00e12e8b_2822,6344.979119773066
00e12e8b_2823,6359.070105585683
00e12e8b_2824,6345.1175833832785
00e12e8b_2825,6340.209926209634
00e12e8b_2826,6362.263219464332
00e12e8b_2827,6343.283029261764
00e12e8b_2828,6348.858889753922
00e12e8b_2829,6342.792407397419
00e12e8b_2830,6346.801222649832
00e12e8b_2831,6356.422152300223
00e12e8b_2832,6350.832597551221
00e12e8b_2833,6355.961548322856
00e12e8b_2834,6348.935634920144
00e12e8b_2835,6354.3811252008345
00e12e8b_2836,6340.35118378494
00e12e8b_2837,6335.274465236212
00e12e8b_2838,6344.520637271058
00e12e8b_2839,6353.794643094872
00e12e8b_2840,6339.062317627505
00e12e8b_2841,6348.396681290381
00e12e8b_2842,6346.8489414705955
00e12e8b_2843,6354.520571207276
00e12e8b_2844,6356.7075193989185
00e12e8b_2845,6345.888213490169
00e12e8b_2846,6359.578792733877
00e12e8b_2847,6340.759101499333
00e12e8b_2848,6340.2530086891475
00e12e8b_2849,6360.554229768952
00e12e8b_2850,6360.063768898195
00e12e8b_2851,6337.767462347292
00e12e8b_2852,6350.20295963835
00e12e8b_2853,6357.937013206817
00e12e8b_2854,6352.894949711408
00e12e8b_2855,6350.911564222737
00e12e8b_2856,6347.112406820639
00e12e8b_2857,6355.106173403853
00e12e8b_2858,6346.983051377886
00e12e8b_2859,6331.110972199456
00e12e8b_2860,6348.72210689904
00e12e8b_2861,6351.195969705244
00e12e8b_2862,6340.236531366866
00e12e8b_2863,6353.161118858083
00e12e8b_2864,6353.434409398128
00e12e8b_2865,6344.825370399674
00e12e8b_2866,6349.27907283655
00e12e8b_2867,6352.905955366281
00e12e8b_2868,6347.7899997554405
00e12e8b_2869,6349.389686879103
00e12e8b_2870,6351.734486542457
00e12e8b_2871,6354.743567496333
00e12e8b_2872,6348.818421973203
00e12e8b_2873,6352.90949329204
00e12e8b_2874,6352.054380807379
00e12e8b_2875,6343.677413574369
00e12e8b_2876,6334.232732372319
00e12e8b_2877,6354.244012287655
00e12e8b_2878,6355.853179134453
00e12e8b_2879,6343.325270629151
00e12e8b_2880,6342.491495966398
00e12e8b_2881,6355.280777310513
00e12e8b_2882,6337.427155683777
00e12e8b_2883,6361.467654913336
00e12e8b_2884,6352.546589574768
00e12e8b_2885,6338.417024325584
00e12e8b_2886,6353.19428611929
00e12e8b_2887,6349.420335010673
00e12e8b_2888,6350.540211052924
00e12e8b_2889,6355.653531933486
00e12e8b_2890,6353.40073561733
00e12e8b_2891,6343.3909735023135
00e12e8b_2892,6329.99720647662
00e12e8b_2893,6345.941494349516
00e12e8b_2894,6352.562155010549
00e12e8b_2895,6351.546620965094
00e12e8b_2896,6337.843047991161
00e12e8b_2897,6355.93654627894
00e12e8b_2898,6348.739531703015
00e12e8b_2899,6343.956862492189
00e12e8b_2900,6352.970320288215
00e12e8b_2901,6348.109828676887
00e12e8b_2902,6353.421282259458
00e12e8b_2903,6354.45637338229
00e12e8b_2904,6354.57170470804
00e12e8b_2905,6343.635045478032
00e12e8b_2906,6343.717988567454
00e12e8b_2907,6340.187390159522
00e12e8b_2908,6345.0012315558815
00e12e8b_2909,6343.017479662798
00e12e8b_2910,6342.54705771582
00e12e8b_2911,6341.407195142626
00e12e8b_2912,6339.099590843502
00e12e8b_2913,6340.660163598919
00e12e8b_2914,6339.922332626426
00e12e8b_2915,6335.68858902917
00e12e8b_2916,6332.092311679939
00e12e8b_2917,6317.054193356791
00e12e8b_2918,6342.319030774001
00e12e8b_2919,6347.349570066639
00e12e8b_2920,6331.493805806424
00e12e8b_2921,6342.21453592075
00e12e8b_2922,6351.247048561512
00e12e8b_2923,6351.742740745006
00e12e8b_2924,6342.074683805816
00e12e8b_2925,6334.418973699582
00e12e8b_2926,6350.406701478887
00e12e8b_2927,6349.662131082429
00e12e8b_2928,6339.905462140665
00e12e8b_2929,6337.676440566162
00e12e8b_2930,6347.6049572585125
00e12e8b_2931,6345.43204400597
00e12e8b_2932,6345.4435478117
00e12e8b_2933,6357.626236438707
00e12e8b_2934,6358.0314482446565
00e12e8b_2935,6356.780616896464
00e12e8b_2936,6359.456751386722
00e12e8b_2937,6360.3053054409875
00e12e8b_2938,6361.900316714836
00e12e8b_2939,6371.054495307252
00e12e8b_2940,6345.125083847159
00e12e8b_2941,6350.87124990745
00e12e8b_2942,6351.454854879972
00e12e8b_2943,6350.592378541091
00e12e8b_2944,6352.613093161555
00e12e8b_2945,6362.819315918354
00e12e8b_2946,6365.781574391854
00e12e8b_2947,6365.9099391439895
00e12e8b_2948,6360.84510312955
00e12e8b_2949,6357.812005401058
00e12e8b_2950,6360.20534416648
00e12e8b_2951,6359.763097456063
00e12e8b_2952,6367.17044253375
00e12e8b_2953,6342.555586221408
00e12e8b_2954,6343.15767096543
00e12e8b_2955,6344.149326679657
00e12e8b_2956,6342.980770108494
00e12e8b_2957,6343.511287109683
00e12e8b_2958,6352.224097910167
00e12e8b_2959,6352.940495004443
00e12e8b_2960,6351.140798499431
00e12e8b_2961,6347.154852327391
00e12e8b_2962,6347.223786486317
00e12e8b_2963,6347.313074311777
00e12e8b_2964,6343.7006869449715
00e12e8b_2965,6343.050110614588
00e12e8b_2966,6342.5745547728275
00e12e8b_2967,6336.767763398977
00e12e8b_2968,6337.994341302677
00e12e8b_2969,6336.0585896980365
00e12e8b_2970,6344.70518405109
00e12e8b_2971,6336.79835328492
00e12e8b_2972,6329.997572445654
00e12e8b_2973,6342.087377863218
00e12e8b_2974,6328.888386771943
00e12e8b_2975,6325.134490410637
00e12e8b_2976,6335.776771851698
00e12e8b_2977,6329.198261485918
00e12e8b_2978,6336.935316311017
00e12e8b_2979,6323.494685331365
00e12e8b_2980,6324.245600118861
00e12e8b_2981,6336.359362548691
00e12e8b_2982,6328.516002942584
00e12e8b_2983,6324.914749893694
00e12e8b_2984,6344.543909868109
00e12e8b_2985,6335.146059604369
00e12e8b_2986,6342.0356459055765
00e12e8b_2987,6346.71867503042
00e12e8b_2988,6342.139026495973
00e12e8b_2989,6326.8501638825455
00e12e8b_2990,6347.226489428232
00e12e8b_2991,6349.655933215199
00e12e8b_2992,6335.891853351915
00e12e8b_2993,6348.436545386275
00e12e8b_2994,6340.588922666147
00e12e8b_2995,6352.5007660270185
00e12e8b_2996,6351.010452362874
00e12e8b_2997,6341.237019446965
00e12e8b_2998,6356.69090392443
00e12e8b_2999,6350.908674321029
00e12e8b_3000,6356.850121189997
00e12e8b_3001,6354.693043859779
00e12e8b_3002,6355.50204118784
00e12e8b_3003,6347.054168511012
00e12e8b_3004,6344.657084912931
00e12e8b_3005,6347.692028361937
00e12e8b_3006,6350.6719997064165
00e12e8b_3007,6345.411153306444
00e12e8b_3008,6348.410305312324
00e12e8b_3009,6350.956921327577
00e12e8b_3010,6345.20335204911
00e12e8b_3011,6347.616705407151
00e12e8b_3012,6348.0251175466165
00e12e8b_3013,6338.487531038153
00e12e8b_3014,6337.4837312020145
00e12e8b_3015,6324.549655824399
00e12e8b_3016,6352.484114460644
00e12e8b_3017,6343.99448753344
00e12e8b_3018,6359.375620107055
00e12e8b_3019,6359.1823962675635
00e12e8b_3020,6342.358927711002
00e12e8b_3021,6362.788533885886
00e12e8b_3022,6348.93991491465
00e12e8b_3023,6341.107400303892
00e12e8b_3024,6344.523279330661
00e12e8b_3025,6348.271291732025
00e12e8b_3026,6352.622024133859
00e12e8b_3027,6347.865052981718
00e12e8b_3028,6370.166748829169
00e12e8b_3029,6358.108480837785
00e12e8b_3030,6356.746092525255
00e12e8b_3031,6353.250487167286
00e12e8b_3032,6345.734073450166
00e12e8b_3033,6348.538120609973
00e12e8b_3034,6344.5541703901545
00e12e8b_3035,6364.222289518048
00e12e8b_3036,6349.114326544777
00e12e8b_3037,6360.489741030688
00e12e8b_3038,6350.706011900962
00e12e8b_3039,6357.117683132019
00e12e8b_3040,6361.444829080277
00e12e8b_3041,6363.325653754713
00e12e8b_3042,6339.748465935422
00e12e8b_3043,6354.625179871239
00e12e8b_3044,6350.363077788307
00e12e8b_3045,6355.633392147748
00e12e8b_3046,6357.596321760958
00e12e8b_3047,6349.703416351663
00e12e8b_3048,6362.932915425086
00e12e8b_3049,6361.921242334083
00e12e8b_3050,6345.0196969711005
00e12e8b_3051,6358.596803123853
00e12e8b_3052,6348.154809115157
00e12e8b_3053,6358.448521151073
00e12e8b_3054,6343.8960886446885
00e12e8b_3055,6354.25315683086
00e12e8b_3056,6363.90939785614
00e12e8b_3057,6350.525261200086
00e12e8b_3058,6364.006229860544
00e12e8b_3059,6344.746357396801
00e12e8b_3060,6360.470034058238
00e12e8b_3061,6347.002494410012
00e12e8b_3062,6346.950207567114
00e12e8b_3063,6341.114857197438
00e12e8b_3064,6344.182781196241
00e12e8b_3065,6338.368118907818
00e12e8b_3066,6359.882724501354
00e12e8b_3067,6355.258761336248
00e12e8b_3068,6356.465177411402
00e12e8b_3069,6334.042848138343
00e12e8b_3070,6341.618804996416
00e12e8b_3071,6348.536635786894
00e12e8b_3072,6346.180864670708
00e12e8b_3073,6345.497165656301
00e12e8b_3074,6345.553297938234
00e12e8b_3075,6356.415825976112
00e12e8b_3076,6346.451225177789
00e12e8b_3077,6345.8185306686555
00e12e8b_3078,6346.074787958405
00e12e8b_3079,6337.397896781342
00e12e8b_3080,6348.1334590027855
00e12e8b_3081,6345.318562642467
00e12e8b_3082,6346.46727604707
00e12e8b_3083,6352.568722395152
00e12e8b_3084,6342.016127930015
00e12e8b_3085,6346.561184793828
00e12e8b_3086,6356.01304204175
00e12e8b_3087,6345.892904855747
00e12e8b_3088,6348.502026000693
00e12e8b_3089,6353.933892953868
00e12e8b_3090,6345.573334176542
00e12e8b_3091,6357.618187893246
00e12e8b_3092,6345.4471796785265
00e12e8b_3093,6350.001554529557
00e12e8b_3094,6358.5467305931315
00e12e8b_3095,6359.656422196409
00e12e8b_3096,6350.679223663282
00e12e8b_3097,6342.747772541436
00e12e8b_3098,6353.3447085432435
00e12e8b_3099,6355.866815999687
00e12e8b_3100,6356.6754251364555
00e12e8b_3101,6344.296402351579
00e12e8b_3102,6344.174705923901
00e12e8b_3103,6341.41836610037
00e12e8b_3104,6357.618699220891
00e12e8b_3105,6346.57691970558
00e12e8b_3106,6353.956674720572
00e12e8b_3107,6343.095526394145
00e12e8b_3108,6356.744010454237
00e12e8b_3109,6336.995410157726
00e12e8b_3110,6348.098888443546
00e12e8b_3111,6357.092807204016
00e12e8b_3112,6346.214875256902
00e12e8b_3113,6342.874326444294
00e12e8b_3114,6350.54882375851
00e12e8b_3115,6344.622549753594
00e12e8b_3116,6356.770843095474
00e12e8b_3117,6343.685188570797
00e12e8b_3118,6345.802374805268
00e12e8b_3119,6351.180458547532
00e12e8b_3120,6353.06367896696
00e12e8b_3121,6335.97898669172
00e12e8b_3122,6343.9930048495835
00e12e8b_3123,6350.037932037079
00e12e8b_3124,6330.440999020424
00e12e8b_3125,6350.554051672387
00e12e8b_3126,6338.642368377637
00e12e8b_3127,6349.391539113167
00e12e8b_3128,6330.069170110122
00e12e8b_3129,6340.092328717979
00e12e8b_3130,6348.583329005007
00e12e8b_3131,6335.699163418169
00e12e8b_3132,6341.016629027306
00e12e8b_3133,6346.4568437346325
00e12e8b_3134,6346.745177304989
00e12e8b_3135,6329.304236802274
00e12e8b_3136,6349.700282233328
00e12e8b_3137,6341.1964376461165
00e12e8b_3138,6336.287210866791
00e12e8b_3139,6345.772194817428
00e12e8b_3140,6331.239851255496
00e12e8b_3141,6336.958701465813
00e12e8b_3142,6351.075551018292
00e12e8b_3143,6337.662861823852
00e12e8b_3144,6352.880551369357
00e12e8b_3145,6343.809511238689
00e12e8b_3146,6329.586248987415
00e12e8b_3147,6345.66621494369
00e12e8b_3148,6340.339814811685
00e12e8b_3149,6335.933724397191
00e12e8b_3150,6332.398771082558
00e12e8b_3151,6350.760227602806
00e12e8b_3152,6328.923794117117
00e12e8b_3153,6346.014982353559
00e12e8b_3154,6347.348187316599
00e12e8b_3155,6329.572809941178
00e12e8b_3156,6343.9515150683355
00e12e8b_3157,6330.434653839192
00e12e8b_3158,6334.427028260528
00e12e8b_3159,6348.428122710957
00e12e8b_3160,6343.192305324066
00e12e8b_3161,6344.35315315184
00e12e8b_3162,6342.154922175073
00e12e8b_3163,6349.7951694846815
00e12e8b_3164,6329.224093640639
00e12e8b_3165,6356.22135163914
00e12e8b_3166,6340.082382427866
00e12e8b_3167,6335.196153345711
00e12e8b_3168,6354.392094485558
00e12e8b_3169,6343.8618802630945
00e12e8b_3170,6355.020302220019
00e12e8b_3171,6341.564309587564
00e12e8b_3172,6347.792356464425
00e12e8b_3173,6352.891344352511
00e12e8b_3174,6341.925826760614
00e12e8b_3175,6346.15355125215
00e12e8b_3176,6353.4032580601715
00e12e8b_3177,6354.1839646398475
00e12e8b_3178,6348.819755715912
00e12e8b_3179,6334.59415293957
00e12e8b_3180,6353.85626474881
00e12e8b_3181,6343.621206222207
00e12e8b_3182,6351.757773943341
00e12e8b_3183,6337.735062858563
00e12e8b_3184,6348.642505450673
00e12e8b_3185,6367.2263750510265
00e12e8b_3186,6351.636453072864
00e12e8b_3187,6357.147872281674
00e12e8b_3188,6361.134792446188
00e12e8b_3189,6355.184767069139
00e12e8b_3190,6360.5447489237795
00e12e8b_3191,6361.160713157847
00e12e8b_3192,6355.64398070411
00e12e8b_3193,6361.270808845212
00e12e8b_3194,6363.00804516178
00e12e8b_3195,6334.981694535639
00e12e8b_3196,6353.813887452999
00e12e8b_3197,6359.078997804359
00e12e8b_3198,6346.795545134191
00e12e8b_3199,6361.557078147368
00e12e8b_3200,6350.778492304561
00e12e8b_3201,6355.3083113655375
00e12e8b_3202,6361.419838483692
00e12e8b_3203,6352.829747693176
00e12e8b_3204,6353.8108448966295
00e12e8b_3205,6355.032461800454
00e12e8b_3206,6360.998790565396
00e12e8b_3207,6344.980229092324
00e12e8b_3208,6355.725630973804
00e12e8b_3209,6367.110578614707
00e12e8b_3210,6347.493368736379
00e12e8b_3211,6363.461927862812
00e12e8b_3212,6352.523488099814
00e12e8b_3213,6352.809615768904
00e12e8b_3214,6362.817004423594
00e12e8b_3215,6357.699534962428
00e12e8b_3216,6352.077231898513
00e12e8b_3217,6351.027838973505
00e12e8b_3218,6364.233834095101
00e12e8b_3219,6337.757084113515
00e12e8b_3220,6354.420023518487
00e12e8b_3221,6358.335296550403
00e12e8b_3222,6344.463939810316
00e12e8b_3223,6360.478405869574
00e12e8b_3224,6358.602163706003
00e12e8b_3225,6353.473113860865
00e12e8b_3226,6369.2820241482705
00e12e8b_3227,6352.670636908089
00e12e8b_3228,6356.072760422676
00e12e8b_3229,6362.346687898613
00e12e8b_3230,6349.344279000226
00e12e8b_3231,6350.817818204236
00e12e8b_3232,6358.673139476684
00e12e8b_3233,6361.659075196266
00e12e8b_3234,6342.123310669796
00e12e8b_3235,6352.435934819999
00e12e8b_3236,6359.978582210076
00e12e8b_3237,6352.240774079745
00e12e8b_3238,6359.027219834693
00e12e8b_3239,6353.30900403479
00e12e8b_3240,6349.1669114205915
00e12e8b_3241,6363.695276965563
00e12e8b_3242,6361.046482359722
00e12e8b_3243,6349.993536392526
00e12e8b_3244,6357.3901955045285
00e12e8b_3245,6352.297106974148
00e12e8b_3246,6347.8850841548465
00e12e8b_3247,6355.96498319641
00e12e8b_3248,6354.01759398734
00e12e8b_3249,6359.745585430163
00e12e8b_3250,6347.116443232831
00e12e8b_3251,6358.676539186459
00e12e8b_3252,6359.51115510402
00e12e8b_3253,6350.585280410826
00e12e8b_3254,6358.159764952936
00e12e8b_3255,6345.701175968687
00e12e8b_3256,6358.138781980628
00e12e8b_3257,6355.460655338028
00e12e8b_3258,6356.359042193704
00e12e8b_3259,6347.035972787508
00e12e8b_3260,6354.101911412717
00e12e8b_3261,6349.596185122996
00e12e8b_3262,6356.113587572748
00e12e8b_3263,6353.008302787066
00e12e8b_3264,6352.550739345263
00e12e8b_3265,6345.108658691129
00e12e8b_3266,6356.02621913689
00e12e8b_3267,6360.007352161257
00e12e8b_3268,6347.742363789946
00e12e8b_3269,6352.570739936092
00e12e8b_3270,6341.751334132266
00e12e8b_3271,6354.905894047563
00e12e8b_3272,6348.73178835996
00e12e8b_3273,6352.948556538941
00e12e8b_3274,6356.05848244531
00e12e8b_3275,6353.138769499652
00e12e8b_3276,6333.774976207384
00e12e8b_3277,6356.884026606504
00e12e8b_3278,6355.577713960759
00e12e8b_3279,6354.176082393518
00e12e8b_3280,6344.588585609561
00e12e8b_3281,6353.308555229565
00e12e8b_3282,6350.6788435885765
00e12e8b_3283,6343.8154411377045
00e12e8b_3284,6350.424877965189
00e12e8b_3285,6338.806558056272
00e12e8b_3286,6351.8790431899415
00e12e8b_3287,6346.354820027212
00e12e8b_3288,6348.998523861044
00e12e8b_3289,6341.550655158129
00e12e8b_3290,6343.161487936909
00e12e8b_3291,6349.340776551744
00e12e8b_3292,6348.605001918091
00e12e8b_3293,6338.531117457806
00e12e8b_3294,6355.690899064031
00e12e8b_3295,6339.403867625605
00e12e8b_3296,6350.3435273914265
00e12e8b_3297,6339.22752760981
00e12e8b_3298,6356.131749513824
00e12e8b_3299,6340.91124631474
00e12e8b_3300,6348.9741025767435
00e12e8b_3301,6355.971759369537
00e12e8b_3302,6355.858279099395
00e12e8b_3303,6350.906460411317
00e12e8b_3304,6345.548065594031
00e12e8b_3305,6343.330173953862
00e12e8b_3306,6359.461139051083
00e12e8b_3307,6342.152736968515
00e12e8b_3308,6343.31691474468
00e12e8b_3309,6352.483720873755
00e12e8b_3310,6347.129193253558
00e12e8b_3311,6344.604735105343
00e12e8b_3312,6369.193733195328
00e12e8b_3313,6343.83457793879
00e12e8b_3314,6347.353110569573
00e12e8b_3315,6348.176050297149
00e12e8b_3316,6346.053021209868
00e12e8b_3317,6356.5938025959895
00e12e8b_3318,6340.746646177855
00e12e8b_3319,6358.141901889116
00e12e8b_3320,6348.180950068533
00e12e8b_3321,6350.333018724436
00e12e8b_3322,6350.804422128494
00e12e8b_3323,6357.2581593522755
00e12e8b_3324,6354.544877935817
00e12e8b_3325,6354.653284104758
00e12e8b_3326,6350.2734694851615
00e12e8b_3327,6343.168389687965
00e12e8b_3328,6356.185047785054
00e12e8b_3329,6342.483372337623
00e12e8b_3330,6336.822162257731
00e12e8b_3331,6352.525450115423
00e12e8b_3332,6339.094378499294
00e12e8b_3333,6356.121941357956
00e12e8b_3334,6338.535973900123
00e12e8b_3335,6341.875680776179
00e12e8b_3336,6351.7418125473005
00e12e8b_3337,6350.489564222853
00e12e8b_3338,6330.930051188157
00e12e8b_3339,6340.036954149427
00e12e8b_3340,6343.741542382448
00e12e8b_3341,6340.994273376162
00e12e8b_3342,6348.731740408476
00e12e8b_3343,6337.021813442953
00e12e8b_3344,6348.062432453802
00e12e8b_3345,6350.8855165366795
00e12e8b_3346,6331.898371421765
00e12e8b_3347,6345.412627392675
00e12e8b_3348,6334.582850654982
00e12e8b_3349,6335.719161323076
00e12e8b_3350,6352.1821334788465
00e12e8b_3351,6347.266566948597
00e12e8b_3352,6334.320239656071
00e12e8b_3353,6344.642545960332
00e12e8b_3354,6340.568371801645
00e12e8b_3355,6342.52233724668
00e12e8b_3356,6335.796556129145
00e12e8b_3357,6348.496800879261
00e12e8b_3358,6359.121697644506
00e12e8b_3359,6331.932351369151
00e12e8b_3360,6348.9795373207735
00e12e8b_3361,6349.753924927965
00e12e8b_3362,6333.472190407373
00e12e8b_3363,6343.545276290808
00e12e8b_3364,6343.865983903173
00e12e8b_3365,6349.448766253685
00e12e8b_3366,6339.617577696101
00e12e8b_3367,6349.206450629412
00e12e8b_3368,6336.569965646969
00e12e8b_3369,6336.808020260388
00e12e8b_3370,6353.66228804096
00e12e8b_3371,6350.897547709488
00e12e8b_3372,6333.775089256768
00e12e8b_3373,6347.279992189248
00e12e8b_3374,6356.505192774759
00e12e8b_3375,6337.251040223842
00e12e8b_3376,6357.39067049309
00e12e8b_3377,6353.2917068308625
00e12e8b_3378,6347.2045874599935
00e12e8b_3379,6341.598454606233
00e12e8b_3380,6351.233572548516
00e12e8b_3381,6354.4520122313315
00e12e8b_3382,6344.102178824287
00e12e8b_3383,6353.978275104925
00e12e8b_3384,6337.61354703985
00e12e8b_3385,6341.1810838625115
00e12e8b_3386,6357.407514891387
00e12e8b_3387,6344.087365591341
00e12e8b_3388,6349.872091804018
00e12e8b_3389,6355.14295867713
00e12e8b_3390,6346.852982795354
00e12e8b_3391,6362.266934329835
00e12e8b_3392,6358.888830966845
00e12e8b_3393,6353.336775835855
00e12e8b_3394,6350.52424906369
00e12e8b_3395,6345.224967292438
00e12e8b_3396,6353.903306237994
00e12e8b_3397,6344.067507852143
00e12e8b_3398,6361.905210757554
00e12e8b_3399,6352.860587095741
00e12e8b_3400,6354.206649366247
00e12e8b_3401,6364.2437262322555
00e12e8b_3402,6348.113388466227
00e12e8b_3403,6352.571497368978
00e12e8b_3404,6358.971940626983
00e12e8b_3405,6362.2499753588745
00e12e8b_3406,6356.738696388819
00e12e8b_3407,6346.995405306974
00e12e8b_3408,6362.273041902407
00e12e8b_3409,6365.786643738146
00e12e8b_3410,6362.221543108173
00e12e8b_3411,6363.161680712998
00e12e8b_3412,6363.296347717845
00e12e8b_3413,6352.189112135379
00e12e8b_3414,6340.7242381238175
00e12e8b_3415,6363.9212641291115
00e12e8b_3416,6363.199798104925
00e12e8b_3417,6360.859965051871
00e12e8b_3418,6351.461135276005
00e12e8b_3419,6349.750937351324
00e12e8b_3420,6348.327170423128
00e12e8b_3421,6356.723863168126
00e12e8b_3422,6350.887318708414
00e12e8b_3423,6361.833937293612
00e12e8b_3424,6359.82070591153
00e12e8b_3425,6359.287231071058
00e12e8b_3426,6360.287434817967
00e12e8b_3427,6356.471877510661
00e12e8b_3428,6354.153592827594
00e12e8b_3429,6354.791754025318
00e12e8b_3430,6354.161951372872
00e12e8b_3431,6353.990052583237
00e12e8b_3432,6355.741613239977
00e12e8b_3433,6350.841370629925
00e12e8b_3434,6350.483542097176
00e12e8b_3435,6351.181539442248
00e12e8b_3436,6361.417633733141
00e12e8b_3437,6341.320336468113
00e12e8b_3438,6346.11295002799
00e12e8b_3439,6353.673644004347
00e12e8b_3440,6342.884259824508
00e12e8b_3441,6347.325697559962
00e12e8b_3442,6355.087150398811
00e12e8b_3443,6354.573104540836
00e12e8b_3444,6349.041168924945
00e12e8b_3445,6348.5449254439045
00e12e8b_3446,6353.782794548229
00e12e8b_3447,6343.397992852985
00e12e8b_3448,6331.59999401504
00e12e8b_3449,6354.952503991741
00e12e8b_3450,6354.3976772098595
00e12e8b_3451,6351.705124133889
00e12e8b_3452,6352.7518227970595
00e12e8b_3453,6352.077891104556
00e12e8b_3454,6343.757320419689
00e12e8b_3455,6344.768686025779
00e12e8b_3456,6334.584830166105
00e12e8b_3457,6345.618292944485
00e12e8b_3458,6350.447937021386
00e12e8b_3459,6347.240977668456
00e12e8b_3460,6347.347567710905
00e12e8b_3461,6337.046178201342
00e12e8b_3462,6339.781469121162
00e12e8b_3463,6349.4320104771205
00e12e8b_3464,6336.216704543223
00e12e8b_3465,6357.68048509485
00e12e8b_3466,6354.380343874502
00e12e8b_3467,6338.029519085985
00e12e8b_3468,6341.156267440636
00e12e8b_3469,6358.868397113823
00e12e8b_3470,6350.338551606706
00e12e8b_3471,6337.681035133299
00e12e8b_3472,6358.5934081891655
00e12e8b_3473,6350.248464746462
00e12e8b_3474,6346.97780605915
00e12e8b_3475,6357.5157151546655
00e12e8b_3476,6355.359435678375
00e12e8b_3477,6360.870698474942
00e12e8b_3478,6351.929569742764
00e12e8b_3479,6359.362603718179
00e12e8b_3480,6350.563067565322
00e12e8b_3481,6360.20650434429
00e12e8b_3482,6346.898702665379
00e12e8b_3483,6355.649451693241
00e12e8b_3484,6366.812568267922
00e12e8b_3485,6364.133198933089
00e12e8b_3486,6357.56349629791
00e12e8b_3487,6357.644867913389
00e12e8b_3488,6352.410917417895
00e12e8b_3489,6365.696434501839
00e12e8b_3490,6363.716563541506
00e12e8b_3491,6360.952478168
00e12e8b_3492,6350.832072403156
00e12e8b_3493,6359.779200656246
00e12e8b_3494,6363.154060377192
00e12e8b_3495,6350.048080329288
00e12e8b_3496,6359.997887890981
00e12e8b_3497,6346.569167211579
00e12e8b_3498,6348.960176442416
00e12e8b_3499,6365.283166646431
00e12e8b_3500,6353.692925890142
00e12e8b_3501,6355.35485676274
00e12e8b_3502,6364.237372429322
00e12e8b_3503,6363.505380766494
00e12e8b_3504,6359.269856190704
00e12e8b_3505,6347.289926664915
00e12e8b_3506,6354.965316654866
00e12e8b_3507,6364.724806285026
00e12e8b_3508,6364.41384877616
00e12e8b_3509,6359.772875484349
00e12e8b_3510,6360.409346104315
00e12e8b_3511,6357.559452257343
00e12e8b_3512,6358.610915553462
00e12e8b_3513,6363.362472888084
00e12e8b_3514,6362.149084241921
00e12e8b_3515,6359.323328451904
00e12e8b_3516,6349.356646274806
00e12e8b_3517,6365.379149090457
00e12e8b_3518,6363.697990721409
00e12e8b_3519,6356.035227768977
00e12e8b_3520,6361.994410843289
00e12e8b_3521,6360.927567403125
00e12e8b_3522,6352.530118423125
00e12e8b_3523,6363.8294021378
00e12e8b_3524,6360.6899874518085
00e12e8b_3525,6351.3290727434405
00e12e8b_3526,6352.635793880393
00e12e8b_3527,6365.751091033282
00e12e8b_3528,6348.880496540459
00e12e8b_3529,6355.863361228749
00e12e8b_3530,6366.013545538125
00e12e8b_3531,6365.976358824006
00e12e8b_3532,6356.889725318008
00e12e8b_3533,6349.510368806695
00e12e8b_3534,6360.295255155515
00e12e8b_3535,6364.606199185876
00e12e8b_3536,6353.590521331284
00e12e8b_3537,6362.37351005431
00e12e8b_3538,6360.10987845789
00e12e8b_3539,6350.686801734828
00e12e8b_3540,6363.3612627044095
00e12e8b_3541,6360.996869753911
00e12e8b_3542,6351.5527610418
00e12e8b_3543,6362.84870638511
00e12e8b_3544,6360.88093114534
00e12e8b_3545,6350.363466732855
00e12e8b_3546,6351.589427643461
00e12e8b_3547,6370.840029041985
00e12e8b_3548,6358.8274938872455
00e12e8b_3549,6356.004515122607
00e12e8b_3550,6348.6485203377015
00e12e8b_3551,6362.912961726411
00e12e8b_3552,6363.808276233422
00e12e8b_3553,6349.8855405583945
00e12e8b_3554,6351.329471666278
00e12e8b_3555,6368.806943322748
00e12e8b_3556,6348.306138891339
00e12e8b_3557,6366.688269886309
00e12e8b_3558,6365.627607839636
00e12e8b_3559,6343.688468737523
00e12e8b_3560,6349.090916964607
00e12e8b_3561,6365.825448198968
00e12e8b_3562,6356.714602449494
00e12e8b_3563,6355.442973876413
00e12e8b_3564,6355.566727626934
00e12e8b_3565,6359.846281210263
00e12e8b_3566,6350.572565874182
00e12e8b_3567,6341.846810409589
00e12e8b_3568,6353.502759022663
00e12e8b_3569,6360.281540261166
00e12e8b_3570,6356.358787574479
00e12e8b_3571,6346.125823715583
00e12e8b_3572,6366.543335910233
00e12e8b_3573,6356.526014140488
00e12e8b_3574,6351.898140993064
00e12e8b_3575,6360.28424034261
00e12e8b_3576,6358.845097534442
00e12e8b_3577,6351.127475650746
00e12e8b_3578,6360.848400242039
00e12e8b_3579,6357.095329518792
00e12e8b_3580,6352.224941653018
00e12e8b_3581,6364.719753719212
00e12e8b_3582,6361.057628624658
00e12e8b_3583,6366.45982757053
00e12e8b_3584,6358.466964437172
00e12e8b_3585,6366.352131790398
00e12e8b_3586,6365.4359755466085
00e12e8b_3587,6356.433924519785
00e12e8b_3588,6364.460174943279
00e12e8b_3589,6360.909283010924
00e12e8b_3590,6367.06182956448
00e12e8b_3591,6368.5021278051245
00e12e8b_3592,6365.970741250853
00e12e8b_3593,6355.225555982545
00e12e8b_3594,6356.832455818466
00e12e8b_3595,6354.436399448026
00e12e8b_3596,6356.3475790385155
00e12e8b_3597,6352.745806167472
00e12e8b_3598,6353.1406490234995
00e12e8b_3599,6344.135064129818
00e12e8b_3600,6362.530112094447
00e12e8b_3601,6364.434672954882
00e12e8b_3602,6363.582860544232
00e12e8b_3603,6353.615214296903
00e12e8b_3604,6361.839302481385
00e12e8b_3605,6364.444809599317
00e12e8b_3606,6367.051632816391
00e12e8b_3607,6370.633672124993
00e12e8b_3608,6367.231719896784
00e12e8b_3609,6373.5171100671
00e12e8b_3610,6363.926342034189
00e12e8b_3611,6371.069354822304
00e12e8b_3612,6359.409869080638
00e12e8b_3613,6357.33196676742
00e12e8b_3614,6357.3846207364395
00e12e8b_3615,6359.673170391881
00e12e8b_3616,6347.624397407321
00e12e8b_3617,6377.615746364333
00e12e8b_3618,6370.138035025485
00e12e8b_3619,6361.857321633578
00e12e8b_3620,6360.6512423875665
00e12e8b_3621,6368.502405839684
00e12e8b_3622,6366.816973245866
00e12e8b_3623,6364.11906429209
00e12e8b_3624,6379.880975921073
00e12e8b_3625,6378.142270835402
00e12e8b_3626,6382.2123622249555
00e12e8b_3627,6380.151741920346
00e12e8b_3628,6383.542295284422
00e12e8b_3629,6387.093158647023
00e12e8b_3630,6383.106486598117
00e12e8b_3631,6386.8517281154445
00e12e8b_3632,6383.991823372267
00e12e8b_3633,6387.705505138789
00e12e8b_3634,6380.94087148769
00e12e8b_3635,6383.022448561663
00e12e8b_3636,6380.482107958795
00e12e8b_3637,6375.547014175254
00e12e8b_3638,6380.07116233889
00e12e8b_3639,6374.492753819891
00e12e8b_3640,6377.014135732083
00e12e8b_3641,6387.328545107895
00e12e8b_3642,6361.240192222881
00e12e8b_3643,6367.055490672188
00e12e8b_3644,6377.449186199684
00e12e8b_3645,6373.754969118979
00e12e8b_3646,6370.054076308164
00e12e8b_3647,6367.753260166695
00e12e8b_3648,6374.681359410681
00e12e8b_3649,6348.179450264525
00e12e8b_3650,6375.801147667736
00e12e8b_3651,6363.976797615011
00e12e8b_3652,6357.790732577343
00e12e8b_3653,6376.278715135194
00e12e8b_3654,6363.547539209825
00e12e8b_3655,6378.484442097465
00e12e8b_3656,6373.35518887649
00e12e8b_3657,6364.11728328958
00e12e8b_3658,6372.346202726239
00e12e8b_3659,6363.3541510730865
00e12e8b_3660,6378.872793592901
00e12e8b_3661,6373.903522080265
00e12e8b_3662,6361.227276118075
00e12e8b_3663,6373.011734735948
00e12e8b_3664,6367.2240283558
00e12e8b_3665,6372.441547991872
00e12e8b_3666,6362.605141677263
00e12e8b_3667,6361.1928979746135
00e12e8b_3668,6359.838327489973
00e12e8b_3669,6375.571075980261
00e12e8b_3670,6363.037578938467
00e12e8b_3671,6369.541661794682
00e12e8b_3672,6375.774545270152
00e12e8b_3673,6366.795744185828
00e12e8b_3674,6374.081450103256
00e12e8b_3675,6364.606643502585
00e12e8b_3676,6379.670407561233
00e12e8b_3677,6366.391618012604
00e12e8b_3678,6364.854596789023
00e12e8b_3679,6372.048794506582
00e12e8b_3680,6380.394894655776
00e12e8b_3681,6376.1165263930425
00e12e8b_3682,6381.1850274259
00e12e8b_3683,6376.943587160854
00e12e8b_3684,6382.441541486336
00e12e8b_3685,6369.46064609181
00e12e8b_3686,6360.21644779294
00e12e8b_3687,6385.3497354081765
00e12e8b_3688,6383.121175019593
00e12e8b_3689,6380.287258253685
00e12e8b_3690,6380.899580609027
00e12e8b_3691,6370.071158701315
00e12e8b_3692,6373.428817895275
00e12e8b_3693,6377.501205797279
00e12e8b_3694,6359.313265052186
00e12e8b_3695,6382.50194443336
00e12e8b_3696,6381.894479742483
00e12e8b_3697,6362.449190240578
00e12e8b_3698,6375.95801748054
00e12e8b_3699,6372.674799741692
00e12e8b_3700,6368.632516355213
00e12e8b_3701,6365.589100889718
00e12e8b_3702,6382.154144884241
00e12e8b_3703,6371.607473527255
00e12e8b_3704,6363.728579462975
00e12e8b_3705,6381.055159829544
00e12e8b_3706,6371.952356629616
00e12e8b_3707,6376.950230489708
00e12e8b_3708,6377.132905415647
00e12e8b_3709,6366.827754790681
00e12e8b_3710,6369.830001181831
00e12e8b_3711,6374.111457708543
00e12e8b_3712,6372.907235746969
00e12e8b_3713,6359.477246151781
00e12e8b_3714,6380.758718006789
00e12e8b_3715,6370.237550512894
00e12e8b_3716,6364.622838366091
00e12e8b_3717,6363.105833714356
00e12e8b_3718,6375.689415244956
00e12e8b_3719,6368.187933802263
00e12e8b_3720,6359.853114038332
00e12e8b_3721,6365.153451103261
00e12e8b_3722,6376.5339122179885
00e12e8b_3723,6367.906318800737
00e12e8b_3724,6368.065344038575
00e12e8b_3725,6366.9590286134635
00e12e8b_3726,6369.590311545326
00e12e8b_3727,6351.260365465568
00e12e8b_3728,6364.139472457007
00e12e8b_3729,6366.652816360404
00e12e8b_3730,6350.765561444207
00e12e8b_3731,6361.291017999159
00e12e8b_3732,6370.222034451377
00e12e8b_3733,6358.887623552663
00e12e8b_3734,6374.276176913476
00e12e8b_3735,6372.932817231048
00e12e8b_3736,6364.0547026341155
00e12e8b_3737,6368.912212846742
00e12e8b_3738,6361.28460351774
00e12e8b_3739,6363.325763920142
00e12e8b_3740,6369.657797508862
00e12e8b_3741,6365.3761845399695
00e12e8b_3742,6357.028974531509
00e12e8b_3743,6376.890274700446
00e12e8b_3744,6365.878566093028
00e12e8b_3745,6371.025224441384
00e12e8b_3746,6361.93352716488
00e12e8b_3747,6370.214644634619
00e12e8b_3748,6361.9645994909415
00e12e8b_3749,6367.218681574998
00e12e8b_3750,6374.43457585989
00e12e8b_3751,6384.802820948627
00e12e8b_3752,6376.062530781845
00e12e8b_3753,6390.425677981973
00e12e8b_3754,6389.059903149165
00e12e8b_3755,6369.645842367274
00e12e8b_3756,6377.806552357323
00e12e8b_3757,6397.125271118833
00e12e8b_3758,6373.135272383815
00e12e8b_3759,6391.368992990741
00e12e8b_3760,6387.220515950347
00e12e8b_3761,6398.012970738977
00e12e8b_3762,6390.055463767785
00e12e8b_3763,6403.438575162156
00e12e8b_3764,6398.007702316685
00e12e8b_3765,6380.616000600887
00e12e8b_3766,6386.047604749534
00e12e8b_3767,6406.133891146358
00e12e8b_3768,6391.991861695993
00e12e8b_3769,6385.611170622858
00e12e8b_3770,6407.0559007952115
00e12e8b_3771,6393.422262568157
00e12e8b_3772,6391.005024338641
00e12e8b_3773,6389.503112529096
00e12e8b_3774,6409.693305602743
00e12e8b_3775,6384.350417878707
00e12e8b_3776,6409.1846013214845
00e12e8b_3777,6402.154473246177
00e12e8b_3778,6385.735905099889
00e12e8b_3779,6391.808408174969
00e12e8b_3780,6408.464459419876
00e12e8b_3781,6396.538072330562
00e12e8b_3782,6399.155720235231
00e12e8b_3783,6397.1148334475065
00e12e8b_3784,6393.706774404761
00e12e8b_3785,6397.266547187459
00e12e8b_3786,6399.6723517412465
00e12e8b_3787,6386.016994917846
00e12e8b_3788,6406.351459191922
00e12e8b_3789,6393.854312201495
00e12e8b_3790,6398.436739439865
00e12e8b_3791,6403.45186657379
00e12e8b_3792,6389.521343718015
00e12e8b_3793,6394.587745266085
00e12e8b_3794,6396.143436421135
00e12e8b_3795,6396.831218568284
00e12e8b_3796,6387.182737056677
00e12e8b_3797,6392.29438356071
00e12e8b_3798,6387.701262518379
00e12e8b_3799,6401.411711261727
00e12e8b_3800,6390.66476907804
00e12e8b_3801,6389.223637702233
00e12e8b_3802,6402.197375160376
00e12e8b_3803,6390.592449948838
00e12e8b_3804,6391.92624186961
00e12e8b_3805,6384.61797665011
00e12e8b_3806,6383.030065794554
00e12e8b_3807,6384.557176621512
00e12e8b_3808,6403.659402703338
00e12e8b_3809,6388.014762440648
00e12e8b_3810,6382.963630395867
00e12e8b_3811,6395.825929289462
00e12e8b_3812,6376.017793269127
00e12e8b_3813,6389.772367311626
00e12e8b_3814,6377.861707444249
00e12e8b_3815,6390.92298632967
00e12e8b_3816,6375.836651762359
00e12e8b_3817,6382.909464591444
00e12e8b_3818,6379.57572925377
00e12e8b_3819,6384.735683490905
00e12e8b_3820,6386.992575883259
00e12e8b_3821,6373.357452252522
00e12e8b_3822,6374.2991324304185
00e12e8b_3823,6369.48972446031
00e12e8b_3824,6379.5239409147225
00e12e8b_3825,6368.128539979052
00e12e8b_3826,6379.471237334009
00e12e8b_3827,6365.900825433523
00e12e8b_3828,6367.590597188999
00e12e8b_3829,6365.556773528807
00e12e8b_3830,6361.17845151301
00e12e8b_3831,6371.352595403404
00e12e8b_3832,6369.902665603199
00e12e8b_3833,6357.645429079124
00e12e8b_3834,6359.475227339987
00e12e8b_3835,6369.287781763575
00e12e8b_3836,6351.095863587554
00e12e8b_3837,6353.499841381294
00e12e8b_3838,6354.93802112187
00e12e8b_3839,6351.56483898992
00e12e8b_3840,6363.3338012849335
00e12e8b_3841,6361.181039086478
00e12e8b_3842,6363.429478820523
00e12e8b_3843,6358.660043809872
00e12e8b_3844,6361.4301646653985
00e12e8b_3845,6352.222818586938
00e12e8b_3846,6353.185264625438
00e12e8b_3847,6341.768441425513
00e12e8b_3848,6345.412148843881
00e12e8b_3849,6355.224914943746
00e12e8b_3850,6355.990489504778
00e12e8b_3851,6353.755761783811
00e12e8b_3852,6353.880741078701
00e12e8b_3853,6344.8416834368545
00e12e8b_3854,6356.637895512587
00e12e8b_3855,6342.768189508262
00e12e8b_3856,6343.31820062826
00e12e8b_3857,6353.2891827801905
00e12e8b_3858,6342.624674702331
00e12e8b_3859,6343.741814447633
00e12e8b_3860,6352.874662115783
00e12e8b_3861,6352.747327201421
00e12e8b_3862,6349.14545129623
00e12e8b_3863,6345.2993632330035
00e12e8b_3864,6351.64177114079
00e12e8b_3865,6335.53430199592
00e12e8b_3866,6356.875453931311
00e12e8b_3867,6340.557693761697
00e12e8b_3868,6342.416401666224
00e12e8b_3869,6355.213275632645
00e12e8b_3870,6350.146684796858
00e12e8b_3871,6346.667704276446
00e12e8b_3872,6347.342124103835
00e12e8b_3873,6349.257754823252
00e12e8b_3874,6344.449777514576
00e12e8b_3875,6339.6447443025945
00e12e8b_3876,6341.865627398227
00e12e8b_3877,6342.520447086214
00e12e8b_3878,6338.8087036848165
00e12e8b_3879,6341.084276711576
00e12e8b_3880,6339.8809364149065
00e12e8b_3881,6328.988404822533
00e12e8b_3882,6338.981089990102
00e12e8b_3883,6356.211351936683
00e12e8b_3884,6339.369845265317
00e12e8b_3885,6360.833277199069
00e12e8b_3886,6347.172738259571
00e12e8b_3887,6349.379458106239
00e12e8b_3888,6362.943329019696
00e12e8b_3889,6346.852983618017
00e12e8b_3890,6354.224399491726
00e12e8b_3891,6349.204512397334
00e12e8b_3892,6364.476501494412
00e12e8b_3893,6364.656002661172
00e12e8b_3894,6352.407077472139
00e12e8b_3895,6361.912334236824
00e12e8b_3896,6377.087327778168
00e12e8b_3897,6363.110882660557
00e12e8b_3898,6365.768881057907
00e12e8b_3899,6354.033099416189
00e12e8b_3900,6364.016744028221
00e12e8b_3901,6362.709595799551
00e12e8b_3902,6373.163177323465
00e12e8b_3903,6382.810000855606
00e12e8b_3904,6380.371620331327
00e12e8b_3905,6373.382188204329
00e12e8b_3906,6382.74572297937
00e12e8b_3907,6383.839965600656
00e12e8b_3908,6384.749438625031
00e12e8b_3909,6381.2473862344705
00e12e8b_3910,6407.765752109375
00e12e8b_3911,6376.65929247088
00e12e8b_3912,6390.830037789248
00e12e8b_3913,6379.992186305449
00e12e8b_3914,6394.2442016273035
00e12e8b_3915,6382.053026393278
00e12e8b_3916,6384.708693700116
00e12e8b_3917,6378.505745881397
00e12e8b_3918,6387.675646635832
00e12e8b_3919,6390.661520990464
00e12e8b_3920,6380.784090803542
00e12e8b_3921,6387.447307390736
00e12e8b_3922,6373.94687630447
00e12e8b_3923,6372.604834040912
00e12e8b_3924,6384.177783903265
00e12e8b_3925,6372.503855266788
00e12e8b_3926,6373.685645270486
00e12e8b_3927,6370.226799157
00e12e8b_3928,6380.4169445077205
00e12e8b_3929,6377.5174606441915
00e12e8b_3930,6364.8715782833215
00e12e8b_3931,6380.308318459598
00e12e8b_3932,6373.332573944911
00e12e8b_3933,6375.551437981695
00e12e8b_3934,6364.343856685345
00e12e8b_3935,6363.668631887537
00e12e8b_3936,6374.409304038763
00e12e8b_3937,6358.936694495697
00e12e8b_3938,6382.48789997837
00e12e8b_3939,6378.378129550966
00e12e8b_3940,6361.933514998916
00e12e8b_3941,6375.093260596819
00e12e8b_3942,6365.643929017004
00e12e8b_3943,6364.07680890762
00e12e8b_3944,6381.901217746345
00e12e8b_3945,6365.73649825117
00e12e8b_3946,6383.6940770101755
00e12e8b_3947,6375.872219298805
00e12e8b_3948,6372.612256346287
00e12e8b_3949,6373.844657069519
00e12e8b_3950,6368.541786170391
00e12e8b_3951,6367.684211153674
00e12e8b_3952,6366.720366334059
00e12e8b_3953,6366.930975681338
00e12e8b_3954,6375.8153886328655
00e12e8b_3955,6359.683555811472
00e12e8b_3956,6364.100851841905
00e12e8b_3957,6358.737289380761
00e12e8b_3958,6369.532396507462
00e12e8b_3959,6360.175924281556
00e12e8b_3960,6357.18535000929
00e12e8b_3961,6367.511415077721
00e12e8b_3962,6367.5789041659455
00e12e8b_3963,6352.734661284978
00e12e8b_3964,6361.3698542604725
00e12e8b_3965,6357.0582100349075
00e12e8b_3966,6355.825273027837
00e12e8b_3967,6355.617938813026
00e12e8b_3968,6364.20585291419
00e12e8b_3969,6361.743145800569
00e12e8b_3970,6365.173559701297
00e12e8b_3971,6363.297423341049
00e12e8b_3972,6363.71848132419
00e12e8b_3973,6364.740843291305
00e12e8b_3974,6365.447729456846
00e12e8b_3975,6362.42322449148
00e12e8b_3976,6362.20082439751
00e12e8b_3977,6366.00130448126
00e12e8b_3978,6363.550796899781
00e12e8b_3979,6371.291047068158
00e12e8b_3980,6350.446858648698
00e12e8b_3981,6353.070688786518
00e12e8b_3982,6353.973492585231
00e12e8b_3983,6353.746390622455
00e12e8b_3984,6348.527654288196
00e12e8b_3985,6371.196962204342
00e12e8b_3986,6349.915791804969
00e12e8b_3987,6349.80281346692
00e12e8b_3988,6351.092599726377
00e12e8b_3989,6362.9031491230035
00e12e8b_3990,6361.626123743551
00e12e8b_3991,6350.926787942099
00e12e8b_3992,6364.533570632842
00e12e8b_3993,6343.372058304037
00e12e8b_3994,6358.412082301827
00e12e8b_3995,6352.480341786989
00e12e8b_3996,6354.255460029768
00e12e8b_3997,6348.188167782805
00e12e8b_3998,6358.464615951284
00e12e8b_3999,6342.852233007973
00e12e8b_4000,6342.306333536039
00e12e8b_4001,6358.4146381534965
00e12e8b_4002,6347.436605390614
00e12e8b_4003,6360.26908633984
00e12e8b_4004,6358.667978685919
00e12e8b_4005,6343.861848567865
00e12e8b_4006,6354.6787010445505
00e12e8b_4007,6342.26623387307
00e12e8b_4008,6344.787326234659
00e12e8b_4009,6362.032502797053
00e12e8b_4010,6346.7785967630025
00e12e8b_4011,6361.4867566115845
00e12e8b_4012,6361.062466611574
00e12e8b_4013,6341.240155982341
00e12e8b_4014,6345.739863773931
00e12e8b_4015,6361.4206181973805
00e12e8b_4016,6341.077039594407
00e12e8b_4017,6350.319577981139
00e12e8b_4018,6349.617955038852
00e12e8b_4019,6350.564982191692
00e12e8b_4020,6349.265439261453
00e12e8b_4021,6369.247574375846
00e12e8b_4022,6356.565024150843
00e12e8b_4023,6360.701872593666
00e12e8b_4024,6345.590578840218
00e12e8b_4025,6351.186220214461
00e12e8b_4026,6349.395267303979
00e12e8b_4027,6353.441464372851
00e12e8b_4028,6364.721225604156
00e12e8b_4029,6349.077350926393
00e12e8b_4030,6364.682610539213
00e12e8b_4031,6363.909206925853
00e12e8b_4032,6347.864711862642
00e12e8b_4033,6362.728553225609
00e12e8b_4034,6351.335338302866
00e12e8b_4035,6360.473309745918
00e12e8b_4036,6350.880745066613
00e12e8b_4037,6359.623706247213
00e12e8b_4038,6367.4489259013335
00e12e8b_4039,6358.454107591894
00e12e8b_4040,6359.919965288518
00e12e8b_4041,6353.21054251452
00e12e8b_4042,6358.182176558104
00e12e8b_4043,6362.845615406381
00e12e8b_4044,6354.271122399128
00e12e8b_4045,6355.178076230519
00e12e8b_4046,6362.3869560951625
00e12e8b_4047,6367.379569220602
00e12e8b_4048,6358.72913353771
00e12e8b_4049,6356.198798188569
00e12e8b_4050,6356.166444523333
00e12e8b_4051,6369.367227197755
00e12e8b_4052,6352.465274579761
00e12e8b_4053,6363.578920263125
00e12e8b_4054,6363.082985974494
00e12e8b_4055,6346.552313929768
00e12e8b_4056,6363.415056709042
00e12e8b_4057,6351.922641309788
00e12e8b_4058,6353.419875645793
00e12e8b_4059,6369.3257184948025
00e12e8b_4060,6357.811630262396
00e12e8b_4061,6363.945871263718
00e12e8b_4062,6357.353437985657
00e12e8b_4063,6355.279950357422
00e12e8b_4064,6357.62007661587
00e12e8b_4065,6372.912997897701
00e12e8b_4066,6373.238109591561
00e12e8b_4067,6367.535475046094
00e12e8b_4068,6370.531487711896
00e12e8b_4069,6370.9496782710385
00e12e8b_4070,6371.254035718915
00e12e8b_4071,6371.0851904792125
00e12e8b_4072,6374.271161294245
00e12e8b_4073,6368.174950818918
00e12e8b_4074,6369.990615432165
00e12e8b_4075,6366.906273128236
00e12e8b_4076,6367.39546960709
00e12e8b_4077,6367.9173299048625
00e12e8b_4078,6368.011590341382
00e12e8b_4079,6376.595950578977
00e12e8b_4080,6351.8189454008425
00e12e8b_4081,6357.710266729231
00e12e8b_4082,6356.933516632646
00e12e8b_4083,6367.002937112382
00e12e8b_4084,6356.763763025314
00e12e8b_4085,6357.626513408458
00e12e8b_4086,6357.210760222142
00e12e8b_4087,6356.891669395075
00e12e8b_4088,6356.909202991195
00e12e8b_4089,6369.076723568012
00e12e8b_4090,6365.491032579894
00e12e8b_4091,6364.795729970185
00e12e8b_4092,6376.205039936719
00e12e8b_4093,6350.7766511801865
00e12e8b_4094,6352.512620752024
00e12e8b_4095,6354.999311512931
00e12e8b_4096,6354.019419948394
00e12e8b_4097,6362.6649955863495
00e12e8b_4098,6349.316187351476
00e12e8b_4099,6350.852659300202
00e12e8b_4100,6348.7550481383705
00e12e8b_4101,6348.371289877493
00e12e8b_4102,6345.817814634463
00e12e8b_4103,6357.3029489750625
00e12e8b_4104,6355.115135781562
00e12e8b_4105,6353.783695557201
00e12e8b_4106,6354.233479810754
00e12e8b_4107,6354.155606321909
00e12e8b_4108,6356.9495676292545
00e12e8b_4109,6364.619122389471
00e12e8b_4110,6348.943969114218
00e12e8b_4111,6356.413502648214
00e12e8b_4112,6349.42646015044
00e12e8b_4113,6357.896128149827
00e12e8b_4114,6337.306613090772
00e12e8b_4115,6352.25586215939
00e12e8b_4116,6358.797516746462
00e12e8b_4117,6344.789004323553
00e12e8b_4118,6355.29679655086
00e12e8b_4119,6361.473549883945
00e12e8b_4120,6363.706390359866
00e12e8b_4121,6359.603314848804
00e12e8b_4122,6347.5507649421415
00e12e8b_4123,6361.30529149717
00e12e8b_4124,6356.574319713967
00e12e8b_4125,6352.2406451892175
00e12e8b_4126,6373.166879593339
00e12e8b_4127,6358.363285372319
00e12e8b_4128,6364.317349552529
00e12e8b_4129,6370.920446163734
00e12e8b_4130,6362.793965065083
00e12e8b_4131,6374.8089363829695
00e12e8b_4132,6372.691963057243
00e12e8b_4133,6356.0105345518095
00e12e8b_4134,6360.156227076257
00e12e8b_4135,6375.504300836339
00e12e8b_4136,6368.210615248338
00e12e8b_4137,6369.158305473957
00e12e8b_4138,6366.836400856922
00e12e8b_4139,6371.989385269352
00e12e8b_4140,6354.105750881561
00e12e8b_4141,6377.659994648717
00e12e8b_4142,6374.974955685299
00e12e8b_4143,6375.006484591449
00e12e8b_4144,6378.335353146135
00e12e8b_4145,6378.427444507431
00e12e8b_4146,6366.577836165187
00e12e8b_4147,6370.028057600764
00e12e8b_4148,6371.8137624205965
00e12e8b_4149,6359.563104431256
00e12e8b_4150,6375.883594617087
00e12e8b_4151,6379.6650881922715
00e12e8b_4152,6377.2901404701925
00e12e8b_4153,6365.183663371421
00e12e8b_4154,6378.9124928726515
00e12e8b_4155,6378.190896492077
00e12e8b_4156,6388.352287151137
00e12e8b_4157,6384.099380593046
00e12e8b_4158,6385.118326534176
00e12e8b_4159,6374.677588777191
00e12e8b_4160,6382.580669238002
00e12e8b_4161,6371.139799757488
00e12e8b_4162,6368.616519859807
00e12e8b_4163,6368.680287346803
00e12e8b_4164,6370.884034551837
00e12e8b_4165,6368.358471283775
00e12e8b_4166,6368.822289488135
00e12e8b_4167,6367.884948827648
00e12e8b_4168,6357.849676635657
00e12e8b_4169,6380.318046069431
00e12e8b_4170,6375.704229757996
00e12e8b_4171,6386.497110960279
00e12e8b_4172,6393.554970376356
00e12e8b_4173,6389.478800956593
00e12e8b_4174,6387.404028982845
00e12e8b_4175,6405.117731358635
00e12e8b_4176,6390.5474472222095
00e12e8b_4177,6389.693210955878
00e12e8b_4178,6388.833566515098
00e12e8b_4179,6406.956136298
00e12e8b_4180,6392.697537982254
00e12e8b_4181,6391.255462404247
00e12e8b_4182,6381.843049114232
00e12e8b_4183,6398.9463930556685
00e12e8b_4184,6392.81660751027
00e12e8b_4185,6399.088176925493
00e12e8b_4186,6387.00116967923
00e12e8b_4187,6400.884542651629
00e12e8b_4188,6402.250172084697
00e12e8b_4189,6400.1367479172195
00e12e8b_4190,6408.477362144448
00e12e8b_4191,6403.842208521469
00e12e8b_4192,6409.720385744894
00e12e8b_4193,6391.281833380744
00e12e8b_4194,6395.306963952255
00e12e8b_4195,6402.156971611973
00e12e8b_4196,6393.475007541259
00e12e8b_4197,6406.193815155717
00e12e8b_4198,6411.978001371288
00e12e8b_4199,6410.811722495074
00e12e8b_4200,6391.998846929913
00e12e8b_4201,6418.023007986399
00e12e8b_4202,6405.490759012863
00e12e8b_4203,6396.109198779626
00e12e8b_4204,6407.1209207604315
00e12e8b_4205,6404.25211478704
00e12e8b_4206,6405.954674536303
00e12e8b_4207,6402.541244397777
00e12e8b_4208,6407.858969756811
00e12e8b_4209,6407.432097554162
00e12e8b_4210,6403.338609344816
00e12e8b_4211,6407.4570770824885
00e12e8b_4212,6393.471804694397
00e12e8b_4213,6398.478805184659
00e12e8b_4214,6419.020103863984
00e12e8b_4215,6403.9127062435045
00e12e8b_4216,6409.030679549701
00e12e8b_4217,6408.917763881599
00e12e8b_4218,6409.540393436948
00e12e8b_4219,6393.409885992798
00e12e8b_4220,6417.211196730772
00e12e8b_4221,6402.743675997373
00e12e8b_4222,6401.042800777832
00e12e8b_4223,6399.513290681839
00e12e8b_4224,6418.719545598591
00e12e8b_4225,6395.19455023083
00e12e8b_4226,6409.60754156807
00e12e8b_4227,6410.551061690466
00e12e8b_4228,6404.822186576523
00e12e8b_4229,6410.36183161976
00e12e8b_4230,6409.284911520037
00e12e8b_4231,6409.545391890414
00e12e8b_4232,6389.325477175238
00e12e8b_4233,6414.699351344282
00e12e8b_4234,6391.503798151341
00e12e8b_4235,6395.467098640988
00e12e8b_4236,6408.469702090222
00e12e8b_4237,6412.708105557723
00e12e8b_4238,6401.143168846009
00e12e8b_4239,6393.2597747247155
00e12e8b_4240,6398.654243427859
00e12e8b_4241,6407.43647329634
00e12e8b_4242,6399.133405087908
00e12e8b_4243,6392.592535803503
00e12e8b_4244,6414.026131741131
00e12e8b_4245,6395.075220036759
00e12e8b_4246,6394.464238482529
00e12e8b_4247,6417.410450391465
00e12e8b_4248,6399.508000633899
00e12e8b_4249,6408.913008617422
00e12e8b_4250,6407.447352030213
00e12e8b_4251,6403.4989566698805
00e12e8b_4252,6404.349526976922
00e12e8b_4253,6404.1625228679995
00e12e8b_4254,6410.442438969212
00e12e8b_4255,6398.555951548206
00e12e8b_4256,6399.723542410963
00e12e8b_4257,6403.595701075824
00e12e8b_4258,6394.354232310962
00e12e8b_4259,6383.278816004136
00e12e8b_4260,6413.364087312211
00e12e8b_4261,6409.4599969339215
00e12e8b_4262,6397.606412894592
00e12e8b_4263,6399.077554171324
00e12e8b_4264,6416.109275927348
00e12e8b_4265,6394.379834592538
00e12e8b_4266,6408.506368542135
00e12e8b_4267,6401.910195517683
00e12e8b_4268,6402.010484966977
00e12e8b_4269,6396.05249549248
00e12e8b_4270,6415.079211449698
00e12e8b_4271,6415.173792228232
00e12e8b_4272,6415.455751565276
00e12e8b_4273,6414.993914130581
00e12e8b_4274,6417.238760110662
00e12e8b_4275,6414.629182404499
00e12e8b_4276,6421.443906970448
00e12e8b_4277,6417.8301640892805
00e12e8b_4278,6427.216761758116
00e12e8b_4279,6422.417986465552
00e12e8b_4280,6418.313604723128
00e12e8b_4281,6416.099526635178
00e12e8b_4282,6414.0039125513895
00e12e8b_4283,6420.3745544186295
00e12e8b_4284,6399.140404639604
00e12e8b_4285,6399.947737658852
00e12e8b_4286,6400.927462513765
00e12e8b_4287,6403.2512588864665
00e12e8b_4288,6405.378764078557
00e12e8b_4289,6392.411428660458
00e12e8b_4290,6399.608959401937
00e12e8b_4291,6399.26929931629
00e12e8b_4292,6394.879747097514
00e12e8b_4293,6392.2127532519635
00e12e8b_4294,6411.307033559602
00e12e8b_4295,6406.084841828079
00e12e8b_4296,6408.317533979014
00e12e8b_4297,6408.335721086475
00e12e8b_4298,6403.913757340263
00e12e8b_4299,6405.52002677312
00e12e8b_4300,6407.341128243888
00e12e8b_4301,6403.021850815981
00e12e8b_4302,6403.265818689865
00e12e8b_4303,6410.900423069722
00e12e8b_4304,6382.206608671711
00e12e8b_4305,6381.135748359131
00e12e8b_4306,6388.250250151335
00e12e8b_4307,6386.298742300157
00e12e8b_4308,6369.296732690889
00e12e8b_4309,6389.981082308387
00e12e8b_4310,6374.672368791493
00e12e8b_4311,6385.021360019917
00e12e8b_4312,6378.089401087768
00e12e8b_4313,6372.578575705943
00e12e8b_4314,6381.37728376027
00e12e8b_4315,6372.595034992226
00e12e8b_4316,6369.9576071288475
00e12e8b_4317,6391.372689278859
00e12e8b_4318,6369.905071206963
00e12e8b_4319,6371.211094542087
00e12e8b_4320,6386.4960535769615
00e12e8b_4321,6376.652200363967
00e12e8b_4322,6390.581069730012
00e12e8b_4323,6389.420314108988
00e12e8b_4324,6384.900603587368
00e12e8b_4325,6400.631281454673
00e12e8b_4326,6385.890386157921
00e12e8b_4327,6396.769982978241
00e12e8b_4328,6384.233249762762
00e12e8b_4329,6386.2881445898
00e12e8b_4330,6395.143305107635
00e12e8b_4331,6379.637214941688
00e12e8b_4332,6398.293393584274
00e12e8b_4333,6399.930308713188
00e12e8b_4334,6402.458525610995
00e12e8b_4335,6393.619882291031
00e12e8b_4336,6389.562230986161
00e12e8b_4337,6394.001268316328
00e12e8b_4338,6404.492017744404
00e12e8b_4339,6402.081831784034
00e12e8b_4340,6394.368879662682
00e12e8b_4341,6390.1149950044755
00e12e8b_4342,6410.540149160009
00e12e8b_4343,6387.958068356952
00e12e8b_4344,6404.259278488528
00e12e8b_4345,6403.124669940048
00e12e8b_4346,6398.977423874206
00e12e8b_4347,6405.142946925032
00e12e8b_4348,6402.688476836059
00e12e8b_4349,6406.75451122393
00e12e8b_4350,6402.610914510045
00e12e8b_4351,6411.153705845752
00e12e8b_4352,6407.7188908398275
00e12e8b_4353,6420.460281188175
00e12e8b_4354,6393.350648302982
00e12e8b_4355,6412.653274562201
00e12e8b_4356,6414.191395399222
00e12e8b_4357,6403.169928493939
00e12e8b_4358,6405.613154746146
00e12e8b_4359,6422.911694558144
00e12e8b_4360,6422.403899348081
00e12e8b_4361,6420.48372259576
00e12e8b_4362,6416.278187499816
00e12e8b_4363,6418.38094226945
00e12e8b_4364,6418.234512566127
00e12e8b_4365,6418.987988177266
00e12e8b_4366,6416.872698397086
00e12e8b_4367,6419.797955373376
00e12e8b_4368,6417.355920285686
00e12e8b_4369,6419.691674800816
00e12e8b_4370,6397.049619570329
00e12e8b_4371,6401.074601187361
00e12e8b_4372,6399.5760937203995
00e12e8b_4373,6400.565850041577
00e12e8b_4374,6396.35268851503
00e12e8b_4375,6413.732242471294
00e12e8b_4376,6411.180855657983
00e12e8b_4377,6411.565442877648
00e12e8b_4378,6406.543399959559
00e12e8b_4379,6405.911786094364
00e12e8b_4380,6405.47835889678
00e12e8b_4381,6403.134622719383
00e12e8b_4382,6402.6229131125565
00e12e8b_4383,6400.635204623866
00e12e8b_4384,6396.998586423374
00e12e8b_4385,6391.319776072679
00e12e8b_4386,6384.717981363899
00e12e8b_4387,6382.239416603367
00e12e8b_4388,6381.937693294397
00e12e8b_4389,6377.896661943477
00e12e8b_4390,6375.006755121261
00e12e8b_4391,6371.870569530388
00e12e8b_4392,6372.566752317857
00e12e8b_4393,6366.836790600863
00e12e8b_4394,6378.882933877985
00e12e8b_4395,6366.6723356711545
00e12e8b_4396,6371.605579682508
00e12e8b_4397,6368.409108723515
00e12e8b_4398,6374.192419446524
00e12e8b_4399,6363.813894406653
00e12e8b_4400,6366.2243681833825
00e12e8b_4401,6356.424138268178
00e12e8b_4402,6371.201805450935
00e12e8b_4403,6376.000671144523
00e12e8b_4404,6368.128452707459
00e12e8b_4405,6363.938021264598
00e12e8b_4406,6373.79753439067
00e12e8b_4407,6372.061562177662
00e12e8b_4408,6373.929966989991
00e12e8b_4409,6378.12423184342
00e12e8b_4410,6369.38855629708
00e12e8b_4411,6367.741816784665
00e12e8b_4412,6371.854443894628
00e12e8b_4413,6369.862310011378
00e12e8b_4414,6373.0078997270375
00e12e8b_4415,6393.607663426904
00e12e8b_4416,6371.298878967556
00e12e8b_4417,6372.059782953507
00e12e8b_4418,6371.91284356537
00e12e8b_4419,6369.1201174450125
00e12e8b_4420,6379.074611824542
00e12e8b_4421,6373.180616562322
00e12e8b_4422,6371.720028578803
00e12e8b_4423,6376.637410872744
00e12e8b_4424,6381.714597595307
00e12e8b_4425,6364.520677118679
00e12e8b_4426,6383.706605479213
00e12e8b_4427,6374.038015722772
00e12e8b_4428,6374.704296875225
00e12e8b_4429,6387.140289269161
00e12e8b_4430,6371.403898125789
00e12e8b_4431,6387.917285579702
00e12e8b_4432,6385.612524087491
00e12e8b_4433,6374.023645237783
00e12e8b_4434,6382.937000830019
00e12e8b_4435,6380.025853003103
00e12e8b_4436,6360.311438727249
00e12e8b_4437,6374.8117480902365
00e12e8b_4438,6380.403089346392
00e12e8b_4439,6373.554308533941
00e12e8b_4440,6376.985153530933
00e12e8b_4441,6375.107009611399
00e12e8b_4442,6377.139300069935
00e12e8b_4443,6382.2311193413225
00e12e8b_4444,6421.474605960039
00e12e8b_4445,6421.77370152141
00e12e8b_4446,6424.0863907722505
00e12e8b_4447,6410.099513142534
00e12e8b_4448,6409.20584854596
00e12e8b_4449,6425.134767232299
00e12e8b_4450,6408.592940723593
00e12e8b_4451,6404.2090347982485
00e12e8b_4452,6401.052931699964
00e12e8b_4453,6399.617582493112
00e12e8b_4454,6399.793983874622
00e12e8b_4455,6407.665912979988
00e12e8b_4456,6392.171420036959
00e12e8b_4457,6417.1459607693805
00e12e8b_4458,6411.2130299583905
00e12e8b_4459,6395.148335700281
00e12e8b_4460,6397.889958559619
00e12e8b_4461,6387.7791406917695
00e12e8b_4462,6389.05795792471
00e12e8b_4463,6396.084773241399
00e12e8b_4464,6400.334952294535
00e12e8b_4465,6405.771071525915
00e12e8b_4466,6403.417992809395
00e12e8b_4467,6392.1912689465335
00e12e8b_4468,6406.196524858203
00e12e8b_4469,6399.361500797185
00e12e8b_4470,6394.989362969859
00e12e8b_4471,6406.7809949587245
00e12e8b_4472,6396.517333931753
00e12e8b_4473,6407.724167185458
00e12e8b_4474,6398.611715300035
00e12e8b_4475,6406.214610107942
00e12e8b_4476,6412.403305721436
00e12e8b_4477,6391.452996195288
00e12e8b_4478,6398.86380812076
00e12e8b_4479,6403.860757684647
00e12e8b_4480,6404.13195554779
00e12e8b_4481,6406.731574985081
00e12e8b_4482,6396.0722698674845
00e12e8b_4483,6395.60504092236
00e12e8b_4484,6405.529052737643
00e12e8b_4485,6403.380853042933
00e12e8b_4486,6396.1685077478505
00e12e8b_4487,6388.24641050071
00e12e8b_4488,6389.380086531835
00e12e8b_4489,6401.1159201383625
00e12e8b_4490,6394.572068482487
00e12e8b_4491,6387.496484458959
00e12e8b_4492,6396.257297250647
00e12e8b_4493,6408.0510471160005
00e12e8b_4494,6387.0274735212
00e12e8b_4495,6362.471545424403
00e12e8b_4496,6388.862172197691
00e12e8b_4497,6367.055875169593
00e12e8b_4498,6381.226930365532
00e12e8b_4499,6377.676355325474
00e12e8b_4500,6380.46132799696
00e12e8b_4501,6374.907632278066
00e12e8b_4502,6370.830593240083
00e12e8b_4503,6381.156455076702
00e12e8b_4504,6364.8693137855935
00e12e8b_4505,6390.130761038078
00e12e8b_4506,6374.095922695154
00e12e8b_4507,6388.755280435581
00e12e8b_4508,6370.3151780662765
00e12e8b_4509,6385.833435069459
00e12e8b_4510,6378.144878718176
00e12e8b_4511,6375.827654379776
00e12e8b_4512,6384.523910145965
00e12e8b_4513,6380.009929534145
00e12e8b_4514,6391.373950294952
00e12e8b_4515,6390.512527865991
00e12e8b_4516,6387.662182386729
00e12e8b_4517,6380.655129148584
00e12e8b_4518,6388.301757252335
00e12e8b_4519,6378.535484969919
00e12e8b_4520,6388.91270542724
00e12e8b_4521,6381.72415737732
00e12e8b_4522,6384.809841896152
00e12e8b_4523,6378.006877768979
00e12e8b_4524,6376.351868068002
00e12e8b_4525,6387.979057172937
00e12e8b_4526,6372.016480136496
00e12e8b_4527,6399.270072960231
00e12e8b_4528,6380.410270141768
00e12e8b_4529,6394.833125576401
00e12e8b_4530,6374.903531442046
00e12e8b_4531,6384.351669876568
00e12e8b_4532,6398.351598283669
00e12e8b_4533,6380.445888764298
00e12e8b_4534,6388.199924201399
00e12e8b_4535,6380.739829937444
00e12e8b_4536,6382.228798992227
00e12e8b_4537,6392.914367058848
00e12e8b_4538,6386.438985472402
00e12e8b_4539,6395.762653224424
00e12e8b_4540,6382.468717357463
00e12e8b_4541,6392.17562840004
00e12e8b_4542,6365.245716206845
00e12e8b_4543,6394.363316176083
00e12e8b_4544,6387.373402872623
00e12e8b_4545,6377.474419975913
00e12e8b_4546,6388.769675739435
00e12e8b_4547,6371.934759171979
00e12e8b_4548,6387.068681917648
00e12e8b_4549,6369.6850673427325
00e12e8b_4550,6393.097834862902
00e12e8b_4551,6370.05688026284
00e12e8b_4552,6382.360109301498
00e12e8b_4553,6388.05099430296
00e12e8b_4554,6387.720026343891
00e12e8b_4555,6377.677028177652
00e12e8b_4556,6382.569014027359
00e12e8b_4557,6382.496363371566
00e12e8b_4558,6375.0012834316
00e12e8b_4559,6371.9299508109725
00e12e8b_4560,6372.208393474737
00e12e8b_4561,6363.805218269603
00e12e8b_4562,6375.173243146475
00e12e8b_4563,6382.018860998311
00e12e8b_4564,6375.912267358998
00e12e8b_4565,6368.199306808394
00e12e8b_4566,6375.460227463113
00e12e8b_4567,6387.496967355485
00e12e8b_4568,6374.665690491504
00e12e8b_4569,6367.3500640087295
00e12e8b_4570,6386.204321927422
00e12e8b_4571,6369.490391742866
00e12e8b_4572,6369.222592224145
00e12e8b_4573,6388.964704416802
00e12e8b_4574,6382.807744856325
00e12e8b_4575,6378.02929737906
00e12e8b_4576,6365.434043894245
00e12e8b_4577,6370.995253619002
00e12e8b_4578,6378.341791357338
00e12e8b_4579,6366.951731692194
00e12e8b_4580,6376.298943176602
00e12e8b_4581,6387.1172096098735
00e12e8b_4582,6372.928735281467
00e12e8b_4583,6385.009015114958
00e12e8b_4584,6373.6008511528125
00e12e8b_4585,6373.964232876162
00e12e8b_4586,6377.062032889849
00e12e8b_4587,6369.599043873954
00e12e8b_4588,6372.178564889297
00e12e8b_4589,6382.332383590624
00e12e8b_4590,6394.789032307331
00e12e8b_4591,6366.722102382647
00e12e8b_4592,6370.185858810534
00e12e8b_4593,6366.449662375227
00e12e8b_4594,6366.686155849002
00e12e8b_4595,6374.6626598610865
00e12e8b_4596,6363.239794457963
00e12e8b_4597,6377.168959327565
00e12e8b_4598,6364.023261280564
00e12e8b_4599,6383.319450447656
00e12e8b_4600,6359.624759538147
00e12e8b_4601,6382.970752132905
00e12e8b_4602,6369.615250576864
00e12e8b_4603,6365.334083896883
00e12e8b_4604,6375.313935445688
00e12e8b_4605,6364.0896195099995
00e12e8b_4606,6367.346672866073
00e12e8b_4607,6371.497815422038
00e12e8b_4608,6379.702306431327
00e12e8b_4609,6376.6746588381
00e12e8b_4610,6368.380546260557
00e12e8b_4611,6383.890230266316
00e12e8b_4612,6358.321668741546
00e12e8b_4613,6365.404631320345
00e12e8b_4614,6373.276680733051
00e12e8b_4615,6374.755709455849
00e12e8b_4616,6367.968109823926
00e12e8b_4617,6368.632157106856
00e12e8b_4618,6364.798507935693
00e12e8b_4619,6366.437725881586
00e12e8b_4620,6366.886153416761
00e12e8b_4621,6379.637671720794
00e12e8b_4622,6391.099089758082
00e12e8b_4623,6360.850747839139
00e12e8b_4624,6366.844055329124
00e12e8b_4625,6367.287953562228
00e12e8b_4626,6374.953250742481
00e12e8b_4627,6376.6324839849885
00e12e8b_4628,6378.480601629894
00e12e8b_4629,6359.5218922646645
00e12e8b_4630,6363.004893406479
00e12e8b_4631,6364.00006509598
00e12e8b_4632,6369.654938338147
00e12e8b_4633,6375.788335472741
00e12e8b_4634,6363.33750096978
00e12e8b_4635,6374.047400045559
00e12e8b_4636,6375.672384070229
00e12e8b_4637,6370.6470665701745
00e12e8b_4638,6366.126015855876
00e12e8b_4639,6365.088156631069
00e12e8b_4640,6365.817800905284
00e12e8b_4641,6367.821939331599
00e12e8b_4642,6366.4471830238135
00e12e8b_4643,6377.746988988463
00e12e8b_4644,6377.947969807623
00e12e8b_4645,6379.7016457480895
00e12e8b_4646,6376.590574025104
00e12e8b_4647,6377.420525371889
00e12e8b_4648,6376.41617827865
00e12e8b_4649,6378.612495730143
00e12e8b_4650,6374.470911497798
00e12e8b_4651,6375.439757499101
00e12e8b_4652,6377.873882276945
00e12e8b_4653,6371.7768618103955
00e12e8b_4654,6373.129471586132
00e12e8b_4655,6368.040579580944
00e12e8b_4656,6370.431557509875
00e12e8b_4657,6366.512789515553
00e12e8b_4658,6365.944732188057
00e12e8b_4659,6366.9352086038525
00e12e8b_4660,6365.17042135594
00e12e8b_4661,6362.648786522893
00e12e8b_4662,6362.727054111722
00e12e8b_4663,6360.646669852438
00e12e8b_4664,6363.427186070217
00e12e8b_4665,6360.996333373754
00e12e8b_4666,6360.668665679582
00e12e8b_4667,6370.98407307902
00e12e8b_4668,6359.272527557009
00e12e8b_4669,6358.796938334406
00e12e8b_4670,6370.033880294099
00e12e8b_4671,6351.524698558824
00e12e8b_4672,6361.486230047563
00e12e8b_4673,6350.6886948186975
00e12e8b_4674,6371.421838355697
00e12e8b_4675,6362.150229898729
00e12e8b_4676,6360.448300143971
00e12e8b_4677,6357.7381278067305
00e12e8b_4678,6365.967011305072
00e12e8b_4679,6366.799882406151
00e12e8b_4680,6367.890851849242
00e12e8b_4681,6369.2882456140505
00e12e8b_4682,6359.896287410267
00e12e8b_4683,6370.926579490229
00e12e8b_4684,6358.0133224773845
00e12e8b_4685,6359.648941760609
00e12e8b_4686,6362.330925155148
00e12e8b_4687,6368.364143787416
00e12e8b_4688,6359.343232557794
00e12e8b_4689,6370.455981566344
00e12e8b_4690,6361.467840076887
00e12e8b_4691,6376.61966306084
00e12e8b_4692,6365.827026871121
00e12e8b_4693,6357.694543323544
00e12e8b_4694,6369.71847543374
00e12e8b_4695,6359.337443069537
00e12e8b_4696,6361.039891284907
00e12e8b_4697,6379.06256280623
00e12e8b_4698,6365.774908985197
00e12e8b_4699,6382.866142317557
00e12e8b_4700,6367.441796256992
00e12e8b_4701,6380.860645993408
00e12e8b_4702,6360.167418880963
00e12e8b_4703,6373.4836364448465
00e12e8b_4704,6379.9539393376035
00e12e8b_4705,6377.616453456022
00e12e8b_4706,6363.09235028983
00e12e8b_4707,6377.798678899995
00e12e8b_4708,6375.461336146153
00e12e8b_4709,6386.491653853741
00e12e8b_4710,6373.625856437746
00e12e8b_4711,6385.38951748093
00e12e8b_4712,6373.412513410241
00e12e8b_4713,6378.2582630621655
00e12e8b_4714,6379.425621347816
00e12e8b_4715,6375.361063293293
00e12e8b_4716,6385.615444537165
00e12e8b_4717,6384.814851543996
00e12e8b_4718,6379.108470052804
00e12e8b_4719,6390.323959759493
00e12e8b_4720,6382.166503477856
00e12e8b_4721,6388.546539807019
00e12e8b_4722,6390.077658352382
00e12e8b_4723,6388.928030673931
00e12e8b_4724,6377.606690115789
00e12e8b_4725,6376.675729446285
00e12e8b_4726,6376.800101807139
00e12e8b_4727,6377.828907663154
00e12e8b_4728,6376.413176006016
00e12e8b_4729,6376.325923705337
00e12e8b_4730,6367.288327948192
00e12e8b_4731,6383.939225720288
00e12e8b_4732,6378.889385338179
00e12e8b_4733,6383.754719650908
00e12e8b_4734,6379.911405840028
00e12e8b_4735,6394.548709774208
00e12e8b_4736,6391.962868454146
00e12e8b_4737,6396.941107666761
00e12e8b_4738,6396.651614476755
00e12e8b_4739,6394.450716989935
00e12e8b_4740,6399.400265618489
00e12e8b_4741,6400.56125726302
00e12e8b_4742,6395.816928820954
00e12e8b_4743,6399.277736403024
00e12e8b_4744,6398.364229551153
00e12e8b_4745,6394.152718546605
00e12e8b_4746,6392.068673314825
00e12e8b_4747,6395.38484671699
00e12e8b_4748,6392.2847461870615
00e12e8b_4749,6395.427732145447
00e12e8b_4750,6393.153894012286
00e12e8b_4751,6396.112879386247
00e12e8b_4752,6394.209528386693
00e12e8b_4753,6393.083223881299
00e12e8b_4754,6396.071390776455
00e12e8b_4755,6391.79591194986
00e12e8b_4756,6391.877851097816
00e12e8b_4757,6395.447680189144
00e12e8b_4758,6392.135903598387
00e12e8b_4759,6392.651739664693
00e12e8b_4760,6394.048229358722
00e12e8b_4761,6391.2442358226435
00e12e8b_4762,6401.733200341975
00e12e8b_4763,6388.353827489404
00e12e8b_4764,6394.053422934423
00e12e8b_4765,6379.560907332279
00e12e8b_4766,6381.372798355097
00e12e8b_4767,6388.806094815301
00e12e8b_4768,6374.910874735641
00e12e8b_4769,6396.674384444116
00e12e8b_4770,6394.187140595417
00e12e8b_4771,6384.237679999966
00e12e8b_4772,6391.416982314064
00e12e8b_4773,6390.232587087886
00e12e8b_4774,6364.858275623714
00e12e8b_4775,6390.915052346462
00e12e8b_4776,6377.038397927418
00e12e8b_4777,6372.620437432827
00e12e8b_4778,6388.521860788624
00e12e8b_4779,6385.2112876274205
00e12e8b_4780,6366.076410992822
00e12e8b_4781,6384.7318362115
00e12e8b_4782,6380.323907991997
00e12e8b_4783,6375.65737594441
00e12e8b_4784,6384.929195401186
00e12e8b_4785,6372.714621638052
00e12e8b_4786,6385.1905092652005
00e12e8b_4787,6379.949731746113
00e12e8b_4788,6374.964141326398
00e12e8b_4789,6388.668471990135
00e12e8b_4790,6371.777708710181
00e12e8b_4791,6378.782985671334
00e12e8b_4792,6399.130360500333
00e12e8b_4793,6390.74778321694
00e12e8b_4794,6386.474682300477
00e12e8b_4795,6378.155624646974
00e12e8b_4796,6389.193732928817
00e12e8b_4797,6395.123241900722
00e12e8b_4798,6383.829091646935
00e12e8b_4799,6396.191792853214
00e12e8b_4800,6377.581181358818
00e12e8b_4801,6384.606590699533
00e12e8b_4802,6403.69135585434
00e12e8b_4803,6389.5600247017255
00e12e8b_4804,6395.347728707574
00e12e8b_4805,6402.687556581736
00e12e8b_4806,6400.939586847715
00e12e8b_4807,6397.20951770197
00e12e8b_4808,6395.347733148171
00e12e8b_4809,6398.400990614265
00e12e8b_4810,6378.482888011947
00e12e8b_4811,6395.147268458444
00e12e8b_4812,6392.842163494964
00e12e8b_4813,6384.275887482219
00e12e8b_4814,6393.428938614277
00e12e8b_4815,6387.342425513648
00e12e8b_4816,6399.250580757343
00e12e8b_4817,6397.255403012735
00e12e8b_4818,6384.628664689838
00e12e8b_4819,6400.402335020941
00e12e8b_4820,6391.330849864158
00e12e8b_4821,6395.051169961909
00e12e8b_4822,6392.8763115626125
00e12e8b_4823,6385.094628899912
00e12e8b_4824,6398.936270621279
00e12e8b_4825,6386.037298729788
00e12e8b_4826,6384.766569269445
00e12e8b_4827,6397.232027627671
00e12e8b_4828,6384.761063994923
00e12e8b_4829,6396.202945735208
00e12e8b_4830,6393.554554143064
00e12e8b_4831,6390.60860156537
00e12e8b_4832,6388.273496014931
00e12e8b_4833,6389.072101346693
00e12e8b_4834,6371.176823564651
00e12e8b_4835,6397.83114533898
00e12e8b_4836,6383.556575133758
00e12e8b_4837,6382.169563948961
00e12e8b_4838,6401.26116849686
00e12e8b_4839,6381.591089531773
00e12e8b_4840,6389.434305908689
00e12e8b_4841,6395.720179709245
00e12e8b_4842,6385.438653929308
00e12e8b_4843,6400.244528089638
00e12e8b_4844,6397.904202010328
00e12e8b_4845,6378.518160199823
00e12e8b_4846,6395.43542876869
00e12e8b_4847,6392.08259159594
00e12e8b_4848,6388.655788069568
00e12e8b_4849,6388.436076971767
00e12e8b_4850,6404.258625684634
00e12e8b_4851,6381.173244445371
00e12e8b_4852,6393.1060881364265
00e12e8b_4853,6389.492389463677
00e12e8b_4854,6391.152259591753
00e12e8b_4855,6399.339838930074
00e12e8b_4856,6386.366322085167
00e12e8b_4857,6390.776023305182
00e12e8b_4858,6398.589629843119
00e12e8b_4859,6400.6960672473715
00e12e8b_4860,6380.548131664159
00e12e8b_4861,6406.86174302335
00e12e8b_4862,6386.522738237225
00e12e8b_4863,6389.036929440937
00e12e8b_4864,6408.947361902117
00e12e8b_4865,6394.787789983956
00e12e8b_4866,6409.967088076004
00e12e8b_4867,6396.225136739729
00e12e8b_4868,6408.265157436681
00e12e8b_4869,6389.16453356537
00e12e8b_4870,6399.414990190415
00e12e8b_4871,6394.4446988104255
00e12e8b_4872,6399.090524658612
00e12e8b_4873,6390.249784290495
00e12e8b_4874,6388.270464950306
00e12e8b_4875,6398.676061274958
00e12e8b_4876,6399.644761983871
00e12e8b_4877,6391.690516901561
00e12e8b_4878,6386.6610963937
00e12e8b_4879,6394.286424798468
00e12e8b_4880,6397.395471789976
00e12e8b_4881,6397.1243200208
00e12e8b_4882,6398.094886612693
00e12e8b_4883,6388.656922590616
00e12e8b_4884,6390.300547626423
00e12e8b_4885,6394.701349974976
00e12e8b_4886,6381.98777605162
00e12e8b_4887,6394.386456230377
00e12e8b_4888,6388.878147831409
00e12e8b_4889,6389.402557586529
00e12e8b_4890,6400.161493161113
00e12e8b_4891,6396.498142408324
00e12e8b_4892,6398.8554268580265
00e12e8b_4893,6391.061894584811
00e12e8b_4894,6399.163437051093
00e12e8b_4895,6386.063272363354
00e12e8b_4896,6379.790848174675
00e12e8b_4897,6393.107161551932
00e12e8b_4898,6396.3109350917175
00e12e8b_4899,6393.139099614532
00e12e8b_4900,6394.604345185301
00e12e8b_4901,6385.8575732758
00e12e8b_4902,6400.77684377961
00e12e8b_4903,6399.627340939953
00e12e8b_4904,6405.590983232486
00e12e8b_4905,6401.057348377806
00e12e8b_4906,6393.050368139807
00e12e8b_4907,6399.054677093793
00e12e8b_4908,6406.341073740241
00e12e8b_4909,6415.385465139926
00e12e8b_4910,6402.52719148882
00e12e8b_4911,6413.766404376243
00e12e8b_4912,6410.564905391729
00e12e8b_4913,6398.779586768306
00e12e8b_4914,6408.39441069733
00e12e8b_4915,6401.426091124776
00e12e8b_4916,6411.714643933681
00e12e8b_4917,6399.0587169308255
00e12e8b_4918,6402.279064725329
00e12e8b_4919,6402.643237200975
00e12e8b_4920,6390.990584684234
00e12e8b_4921,6391.892273602768
00e12e8b_4922,6403.872507514377
00e12e8b_4923,6416.442066606397
00e12e8b_4924,6406.00388073656
00e12e8b_4925,6408.7938126550225
00e12e8b_4926,6388.141921232613
00e12e8b_4927,6397.273035393278
00e12e8b_4928,6401.583943098722
00e12e8b_4929,6391.162905883239
00e12e8b_4930,6412.761213601943
00e12e8b_4931,6411.634864548111
00e12e8b_4932,6388.729873313065
00e12e8b_4933,6397.31898890438
00e12e8b_4934,6414.311722755001
00e12e8b_4935,6395.880876546021
00e12e8b_4936,6413.6401289196965
00e12e8b_4937,6399.841443884964
00e12e8b_4938,6416.587360693002
00e12e8b_4939,6393.2530187273815
00e12e8b_4940,6415.598366392878
00e12e8b_4941,6403.160821816803
00e12e8b_4942,6403.714623085449
00e12e8b_4943,6397.664813004073
00e12e8b_4944,6407.884766375754
00e12e8b_4945,6398.453607835058
00e12e8b_4946,6406.15391232173
00e12e8b_4947,6394.609629215877
00e12e8b_4948,6416.914951347599
00e12e8b_4949,6401.295674630366
00e12e8b_4950,6401.6192287890435
00e12e8b_4951,6400.088372661302
00e12e8b_4952,6408.291593727591
00e12e8b_4953,6397.268830222519
00e12e8b_4954,6395.217226428391
00e12e8b_4955,6404.020191303172
00e12e8b_4956,6400.385605620796
00e12e8b_4957,6399.19836740243
00e12e8b_4958,6417.618717207131
00e12e8b_4959,6416.792523439146
00e12e8b_4960,6420.509356243668
00e12e8b_4961,6395.42674949042
00e12e8b_4962,6397.565020851294
00e12e8b_4963,6392.682851762039
00e12e8b_4964,6402.899963504207
00e12e8b_4965,6391.882322667685
00e12e8b_4966,6389.168431196309
00e12e8b_4967,6391.049089492237
00e12e8b_4968,6403.513995939709
00e12e8b_4969,6388.525187035114
00e12e8b_4970,6400.443222741943
00e12e8b_4971,6392.689015018054
00e12e8b_4972,6394.687230747504
00e12e8b_4973,6393.534249519298
00e12e8b_4974,6394.96880123292
00e12e8b_4975,6388.293073663665
00e12e8b_4976,6389.4696445864665
00e12e8b_4977,6383.569425552261
00e12e8b_4978,6396.221422082958
00e12e8b_4979,6385.739901720255
00e12e8b_4980,6385.352168438042
00e12e8b_4981,6381.938958271312
00e12e8b_4982,6391.858809450679
00e12e8b_4983,6386.178491160805
00e12e8b_4984,6381.5243437875215
00e12e8b_4985,6383.230267333867
00e12e8b_4986,6380.622356616861
00e12e8b_4987,6381.570574968796
00e12e8b_4988,6395.311696290259
00e12e8b_4989,6391.971130240595
00e12e8b_4990,6394.892730314497
00e12e8b_4991,6392.693436286139
00e12e8b_4992,6389.299282089086
00e12e8b_4993,6390.327544369408
00e12e8b_4994,6387.512409659344
00e12e8b_4995,6388.214649369286
00e12e8b_4996,6397.559015123699
00e12e8b_4997,6369.316671614159
00e12e8b_4998,6374.311162888041
00e12e8b_4999,6369.225557221911
00e12e8b_5000,6379.715527577117
00e12e8b_5001,6368.744888464353
00e12e8b_5002,6378.841378808714
00e12e8b_5003,6370.375439821867
00e12e8b_5004,6370.142699843087
00e12e8b_5005,6371.5278970076415
00e12e8b_5006,6370.335346624809
00e12e8b_5007,6374.370122522174
00e12e8b_5008,6363.731472802532
00e12e8b_5009,6377.429937327549
00e12e8b_5010,6369.694279722539
00e12e8b_5011,6369.485430413733
00e12e8b_5012,6368.056754886615
00e12e8b_5013,6364.907528752457
00e12e8b_5014,6364.29159500807
00e12e8b_5015,6373.905593642268
00e12e8b_5016,6370.011766715313
00e12e8b_5017,6371.473358132221
00e12e8b_5018,6374.451794804805
00e12e8b_5019,6380.784132232278
00e12e8b_5020,6357.743072283916
00e12e8b_5021,6358.7982266065665
00e12e8b_5022,6368.960521839916
00e12e8b_5023,6360.946209352462
00e12e8b_5024,6373.40311186543
00e12e8b_5025,6361.646995406038
00e12e8b_5026,6362.6923749294465
00e12e8b_5027,6363.377003262504
00e12e8b_5028,6359.892871239352
00e12e8b_5029,6358.245105589427
00e12e8b_5030,6368.774704050515
00e12e8b_5031,6378.3508563557625
00e12e8b_5032,6365.819095051086
00e12e8b_5033,6363.379014254252
00e12e8b_5034,6361.133410567934
00e12e8b_5035,6371.874713254927
00e12e8b_5036,6353.801784200858
00e12e8b_5037,6364.458722249204
00e12e8b_5038,6362.4381302476795
00e12e8b_5039,6359.728170108869
00e12e8b_5040,6372.894791915719
00e12e8b_5041,6370.580864114439
00e12e8b_5042,6367.0281757041885
00e12e8b_5043,6368.671490787896
00e12e8b_5044,6365.815103204551
00e12e8b_5045,6367.570243045759
00e12e8b_5046,6371.696811635363
00e12e8b_5047,6368.752421972371
00e12e8b_5048,6366.076799389847
00e12e8b_5049,6366.623386222151
00e12e8b_5050,6370.040326846776
00e12e8b_5051,6365.824282090845
00e12e8b_5052,6362.083745408223
00e12e8b_5053,6374.076758898078
00e12e8b_5054,6371.143074243391
00e12e8b_5055,6376.3376073368545
00e12e8b_5056,6372.721602019558
00e12e8b_5057,6375.414211013852
00e12e8b_5058,6376.275398221115
00e12e8b_5059,6374.3072503360745
00e12e8b_5060,6376.376026304248
00e12e8b_5061,6373.159382435215
00e12e8b_5062,6375.667237261151
00e12e8b_5063,6382.495138289465
00e12e8b_5064,6369.7513869741015
00e12e8b_5065,6376.463858294605
00e12e8b_5066,6361.901834565453
00e12e8b_5067,6362.347170754449
00e12e8b_5068,6377.2927199527085
00e12e8b_5069,6374.5590011512895
00e12e8b_5070,6363.875400161214
00e12e8b_5071,6381.457370829323
00e12e8b_5072,6365.638290607585
00e12e8b_5073,6368.109313890302
00e12e8b_5074,6372.20858439351
00e12e8b_5075,6378.218521550008
00e12e8b_5076,6370.449804295583
00e12e8b_5077,6365.549407603322
00e12e8b_5078,6368.426881199152
00e12e8b_5079,6369.8415071329955
00e12e8b_5080,6369.476909668298
00e12e8b_5081,6380.582950204959
00e12e8b_5082,6378.838896073066
00e12e8b_5083,6386.467725411139
00e12e8b_5084,6374.375558974916
00e12e8b_5085,6379.361458099889
00e12e8b_5086,6362.549552376429
00e12e8b_5087,6375.670825316206
00e12e8b_5088,6364.225261471002
00e12e8b_5089,6366.195768589899
00e12e8b_5090,6371.55130297794
00e12e8b_5091,6377.683077066502
00e12e8b_5092,6367.49484847761
00e12e8b_5093,6366.498512282763
00e12e8b_5094,6365.139696891411
00e12e8b_5095,6375.6792262083845
00e12e8b_5096,6366.191754093645
00e12e8b_5097,6361.8076345091
00e12e8b_5098,6362.518157822944
00e12e8b_5099,6363.381991568575
00e12e8b_5100,6364.895095305049
00e12e8b_5101,6377.875169809533
00e12e8b_5102,6375.9841184527095
00e12e8b_5103,6377.726464698809
00e12e8b_5104,6379.335673399751
00e12e8b_5105,6389.155608896239
00e12e8b_5106,6373.024544447131
00e12e8b_5107,6379.5444510654115
00e12e8b_5108,6365.369085448129
00e12e8b_5109,6376.540168296074
00e12e8b_5110,6368.270379909693
00e12e8b_5111,6367.086686338877
00e12e8b_5112,6383.320526503105
00e12e8b_5113,6366.568275302258
00e12e8b_5114,6383.606483133112
00e12e8b_5115,6371.011165167913
00e12e8b_5116,6372.883097269739
00e12e8b_5117,6371.423441129958
00e12e8b_5118,6365.417670544803
00e12e8b_5119,6374.071600518274
00e12e8b_5120,6357.5297161505005
00e12e8b_5121,6363.490118398686
00e12e8b_5122,6364.245937050035
00e12e8b_5123,6365.049733630828
00e12e8b_5124,6366.7022241559935
00e12e8b_5125,6377.967717825738
00e12e8b_5126,6384.911611647869
00e12e8b_5127,6362.837958273924
00e12e8b_5128,6366.712713393859
00e12e8b_5129,6366.945798150406
00e12e8b_5130,6380.751671616163
00e12e8b_5131,6371.942202078792
00e12e8b_5132,6370.698727352512
00e12e8b_5133,6374.41569237236
00e12e8b_5134,6373.8940893796525
00e12e8b_5135,6373.223957836995
00e12e8b_5136,6395.5254121458065
00e12e8b_5137,6365.674013089787
00e12e8b_5138,6370.147407533042
00e12e8b_5139,6369.873269379279
00e12e8b_5140,6369.682749468572
00e12e8b_5141,6381.259803130857
00e12e8b_5142,6363.784044065841
00e12e8b_5143,6380.387752613816
00e12e8b_5144,6373.574056814898
00e12e8b_5145,6376.574045383418
00e12e8b_5146,6385.392547815909
00e12e8b_5147,6379.902968371808
00e12e8b_5148,6376.319179030916
00e12e8b_5149,6377.181397440935
00e12e8b_5150,6374.599635123512
00e12e8b_5151,6377.713236987775
00e12e8b_5152,6379.016360158916
00e12e8b_5153,6369.539564939286
00e12e8b_5154,6381.174040532474
00e12e8b_5155,6378.565826363796
00e12e8b_5156,6374.687517710714
00e12e8b_5157,6370.562413429847
00e12e8b_5158,6385.137317898536
00e12e8b_5159,6387.217626483649
00e12e8b_5160,6385.6800238305605
00e12e8b_5161,6391.743627120721
00e12e8b_5162,6369.970733051127
00e12e8b_5163,6374.2734168892475
00e12e8b_5164,6374.727371927469
00e12e8b_5165,6369.744488909733
00e12e8b_5166,6382.361468283186
00e12e8b_5167,6370.528943628601
00e12e8b_5168,6375.004650395204
00e12e8b_5169,6374.475426181674
00e12e8b_5170,6370.125089694399
00e12e8b_5171,6383.141983845547
00e12e8b_5172,6381.000848569342
00e12e8b_5173,6373.070244208506
00e12e8b_5174,6381.249510134376
00e12e8b_5175,6381.758093533957
00e12e8b_5176,6382.700019792974
00e12e8b_5177,6382.902437216062
00e12e8b_5178,6383.309276147423
00e12e8b_5179,6390.043208988481
00e12e8b_5180,6373.085586617695
00e12e8b_5181,6375.312853363687
00e12e8b_5182,6370.810989973929
00e12e8b_5183,6390.389819647178
00e12e8b_5184,6388.695707597028
00e12e8b_5185,6379.598708988318
00e12e8b_5186,6379.17676625071
00e12e8b_5187,6380.656041393701
00e12e8b_5188,6381.931557207421
00e12e8b_5189,6380.362759813131
00e12e8b_5190,6386.512452069234
00e12e8b_5191,6389.354177707124
00e12e8b_5192,6388.804701406736
00e12e8b_5193,6388.690309106189
00e12e8b_5194,6397.609530213231
00e12e8b_5195,6370.311166850709
00e12e8b_5196,6377.217680804818
00e12e8b_5197,6387.314095838416
00e12e8b_5198,6377.063932734906
00e12e8b_5199,6381.262688541296
00e12e8b_5200,6382.299985253645
00e12e8b_5201,6386.705815250432
00e12e8b_5202,6380.662244624964
00e12e8b_5203,6370.612581902597
00e12e8b_5204,6384.508591934386
00e12e8b_5205,6373.084991272231
00e12e8b_5206,6384.102979467443
00e12e8b_5207,6374.176477326402
00e12e8b_5208,6392.789758637601
00e12e8b_5209,6372.3124784573665
00e12e8b_5210,6391.5370361969435
00e12e8b_5211,6383.283485105063
00e12e8b_5212,6373.720210661992
00e12e8b_5213,6377.23973369259
00e12e8b_5214,6395.591695023832
00e12e8b_5215,6374.905137707822
00e12e8b_5216,6392.155453185534
00e12e8b_5217,6381.320503735642
00e12e8b_5218,6387.252995997366
00e12e8b_5219,6387.444871910678
00e12e8b_5220,6391.261270296275
00e12e8b_5221,6382.814440573194
00e12e8b_5222,6377.875256833816
00e12e8b_5223,6379.703753799288
00e12e8b_5224,6380.947183646947
00e12e8b_5225,6379.6061735689045
00e12e8b_5226,6402.326469029046
00e12e8b_5227,6388.506140579342
00e12e8b_5228,6381.226628921106
00e12e8b_5229,6392.045855332714
00e12e8b_5230,6371.963942414727
00e12e8b_5231,6375.8139587380565
00e12e8b_5232,6383.442709439671
00e12e8b_5233,6380.85547698349
00e12e8b_5234,6379.584287784991
00e12e8b_5235,6390.735514419481
00e12e8b_5236,6389.627941883827
00e12e8b_5237,6390.727043502459
00e12e8b_5238,6392.217741442582
00e12e8b_5239,6401.679467895009
00e12e8b_5240,6387.383777204688
00e12e8b_5241,6381.612547103574
00e12e8b_5242,6395.530722303416
00e12e8b_5243,6376.9614128528365
00e12e8b_5244,6375.213448743328
00e12e8b_5245,6383.317903933068
00e12e8b_5246,6381.012809166204
00e12e8b_5247,6379.894081262229
00e12e8b_5248,6402.036670187339
00e12e8b_5249,6376.553575249776
00e12e8b_5250,6391.153583112353
00e12e8b_5251,6378.8828941103175
00e12e8b_5252,6381.804167417638
00e12e8b_5253,6393.417154344998
00e12e8b_5254,6377.534934580292
00e12e8b_5255,6384.717864814926
00e12e8b_5256,6378.399717878504
00e12e8b_5257,6377.4462334167365
00e12e8b_5258,6378.613678323474
00e12e8b_5259,6388.80938577732
00e12e8b_5260,6389.302361049268
00e12e8b_5261,6394.939673052016
00e12e8b_5262,6369.856959255278
00e12e8b_5263,6374.3523494730325
00e12e8b_5264,6374.883094308076
00e12e8b_5265,6374.441006741681
00e12e8b_5266,6379.868324189523
00e12e8b_5267,6379.1714649157475
00e12e8b_5268,6384.6206771780535
00e12e8b_5269,6369.055331910157
00e12e8b_5270,6383.777749139667
00e12e8b_5271,6372.273664127202
00e12e8b_5272,6372.112595957364
00e12e8b_5273,6379.509945987615
00e12e8b_5274,6375.524026438746
00e12e8b_5275,6377.892217074738
00e12e8b_5276,6399.9792567599725
00e12e8b_5277,6374.115688444261
00e12e8b_5278,7877.947181278019
00e12e8b_5279,7294.469945608111
00e12e8b_5280,6641.856834481417
00e12e8b_5281,6650.768908303519
00e12e8b_5282,6743.933217402239
00e12e8b_5283,6744.71761465777
00e12e8b_5284,6742.389643622018
00e12e8b_5285,6699.855515575178
00e12e8b_5286,6763.463134432853
00e12e8b_5287,6700.913491441842
00e12e8b_5288,6711.141868929356
00e12e8b_5289,6698.196686337859
00e12e8b_5290,6702.946685032585
00e12e8b_5291,6633.937551127752
00e12e8b_5292,6708.732743541502
00e12e8b_5293,6670.82486317215
00e12e8b_5294,6710.767309587802
00e12e8b_5295,6646.84213645589
00e12e8b_5296,6666.19967002812
00e12e8b_5297,6667.865101477043
00e12e8b_5298,6648.370407660419
00e12e8b_5299,6669.717091340506
00e12e8b_5300,6648.044934160869
00e12e8b_5301,6669.528283929556
00e12e8b_5302,6648.26900627311
00e12e8b_5303,6668.8668586055155
00e12e8b_5304,6655.649576943161
00e12e8b_5305,6668.4658569761095
00e12e8b_5306,6655.889981992226
00e12e8b_5307,6652.616941535336
00e12e8b_5308,6666.4960448236925
00e12e8b_5309,6658.737064287683
00e12e8b_5310,6654.725991663818
00e12e8b_5311,6669.651654111231
00e12e8b_5312,6660.245739540879
00e12e8b_5313,6657.92720908963
00e12e8b_5314,6658.109593384178
00e12e8b_5315,6658.232326116964
00e12e8b_5316,6668.649730318556
00e12e8b_5317,6663.810137859371
00e12e8b_5318,6660.599959581014
00e12e8b_5319,6664.881439260979
00e12e8b_5320,6673.924738403804
00e12e8b_5321,6682.901128951782
00e12e8b_5322,6668.167144195933
00e12e8b_5323,6678.456006854497
00e12e8b_5324,6681.679980469507
00e12e8b_5325,6691.268412725144
00e12e8b_5326,6704.672778250995
00e12e8b_5327,6704.541369158212
00e12e8b_5328,6697.400173331811
00e12e8b_5329,6704.616116606389
00e12e8b_5330,6708.919762931998
00e12e8b_5331,6701.117395389226
00e12e8b_5332,6692.706463460385
00e12e8b_5333,6688.190979713224
00e12e8b_5334,6695.495030715917
00e12e8b_5335,6693.309288917174
00e12e8b_5336,6694.1079233526925
00e12e8b_5337,6694.102991073437
00e12e8b_5338,6691.651332779428
00e12e8b_5339,6685.874608447176
00e12e8b_5340,6692.469885302301
00e12e8b_5341,6687.522686958655
00e12e8b_5342,6680.698756748734
00e12e8b_5343,6676.1930661894285
00e12e8b_5344,6694.733630745371
00e12e8b_5345,6691.378802016582
00e12e8b_5346,6683.36352325043
00e12e8b_5347,6686.148878691923
00e12e8b_5348,6687.708081749802
00e12e8b_5349,6696.555444089105
00e12e8b_5350,6688.025448702176
00e12e8b_5351,6692.667841423208
00e12e8b_5352,6696.723346291004
00e12e8b_5353,6696.806694531598
00e12e8b_5354,6693.800498242053
00e12e8b_5355,6698.2091071288205
00e12e8b_5356,6694.408407816401
00e12e8b_5357,6695.394252408502
00e12e8b_5358,6699.601830437876
00e12e8b_5359,6699.685200749778
00e12e8b_5360,6696.871045588306
00e12e8b_5361,6699.954696592213
00e12e8b_5362,6695.719590017362
00e12e8b_5363,6699.334547641744
00e12e8b_5364,6696.354541627203
00e12e8b_5365,6701.716566208496
00e12e8b_5366,6698.735429337909
00e12e8b_5367,6704.458366102677
00e12e8b_5368,6700.682053129731
00e12e8b_5369,6705.086570810552
00e12e8b_5370,6701.2589265797915
00e12e8b_5371,6704.506904821164
00e12e8b_5372,6695.514390545658
00e12e8b_5373,6702.635391990323
00e12e8b_5374,6700.62460986747
00e12e8b_5375,6702.590435636689
00e12e8b_5376,6690.876492796824
00e12e8b_5377,6689.747228488906
00e12e8b_5378,6692.57699769327
00e12e8b_5379,6690.583299663119
00e12e8b_5380,6706.748251546018
00e12e8b_5381,6708.0180740472215
00e12e8b_5382,6709.692711071902
00e12e8b_5383,6707.607382411203
00e12e8b_5384,6708.524656762477
00e12e8b_5385,6707.107672171272
00e12e8b_5386,6709.675826113107
00e12e8b_5387,6710.980231230427
00e12e8b_5388,6709.85838270593
00e12e8b_5389,6726.142202163751
00e12e8b_5390,6708.61677742062
00e12e8b_5391,6714.054651523024
00e12e8b_5392,6716.114558293042
00e12e8b_5393,6715.805197062249
00e12e8b_5394,6711.788915601058
00e12e8b_5395,6715.412599511133
00e12e8b_5396,6709.714757544493
00e12e8b_5397,6708.499055486799
00e12e8b_5398,6710.651908473816
00e12e8b_5399,6717.377621642157
00e12e8b_5400,6715.3648390322505
00e12e8b_5401,6714.76112550966
00e12e8b_5402,6714.3736234135595
00e12e8b_5403,6717.582648300806
00e12e8b_5404,6715.164223434452
00e12e8b_5405,6713.0409168822325
00e12e8b_5406,6718.320955964797
00e12e8b_5407,6713.392887916364
00e12e8b_5408,6717.929632322538
00e12e8b_5409,6714.221264157111
00e12e8b_5410,6717.792653586545
00e12e8b_5411,6718.415085418067
00e12e8b_5412,6721.572426487406
00e12e8b_5413,6718.627322939668
00e12e8b_5414,6724.306203976554
00e12e8b_5415,6719.535340118419
00e12e8b_5416,6724.861495375894
00e12e8b_5417,6725.440472238051
00e12e8b_5418,6723.854442675089
00e12e8b_5419,6725.469114920464
00e12e8b_5420,6725.243107913586
00e12e8b_5421,6724.932810044216
00e12e8b_5422,6724.353011061702
00e12e8b_5423,6723.97650365111
00e12e8b_5424,6722.972711934207
00e12e8b_5425,6722.017533483496
00e12e8b_5426,6724.201417796812
00e12e8b_5427,6723.70577689226
00e12e8b_5428,6724.122412417401
00e12e8b_5429,6723.6987447874535
00e12e8b_5430,6726.191348628201
00e12e8b_5431,6728.664645071248
00e12e8b_5432,6726.923978271554
00e12e8b_5433,6725.519023991912
00e12e8b_5434,6727.479690314485
00e12e8b_5435,6726.239537447233
00e12e8b_5436,6726.999675325616
00e12e8b_5437,6727.892828310063
00e12e8b_5438,6729.41964999375
00e12e8b_5439,6729.293864995279
00e12e8b_5440,6649.091139535957
00e12e8b_5441,6651.33888933111
00e12e8b_5442,6649.78469044525
00e12e8b_5443,6655.606798878068
00e12e8b_5444,6652.471615241554
00e12e8b_5445,6652.178516921066
00e12e8b_5446,6657.055155467886
00e12e8b_5447,6652.848861154708
00e12e8b_5448,6656.342416327303
00e12e8b_5449,6653.0354862593795
00e12e8b_5450,6657.116901133285
00e12e8b_5451,6654.792667942436
00e12e8b_5452,6658.251055392361
00e12e8b_5453,6661.174152191111
00e12e8b_5454,6659.287456074121
00e12e8b_5455,6663.673597825728
00e12e8b_5456,6668.767324064543
00e12e8b_5457,6665.822809261892
00e12e8b_5458,6667.709459161584
00e12e8b_5459,6668.618730210708
00e12e8b_5460,6668.696574013818
00e12e8b_5461,6671.7670110351055
00e12e8b_5462,6670.224023293343
00e12e8b_5463,6669.539561832334
00e12e8b_5464,6667.520146681484
00e12e8b_5465,6669.545086061963
00e12e8b_5466,6670.984957223486
00e12e8b_5467,6672.906337277877
00e12e8b_5468,6671.945984119573
00e12e8b_5469,6672.313745378676
00e12e8b_5470,6675.288327916242
00e12e8b_5471,6673.200687767486
00e12e8b_5472,6675.769020552676
00e12e8b_5473,6676.038847497413
00e12e8b_5474,6676.4888123691335
00e12e8b_5475,6686.718493015917
00e12e8b_5476,6690.406101062398
00e12e8b_5477,6690.0054831108155
00e12e8b_5478,6688.300789769663
00e12e8b_5479,6697.3162377722865
00e12e8b_5480,6704.302891089427
00e12e8b_5481,6704.016983392598
00e12e8b_5482,6708.370645522212
00e12e8b_5483,6750.4066371213075
00e12e8b_5484,6752.930842530898
00e12e8b_5485,6749.803642522022
00e12e8b_5486,6750.747948092183
00e12e8b_5487,6746.043239684284
00e12e8b_5488,6745.007752822744
00e12e8b_5489,6744.602919277964
00e12e8b_5490,6761.924507297591
00e12e8b_5491,6756.985716711894
00e12e8b_5492,6759.6149430675605
00e12e8b_5493,6757.1012494053475
00e12e8b_5494,6758.8714686057465
00e12e8b_5495,6772.439773975986
00e12e8b_5496,6764.106648343843
00e12e8b_5497,6764.685486872337
00e12e8b_5498,6765.782870984155
00e12e8b_5499,6766.375032378669
00e12e8b_5500,6764.133613217414
00e12e8b_5501,6765.744923880122
00e12e8b_5502,6767.493556758006
00e12e8b_5503,6768.174820410644
00e12e8b_5504,6767.204931147565
00e12e8b_5505,6764.491366816742
00e12e8b_5506,6764.941326159748
00e12e8b_5507,6766.135019579163
00e12e8b_5508,6765.806820518179
00e12e8b_5509,6766.991162309875
00e12e8b_5510,6769.179682158188
00e12e8b_5511,6771.044986911105
00e12e8b_5512,6770.319341253328
00e12e8b_5513,6772.488396400067
00e12e8b_5514,6773.576219197493
00e12e8b_5515,6773.471799400825
00e12e8b_5516,6774.360100009452
00e12e8b_5517,6785.528353714836
00e12e8b_5518,6772.406597528353
00e12e8b_5519,6775.474446255172
00e12e8b_5520,6779.328366451882
00e12e8b_5521,6780.462214847551
00e12e8b_5522,6792.039817649974
00e12e8b_5523,6783.227224367423
00e12e8b_5524,6786.550947282665
00e12e8b_5525,6786.472797940184
00e12e8b_5526,6794.141001543832
00e12e8b_5527,6783.09216519368
00e12e8b_5528,6787.226644526155
00e12e8b_5529,6788.942218045262
00e12e8b_5530,6789.817605549449
00e12e8b_5531,6802.030347470356
00e12e8b_5532,6789.6201762807905
00e12e8b_5533,6789.361831656118
00e12e8b_5534,6788.622413488171
00e12e8b_5535,6787.13482462581
00e12e8b_5536,6789.439697390323
00e12e8b_5537,6787.856992866712
00e12e8b_5538,6791.259320151148
00e12e8b_5539,6788.026746006504
00e12e8b_5540,6790.689022132661
00e12e8b_5541,6790.900200556042
00e12e8b_5542,6789.971423740263
00e12e8b_5543,6787.25000681587
00e12e8b_5544,6789.172775241444
00e12e8b_5545,6794.178410614303
00e12e8b_5546,6792.922864791132
00e12e8b_5547,6798.932693746871
00e12e8b_5548,6797.928127362339
00e12e8b_5549,6797.892603096075
00e12e8b_5550,6795.3500989525855
00e12e8b_5551,6790.248942052411
00e12e8b_5552,6789.6933359722725
00e12e8b_5553,6791.295864331441
00e12e8b_5554,6791.291107938658
00e12e8b_5555,6801.046599797821
00e12e8b_5556,6791.412969619542
00e12e8b_5557,6797.5015007386655
00e12e8b_5558,6797.663058070195
00e12e8b_5559,6810.80104854151
00e12e8b_5560,6795.347394458592
00e12e8b_5561,6805.387942320097
00e12e8b_5562,6807.145151775511
00e12e8b_5563,6807.1435482791485
00e12e8b_5564,6804.962928311657
00e12e8b_5565,6807.188466496607
00e12e8b_5566,6806.399745245449
00e12e8b_5567,6804.362682726478
00e12e8b_5568,6799.416460133487
00e12e8b_5569,6799.545171501939
00e12e8b_5570,6799.334924546984
00e12e8b_5571,6799.483668154659
00e12e8b_5572,6800.296160407115
00e12e8b_5573,6794.365422375998
00e12e8b_5574,6797.443956999625
00e12e8b_5575,6800.020332328704
00e12e8b_5576,6801.638411046468
00e12e8b_5577,6793.989205770464
00e12e8b_5578,6796.226672796774
00e12e8b_5579,6795.325098603931
00e12e8b_5580,6795.291607065658
00e12e8b_5581,6806.25438826526
00e12e8b_5582,6789.569184307799
00e12e8b_5583,6793.369173646666
00e12e8b_5584,6792.4652082163075
00e12e8b_5585,6794.940531603068
00e12e8b_5586,6794.569416427125
00e12e8b_5587,6793.755892518449
00e12e8b_5588,6797.114963574486
00e12e8b_5589,6797.77924678371
00e12e8b_5590,6796.532051238925
00e12e8b_5591,6796.724066934664
00e12e8b_5592,6795.543993290368
00e12e8b_5593,6793.797821592922
00e12e8b_5594,6795.829179876997
00e12e8b_5595,6795.477177231818
00e12e8b_5596,6795.730025650939
00e12e8b_5597,6799.653853117331
00e12e8b_5598,6801.37251015588
00e12e8b_5599,6803.118769038812
00e12e8b_5600,6802.294261953377
00e12e8b_5601,6801.504297995413
00e12e8b_5602,6800.8269132130235
00e12e8b_5603,6802.090444543151
00e12e8b_5604,6803.212972449006
00e12e8b_5605,6802.25712005232
00e12e8b_5606,6798.407877006776
00e12e8b_5607,6798.390705055631
00e12e8b_5608,6809.937464453047
00e12e8b_5609,6798.6976706703645
00e12e8b_5610,6796.029309714595
00e12e8b_5611,6793.847431608237
00e12e8b_5612,6793.400361458918
00e12e8b_5613,6794.386569720923
00e12e8b_5614,6792.415446912368
00e12e8b_5615,6790.319455023212
00e12e8b_5616,6795.426694336507
00e12e8b_5617,6803.361531431828
00e12e8b_5618,6811.359406416705
00e12e8b_5619,6810.9000217527355
00e12e8b_5620,6811.212174831297
00e12e8b_5621,6809.691881505868
00e12e8b_5622,6819.490295148476
00e12e8b_5623,6817.969374026181
00e12e8b_5624,6812.805827294191
00e12e8b_5625,6816.576518939603
00e12e8b_5626,6816.033652586007
00e12e8b_5627,6815.691961794359
00e12e8b_5628,6817.090570526876
00e12e8b_5629,6816.248957861971
00e12e8b_5630,6818.480084518214
00e12e8b_5631,6818.510085824655
00e12e8b_5632,6814.418033848612
00e12e8b_5633,6810.607507061094
00e12e8b_5634,6810.957152061278
00e12e8b_5635,6810.361490272748
00e12e8b_5636,6809.431922087504
00e12e8b_5637,6809.705611693998
00e12e8b_5638,6810.934182926385
00e12e8b_5639,6814.511287880564
00e12e8b_5640,6815.398783088385
00e12e8b_5641,6817.164515274318
00e12e8b_5642,6826.927588393722
00e12e8b_5643,6812.791566776777
00e12e8b_5644,6819.882309885265
00e12e8b_5645,6823.423203825868
00e12e8b_5646,6824.182552958208
00e12e8b_5647,6823.824401174953
00e12e8b_5648,6820.25913315457
00e12e8b_5649,6823.829360890739
00e12e8b_5650,6823.583203307053
00e12e8b_5651,6821.91157994323
00e12e8b_5652,6820.09761697469
00e12e8b_5653,6835.074493606831
00e12e8b_5654,6824.951097809159
00e12e8b_5655,6829.99325616942
00e12e8b_5656,6844.382305187844
00e12e8b_5657,6833.164224555237
00e12e8b_5658,6834.04423077732
00e12e8b_5659,6831.518574335969
00e12e8b_5660,6832.792244058936
00e12e8b_5661,6830.747437234767
00e12e8b_5662,6831.883026302354
00e12e8b_5663,6830.372562690332
00e12e8b_5664,6833.133818778436
00e12e8b_5665,6833.27506533315
00e12e8b_5666,6844.664426946264
00e12e8b_5667,6834.5276378388835
00e12e8b_5668,6833.275746994058
00e12e8b_5669,6832.653423011206
00e12e8b_5670,6833.205504084077
00e12e8b_5671,6832.786525741682
00e12e8b_5672,6832.833367313859
00e12e8b_5673,6828.351421937525
00e12e8b_5674,6837.0542031435125
00e12e8b_5675,6825.5450163775095
00e12e8b_5676,6830.595739507637
00e12e8b_5677,6835.521891265177
00e12e8b_5678,6837.249963493815
00e12e8b_5679,6836.43502178639
00e12e8b_5680,6833.539519214888
00e12e8b_5681,6834.6432657582745
00e12e8b_5682,6836.345558451589
00e12e8b_5683,6837.323157540059
00e12e8b_5684,6838.581181011269
00e12e8b_5685,6836.418994229019
00e12e8b_5686,6835.2595128765215
00e12e8b_5687,6833.638007331604
00e12e8b_5688,6835.648287962394
00e12e8b_5689,6836.445170408766
00e12e8b_5690,6837.912967386365
00e12e8b_5691,6838.441880134887
00e12e8b_5692,6849.134125674923
00e12e8b_5693,6835.945254140828
00e12e8b_5694,6838.608276421542
00e12e8b_5695,6839.777777803237
00e12e8b_5696,6839.343710387385
00e12e8b_5697,6836.541438634361
00e12e8b_5698,6836.9121535359
00e12e8b_5699,6837.390191403165
00e12e8b_5700,6838.178047120459
00e12e8b_5701,6838.711295998028
00e12e8b_5702,6838.741545861495
00e12e8b_5703,6837.90391502715
00e12e8b_5704,6836.009267822355
00e12e8b_5705,6836.881280600779
00e12e8b_5706,6837.699587732466
00e12e8b_5707,6834.536771977187
00e12e8b_5708,6835.031346126478
00e12e8b_5709,6835.217289734786
00e12e8b_5710,6834.068457894447
00e12e8b_5711,6835.383887288063
00e12e8b_5712,6833.855149643956
00e12e8b_5713,6836.945508238859
00e12e8b_5714,6836.951771158257
00e12e8b_5715,6845.029193297547
00e12e8b_5716,6845.974051679038
00e12e8b_5717,6838.707906205276
00e12e8b_5718,6840.119752081447
00e12e8b_5719,6839.512754077911
00e12e8b_5720,6838.73031645031
00e12e8b_5721,6835.3497325746375
00e12e8b_5722,6842.877896680322
00e12e8b_5723,6842.966473234705
00e12e8b_5724,6843.144002434007
00e12e8b_5725,6839.390683270151
00e12e8b_5726,6840.073077211588
00e12e8b_5727,6837.541827055007
00e12e8b_5728,6837.599224389411
00e12e8b_5729,6846.807435803631
00e12e8b_5730,6840.988350461195
00e12e8b_5731,6841.959628223704
00e12e8b_5732,6839.567844022052
00e12e8b_5733,6839.168741905321
00e12e8b_5734,6838.598448270387
00e12e8b_5735,6838.043436830088
00e12e8b_5736,6835.497963583103
00e12e8b_5737,6837.193493587947
00e12e8b_5738,6835.272218203324
00e12e8b_5739,6836.205845876507
00e12e8b_5740,6836.386877625012
00e12e8b_5741,6836.768695179942
00e12e8b_5742,6837.2664710549425
00e12e8b_5743,6833.276526257649
00e12e8b_5744,6833.258564770843
00e12e8b_5745,6835.0565448639345
00e12e8b_5746,6834.678512263261
00e12e8b_5747,6836.441011619942
00e12e8b_5748,6837.21287596138
00e12e8b_5749,6836.644793482441
00e12e8b_5750,6836.138457146785
00e12e8b_5751,6835.431739636756
00e12e8b_5752,6836.395922925732
00e12e8b_5753,6839.257490569189
00e12e8b_5754,6839.852483616928
00e12e8b_5755,6841.109449323082
00e12e8b_5756,6841.4073506711375
00e12e8b_5757,6843.603155547316
00e12e8b_5758,6843.904495771544
00e12e8b_5759,6842.746306760501
00e12e8b_5760,6841.517455742856
00e12e8b_5761,6842.649722197787
00e12e8b_5762,6848.373156502318
00e12e8b_5763,6850.471954316925
00e12e8b_5764,6852.569179634673
00e12e8b_5765,6853.054461420037
00e12e8b_5766,6848.261869286509
00e12e8b_5767,6844.105038773079
00e12e8b_5768,6839.479914097847
00e12e8b_5769,6838.1867154014635
00e12e8b_5770,6839.063111201672
00e12e8b_5771,6839.332683012227
00e12e8b_5772,6838.398699593057
00e12e8b_5773,6838.865452199199
00e12e8b_5774,6840.034917911352
00e12e8b_5775,6837.5594918903225
00e12e8b_5776,6839.1314810246895
00e12e8b_5777,6841.103975338056
00e12e8b_5778,6838.263446587305
00e12e8b_5779,6839.157389897915
00e12e8b_5780,6817.596594115321
00e12e8b_5781,6817.688696501641
00e12e8b_5782,6816.721789920166
00e12e8b_5783,6816.590106817793
00e12e8b_5784,6818.628638341715
00e12e8b_5785,6818.525751268756
00e12e8b_5786,6819.298069979146
00e12e8b_5787,6819.154440726206
00e12e8b_5788,6819.522736720752
00e12e8b_5789,6822.761585662415
00e12e8b_5790,6820.925633634254
00e12e8b_5791,6821.8887572347385
00e12e8b_5792,6821.096151039538
00e12e8b_5793,6818.833873964139
00e12e8b_5794,6819.368854469402
00e12e8b_5795,6816.387601291584
00e12e8b_5796,6815.845184842878
00e12e8b_5797,6815.95777240524
00e12e8b_5798,6816.505130352523
00e12e8b_5799,6817.483092347018
00e12e8b_5800,6816.112907043685
00e12e8b_5801,6817.425589313111
00e12e8b_5802,6816.764405378171
00e12e8b_5803,6817.846463510322
00e12e8b_5804,6817.975737845406
00e12e8b_5805,6817.446433746239
00e12e8b_5806,6818.06213166771
00e12e8b_5807,6819.123742539944
00e12e8b_5808,6820.614572627698
00e12e8b_5809,6818.68693762982
00e12e8b_5810,6818.340729282839
00e12e8b_5811,6819.572775386546
00e12e8b_5812,6821.220496876244
00e12e8b_5813,6819.306328377153
00e12e8b_5814,6821.2001565091105
00e12e8b_5815,6820.924433591066
00e12e8b_5816,6820.9574926559135
00e12e8b_5817,6821.716899767629
00e12e8b_5818,6820.695439965232
00e12e8b_5819,6822.126091723784
00e12e8b_5820,6827.639883067652
00e12e8b_5821,6831.9390610110695
00e12e8b_5822,6833.061712168065
00e12e8b_5823,6833.623816187858
00e12e8b_5824,6842.516823626213
00e12e8b_5825,6858.667464456461
00e12e8b_5826,6852.985479025237
00e12e8b_5827,6853.023928824545
00e12e8b_5828,6852.503702797274
00e12e8b_5829,6850.638191867477
00e12e8b_5830,6852.108921317152
00e12e8b_5831,6852.466963724528
00e12e8b_5832,6864.962296173945
00e12e8b_5833,6856.021662987448
00e12e8b_5834,6860.462764095048
00e12e8b_5835,6858.978076335922
00e12e8b_5836,6858.051709301933
00e12e8b_5837,6855.683107192314
00e12e8b_5838,6859.240837486086
00e12e8b_5839,6859.642436679137
00e12e8b_5840,6861.073353786494
00e12e8b_5841,6860.660195268819
00e12e8b_5842,6860.922791233027
00e12e8b_5843,6861.491461363139
00e12e8b_5844,6861.161354894578
00e12e8b_5845,6861.453215574237
00e12e8b_5846,6863.193871639351
00e12e8b_5847,6864.044825765046
00e12e8b_5848,6870.041668920396
00e12e8b_5849,6870.896952524742
00e12e8b_5850,6871.286987795174
00e12e8b_5851,6871.245605787532
00e12e8b_5852,6871.093846846663
00e12e8b_5853,6873.311130373604
00e12e8b_5854,6872.123036035254
00e12e8b_5855,6875.088930677421
00e12e8b_5856,6874.250627020065
00e12e8b_5857,6873.157996915361
00e12e8b_5858,6873.134406057228
00e12e8b_5859,6871.649637513586
00e12e8b_5860,6870.84130146872
00e12e8b_5861,6869.720770194392
00e12e8b_5862,6880.104970957501
00e12e8b_5863,6862.546074828926
00e12e8b_5864,6865.402937233127
00e12e8b_5865,6866.169560137374
00e12e8b_5866,6866.600743193271
00e12e8b_5867,6865.2328943834455
00e12e8b_5868,6867.270673485324
00e12e8b_5869,6868.258549218375
00e12e8b_5870,6867.18387418873
00e12e8b_5871,6867.853201882059
00e12e8b_5872,6869.266953699655
00e12e8b_5873,6868.841809546837
00e12e8b_5874,6869.261985275551
00e12e8b_5875,6864.899112944081
00e12e8b_5876,6859.587279405984
00e12e8b_5877,6859.136380251635
00e12e8b_5878,6865.612812735722
00e12e8b_5879,6866.760449001347
00e12e8b_5880,6865.267758656182
00e12e8b_5881,6865.525608467565
00e12e8b_5882,6865.479530625624
00e12e8b_5883,6855.164862698088
00e12e8b_5884,6856.499177171292
00e12e8b_5885,6857.066641229962
00e12e8b_5886,6857.56563195507
00e12e8b_5887,6856.5044647958475
00e12e8b_5888,6856.836681901886
00e12e8b_5889,6859.1267681668805
00e12e8b_5890,6859.616974895433
00e12e8b_5891,6871.5078202957975
00e12e8b_5892,6857.746872331109
00e12e8b_5893,6862.992080464319
00e12e8b_5894,6863.193582851461
00e12e8b_5895,6863.643295224888
00e12e8b_5896,6859.162710025738
00e12e8b_5897,6859.590840224878
00e12e8b_5898,6860.765965364725
00e12e8b_5899,6861.1071301588045
00e12e8b_5900,6860.982505517772
00e12e8b_5901,6861.360411871915
00e12e8b_5902,6862.503749283974
00e12e8b_5903,6863.3684562671
00e12e8b_5904,6862.431046013927
00e12e8b_5905,6862.123881146884
00e12e8b_5906,6861.535183865542
00e12e8b_5907,6866.604911933879
00e12e8b_5908,6867.490467000882
00e12e8b_5909,6870.244813261432
00e12e8b_5910,6870.55301064971
00e12e8b_5911,6870.606606514134
00e12e8b_5912,6870.756788901636
00e12e8b_5913,6865.651464211232
00e12e8b_5914,6864.591778830991
00e12e8b_5915,6869.158262406107
00e12e8b_5916,6869.465559368436
00e12e8b_5917,6872.275532418481
00e12e8b_5918,6871.367462774282
00e12e8b_5919,6871.102595847574
00e12e8b_5920,6869.857862046965
00e12e8b_5921,6872.4776134692775
00e12e8b_5922,6867.112605204741
00e12e8b_5923,6866.28893410629
00e12e8b_5924,6865.868955700564
00e12e8b_5925,6865.500247135528
00e12e8b_5926,6866.500940601315
00e12e8b_5927,6866.16424207519
00e12e8b_5928,6867.201933859079
00e12e8b_5929,6865.7602064490975
00e12e8b_5930,6866.34240457508
00e12e8b_5931,6866.503791205421
00e12e8b_5932,6866.677469621823
00e12e8b_5933,6871.5475291858
00e12e8b_5934,6863.201641261177
00e12e8b_5935,6864.8522990725805
00e12e8b_5936,6865.141785209969
00e12e8b_5937,6861.893520102523
00e12e8b_5938,6863.428318675899
00e12e8b_5939,6864.998379807613
00e12e8b_5940,6864.280733807728
00e12e8b_5941,6863.5472203617155
00e12e8b_5942,6857.393170874831
00e12e8b_5943,6855.546098421469
00e12e8b_5944,6858.485485205824
00e12e8b_5945,6867.612470438089
00e12e8b_5946,6864.143725428638
00e12e8b_5947,6865.619473502996
00e12e8b_5948,6865.50809948067
00e12e8b_5949,6864.757169766617
00e12e8b_5950,6863.4053927287205
00e12e8b_5951,6862.844626426917
00e12e8b_5952,6863.066689975477
00e12e8b_5953,6863.13991728159
00e12e8b_5954,6868.521100400215
00e12e8b_5955,6869.5808414541125
00e12e8b_5956,6870.7770205083725
00e12e8b_5957,6871.3844722022
00e12e8b_5958,6871.0108231625045
00e12e8b_5959,6870.205900213527
00e12e8b_5960,6869.431618313451
00e12e8b_5961,6873.198622391181
00e12e8b_5962,6872.051070354808
00e12e8b_5963,6868.840807971367
00e12e8b_5964,6870.596595569128
00e12e8b_5965,6869.338930428449
00e12e8b_5966,6869.636488313043
00e12e8b_5967,6868.589173248395
00e12e8b_5968,6870.949519768851
00e12e8b_5969,6872.110361533493
00e12e8b_5970,6872.878595165646
00e12e8b_5971,6882.500261853448
00e12e8b_5972,6871.968254174457
00e12e8b_5973,6873.881846244766
00e12e8b_5974,6871.767959008983
00e12e8b_5975,6872.976688806953
00e12e8b_5976,6869.008204831389
00e12e8b_5977,6869.917678074408
00e12e8b_5978,6870.444424256268
00e12e8b_5979,6871.034975860913
00e12e8b_5980,6871.1402240678335
00e12e8b_5981,6872.05337326189
00e12e8b_5982,6871.287766383555
00e12e8b_5983,6871.726760557594
00e12e8b_5984,6868.428286197657
00e12e8b_5985,6867.294900605114
00e12e8b_5986,6869.138102767366
00e12e8b_5987,6869.636959103678
00e12e8b_5988,6871.224215314862
00e12e8b_5989,6873.216823747604
00e12e8b_5990,6875.789530208093
00e12e8b_5991,6874.915518892114
00e12e8b_5992,6876.0080591411715
00e12e8b_5993,6874.915663950005
00e12e8b_5994,6874.483474233559
00e12e8b_5995,6874.194604934285
00e12e8b_5996,6868.111661103484
00e12e8b_5997,6868.24280961328
00e12e8b_5998,6868.8926830894525
00e12e8b_5999,6868.9040224828195
00e12e8b_6000,6870.726677006009
00e12e8b_6001,6871.877678264139
00e12e8b_6002,6871.213370155542
00e12e8b_6003,6871.045207407219
00e12e8b_6004,6871.880155311592
00e12e8b_6005,6870.4301800372805
00e12e8b_6006,6868.620389816255
00e12e8b_6007,6868.802857830623
00e12e8b_6008,6865.892626256302
00e12e8b_6009,6868.676701110298
00e12e8b_6010,6868.338535148084
00e12e8b_6011,6870.733008494306
00e12e8b_6012,6869.9106723042305
00e12e8b_6013,6870.083139619627
00e12e8b_6014,6871.282859630954
00e12e8b_6015,6870.818410435399
00e12e8b_6016,6869.637974199654
00e12e8b_6017,6870.607420962824
00e12e8b_6018,6873.071224321345
00e12e8b_6019,6871.88239616846
00e12e8b_6020,6872.9968952163235
00e12e8b_6021,6875.604881121559
00e12e8b_6022,6858.247647176724
00e12e8b_6023,6858.955265393969
00e12e8b_6024,6858.372382483612
00e12e8b_6025,6858.919251969422
00e12e8b_6026,6857.10266273203
00e12e8b_6027,6858.425932821715
00e12e8b_6028,6854.864957031196
00e12e8b_6029,6855.496734285913
00e12e8b_6030,6856.934268308712
00e12e8b_6031,6856.640470751912
00e12e8b_6032,6857.518922100008
00e12e8b_6033,6858.478544010907
00e12e8b_6034,6861.815255208809
00e12e8b_6035,6863.011139999262
00e12e8b_6036,6864.022693035617
00e12e8b_6037,6864.659890942436
00e12e8b_6038,6863.280489654318
00e12e8b_6039,6865.721738209844
00e12e8b_6040,6863.045659721007
00e12e8b_6041,6863.8739718621655
00e12e8b_6042,6861.782207575891
00e12e8b_6043,6864.673408937409
00e12e8b_6044,6864.613292272061
00e12e8b_6045,6866.038093957674
00e12e8b_6046,6864.490774641059
00e12e8b_6047,6867.498197443099
00e12e8b_6048,6867.526334346562
00e12e8b_6049,6866.83733087554
00e12e8b_6050,6868.4241443028095
00e12e8b_6051,6867.556135287711
00e12e8b_6052,6868.582471120577
00e12e8b_6053,6869.813956826144
00e12e8b_6054,6870.15134103318
00e12e8b_6055,6870.180215921073
00e12e8b_6056,6870.716719836538
00e12e8b_6057,6871.766550442747
00e12e8b_6058,6879.7420700190005
00e12e8b_6059,6878.5698322669505
00e12e8b_6060,6882.665775502641
00e12e8b_6061,6886.541178382539
00e12e8b_6062,6884.113467566183
00e12e8b_6063,6883.414817920087
00e12e8b_6064,6885.730846681335
00e12e8b_6065,6884.189840763485
00e12e8b_6066,6885.376524048268
00e12e8b_6067,6883.057064764397
00e12e8b_6068,6883.987764752957
00e12e8b_6069,6885.555427341075
00e12e8b_6070,6891.290118196635
00e12e8b_6071,6883.477511953167
00e12e8b_6072,6883.722790081547
00e12e8b_6073,6881.937672477132
00e12e8b_6074,6882.498955219736
00e12e8b_6075,6882.886928529396
00e12e8b_6076,6882.507095953699
00e12e8b_6077,6882.448399965024
00e12e8b_6078,6885.311650154928
00e12e8b_6079,6883.747063820971
00e12e8b_6080,6885.047584849204
00e12e8b_6081,6884.836061389955
00e12e8b_6082,6884.454517215182
00e12e8b_6083,6882.830335509345
00e12e8b_6084,6883.955870205469
00e12e8b_6085,6883.921550891974
00e12e8b_6086,6885.785310395882
00e12e8b_6087,6886.1538007999425
00e12e8b_6088,6894.591805830133
00e12e8b_6089,6883.8922331888525
00e12e8b_6090,6886.387107081526
00e12e8b_6091,6885.637669088191
00e12e8b_6092,6884.898261880174
00e12e8b_6093,6886.425722092494
00e12e8b_6094,6885.999374149883
00e12e8b_6095,6887.554658668361
00e12e8b_6096,6886.8627672737075
00e12e8b_6097,6891.056294878756
00e12e8b_6098,6888.94939311466
00e12e8b_6099,6890.323327400076
00e12e8b_6100,6889.342806996742
00e12e8b_6101,6897.931807992211
00e12e8b_6102,6889.53951003077
00e12e8b_6103,6891.873069144188
00e12e8b_6104,6891.743497500315
00e12e8b_6105,6891.651493193482
00e12e8b_6106,6890.904948157062
00e12e8b_6107,6890.970121889205
00e12e8b_6108,6892.464448189867
00e12e8b_6109,6889.692353359576
00e12e8b_6110,6891.095330341035
00e12e8b_6111,6889.2834806046285
00e12e8b_6112,6889.165036154102
00e12e8b_6113,6886.941225056852
00e12e8b_6114,6888.937572999201
00e12e8b_6115,6888.510504347851
00e12e8b_6116,6889.931630231624
00e12e8b_6117,6894.502044063486
00e12e8b_6118,6894.493823312175
00e12e8b_6119,6894.166654530714
00e12e8b_6120,6894.273699690352
00e12e8b_6121,6891.979454269616
00e12e8b_6122,6891.7568610756125
00e12e8b_6123,6893.270069020521
00e12e8b_6124,6892.157115727556
00e12e8b_6125,6895.440442930252
00e12e8b_6126,6900.375123769024
00e12e8b_6127,6903.069612655509
00e12e8b_6128,6904.048567038186
00e12e8b_6129,6901.6516829682405
00e12e8b_6130,6903.996144430469
00e12e8b_6131,6902.547452138381
00e12e8b_6132,6902.454982095006
00e12e8b_6133,6899.5645263246615
00e12e8b_6134,6913.897411497709
00e12e8b_6135,6928.221961729174
00e12e8b_6136,6944.9591695417275
00e12e8b_6137,6926.330791086422
00e12e8b_6138,6940.101785744008
00e12e8b_6139,6939.241510233277
00e12e8b_6140,6938.156887316944
00e12e8b_6141,6936.426420506496
00e12e8b_6142,6933.54295174447
00e12e8b_6143,6926.88623779888
00e12e8b_6144,6927.491121127052
00e12e8b_6145,6922.961047652212
00e12e8b_6146,6924.989249471758
00e12e8b_6147,6924.875207255749
00e12e8b_6148,6924.570735773506
00e12e8b_6149,6925.805009212793
00e12e8b_6150,6925.169891378271
00e12e8b_6151,6927.182580233076
00e12e8b_6152,6924.362382753
00e12e8b_6153,6921.505182012223
00e12e8b_6154,6924.757037333554
00e12e8b_6155,6918.996818090607
00e12e8b_6156,6921.277365818533
00e12e8b_6157,6921.131738130705
00e12e8b_6158,6920.799869941286
00e12e8b_6159,6920.176768376696
00e12e8b_6160,6919.044917520068
00e12e8b_6161,6922.173378945419
00e12e8b_6162,6919.735055473445
00e12e8b_6163,6919.234619870937
00e12e8b_6164,6922.077563105137
00e12e8b_6165,6920.250552919088
00e12e8b_6166,6918.432579803446
00e12e8b_6167,6920.539833778511
00e12e8b_6168,6921.372659954657
00e12e8b_6169,6918.822843715524
00e12e8b_6170,6922.221044071372
00e12e8b_6171,6922.621235584753
00e12e8b_6172,6922.288702154091
00e12e8b_6173,6920.213405809104
00e12e8b_6174,6929.431447301052
00e12e8b_6175,6918.657816904654
00e12e8b_6176,6929.453551033898
00e12e8b_6177,6927.995606042691
00e12e8b_6178,6929.516874991102
00e12e8b_6179,6928.451691446532
00e12e8b_6180,6927.150375015883
00e12e8b_6181,6925.704467132865
00e12e8b_6182,6924.624820032035
00e12e8b_6183,6928.104532574693
00e12e8b_6184,6924.429792691919
00e12e8b_6185,6921.748893143134
00e12e8b_6186,6918.455225604209
00e12e8b_6187,6913.058677468065
00e12e8b_6188,6909.014747128262
00e12e8b_6189,6914.941122354446
00e12e8b_6190,6926.3665222209465
00e12e8b_6191,6928.3416448694525
00e12e8b_6192,6928.654962066085
00e12e8b_6193,6928.587277430484
00e12e8b_6194,6926.460143097859
00e12e8b_6195,6924.887563049443
00e12e8b_6196,6923.6122550420405
00e12e8b_6197,6917.967793929134
00e12e8b_6198,6920.1592822259045
00e12e8b_6199,6925.661373243473
00e12e8b_6200,6915.436361470595
00e12e8b_6201,6915.833796513362
00e12e8b_6202,6916.223960571257
00e12e8b_6203,6917.806949598748
00e12e8b_6204,6916.838436461281
00e12e8b_6205,6916.773875348603
00e12e8b_6206,6915.043554567279
00e12e8b_6207,6912.784885581361
00e12e8b_6208,6922.697147672347
00e12e8b_6209,6911.300523916219
00e12e8b_6210,6913.03748288427
00e12e8b_6211,6919.493008243896
00e12e8b_6212,6912.4276443258395
00e12e8b_6213,6915.785010787443
00e12e8b_6214,6922.840334833251
00e12e8b_6215,6921.614925739301
00e12e8b_6216,6922.343030468631
00e12e8b_6217,6923.918209891879
00e12e8b_6218,6920.190562642039
00e12e8b_6219,6922.3975561140205
00e12e8b_6220,6920.120824357125
00e12e8b_6221,6923.373594132073
00e12e8b_6222,6923.548770803789
00e12e8b_6223,6923.577099323052
00e12e8b_6224,6924.513016161862
00e12e8b_6225,6921.562822943584
00e12e8b_6226,6922.848146506467
00e12e8b_6227,6923.479337220834
00e12e8b_6228,6922.643341047851
00e12e8b_6229,6924.014346903823
00e12e8b_6230,6922.666321692049
00e12e8b_6231,6923.793907099358
00e12e8b_6232,6926.16074814467
00e12e8b_6233,6929.195787426517
00e12e8b_6234,6929.49746651013
00e12e8b_6235,6929.250556551391
00e12e8b_6236,6932.802160914898
00e12e8b_6237,6934.15764067507
00e12e8b_6238,6933.512441355471
00e12e8b_6239,6934.142592769726
00e12e8b_6240,6932.102841032221
00e12e8b_6241,6931.852119873524
00e12e8b_6242,6932.476933843152
00e12e8b_6243,6928.445808734243
00e12e8b_6244,6929.449529438889
00e12e8b_6245,6927.66913106028
00e12e8b_6246,6928.800454150328
00e12e8b_6247,6929.352526469464
00e12e8b_6248,6932.1329483965155
00e12e8b_6249,6932.939625721508
00e12e8b_6250,6931.1816455195
00e12e8b_6251,6931.698964840391
00e12e8b_6252,6931.079456638941
00e12e8b_6253,6932.464935169908
00e12e8b_6254,6932.763918425517
00e12e8b_6255,6932.547189869802
00e12e8b_6256,6932.460390826791
00e12e8b_6257,6933.673164684659
00e12e8b_6258,6934.040929445331
00e12e8b_6259,6931.820925708383
00e12e8b_6260,6930.310536988514
00e12e8b_6261,6930.3095357988
00e12e8b_6262,6928.775435304001
00e12e8b_6263,6927.820990317002
00e12e8b_6264,6925.431224748244
00e12e8b_6265,6922.866467946209
00e12e8b_6266,6919.558471443128
00e12e8b_6267,6914.140072525582
00e12e8b_6268,6900.316066473265
00e12e8b_6269,6898.359922417704
00e12e8b_6270,6898.174072080649
00e12e8b_6271,6898.586884854317
00e12e8b_6272,6899.807973200809
00e12e8b_6273,6898.868961783537
00e12e8b_6274,6900.861820530206
00e12e8b_6275,6898.020658466678
00e12e8b_6276,6897.436979120194
00e12e8b_6277,6898.678779613723
00e12e8b_6278,6905.797867918583
00e12e8b_6279,6907.904385546396
00e12e8b_6280,6909.9423257275785
00e12e8b_6281,6911.149982061284
00e12e8b_6282,6909.635457082031
00e12e8b_6283,6909.665977113714
00e12e8b_6284,6913.031134708899
00e12e8b_6285,6913.062385062687
00e12e8b_6286,6910.527537672758
00e12e8b_6287,6911.558819776492
00e12e8b_6288,6913.914860265123
00e12e8b_6289,6915.789940672419
00e12e8b_6290,6919.899913429836
00e12e8b_6291,6917.659872986546
00e12e8b_6292,6919.788379848229
00e12e8b_6293,6917.49429895067
00e12e8b_6294,6926.9579986647805
00e12e8b_6295,6928.14778852858
00e12e8b_6296,6928.0074983312215
00e12e8b_6297,6926.896647617164
00e12e8b_6298,6929.335422659216
00e12e8b_6299,6925.632761464023
00e12e8b_6300,6924.288669267965
00e12e8b_6301,6924.8359208021075
00e12e8b_6302,6922.557666858112
00e12e8b_6303,6923.554559096539
00e12e8b_6304,6922.411975235716
00e12e8b_6305,6922.606228355768
00e12e8b_6306,6925.119215631165
00e12e8b_6307,6923.766328522343
00e12e8b_6308,6922.932635651291
00e12e8b_6309,6924.716464895553
00e12e8b_6310,6923.938103727203
00e12e8b_6311,6921.7439504257345
00e12e8b_6312,6923.949251255745
00e12e8b_6313,6922.264517227454
00e12e8b_6314,6923.909095578889
00e12e8b_6315,6924.687747110346
00e12e8b_6316,6925.6090424185695
00e12e8b_6317,6936.147695209265
00e12e8b_6318,6920.942308210798
00e12e8b_6319,6922.150523718918
00e12e8b_6320,6923.196745455895
00e12e8b_6321,6922.864493887322
00e12e8b_6322,6921.15641887267
00e12e8b_6323,6922.434401995325
00e12e8b_6324,6920.815200089824
00e12e8b_6325,6920.296012181579
00e12e8b_6326,6921.163338059575
00e12e8b_6327,6919.5295750138475
00e12e8b_6328,6922.100561974225
00e12e8b_6329,6917.745518258881
00e12e8b_6330,6917.121789631002
00e12e8b_6331,6918.372764839693
00e12e8b_6332,6918.223889986843
00e12e8b_6333,6921.404815470083
00e12e8b_6334,6921.559780507325
00e12e8b_6335,6923.141185986531
00e12e8b_6336,6921.511638664013
00e12e8b_6337,6919.923277936049
00e12e8b_6338,6928.7713388586335
00e12e8b_6339,6915.357940188708
00e12e8b_6340,6919.992732678147
00e12e8b_6341,6918.648013185857
00e12e8b_6342,6924.723633557654
00e12e8b_6343,6924.551687671196
00e12e8b_6344,6923.941955761118
00e12e8b_6345,6925.1622254048225
00e12e8b_6346,6933.225284160839
00e12e8b_6347,6923.0098753318325
00e12e8b_6348,6924.033801110724
00e12e8b_6349,6933.717153354706
00e12e8b_6350,6925.45215032711
00e12e8b_6351,6926.697982528575
00e12e8b_6352,6934.800996820978
00e12e8b_6353,6924.396195632429
00e12e8b_6354,6931.603361805972
00e12e8b_6355,6934.971059128065
00e12e8b_6356,6934.088566333198
00e12e8b_6357,6935.842522842321
00e12e8b_6358,6934.621033461797
00e12e8b_6359,6938.299174438387
00e12e8b_6360,6934.6559053749825
00e12e8b_6361,6935.702770846818
00e12e8b_6362,6934.955063557057
00e12e8b_6363,6933.60650055989
00e12e8b_6364,6933.349234799785
00e12e8b_6365,6929.288818802346
00e12e8b_6366,6930.791892349148
00e12e8b_6367,6940.176011281128
00e12e8b_6368,6934.288271335226
00e12e8b_6369,6928.309424957521
00e12e8b_6370,6936.33169143251
00e12e8b_6371,6934.442662012147
00e12e8b_6372,6933.628041897439
00e12e8b_6373,6935.439532622408
00e12e8b_6374,6936.83332986463
00e12e8b_6375,6937.430826318121
00e12e8b_6376,6938.189741528332
00e12e8b_6377,6938.492390227125
00e12e8b_6378,6938.539977703419
00e12e8b_6379,6936.99179784335
00e12e8b_6380,6938.217131389597
00e12e8b_6381,6938.153662108323
00e12e8b_6382,6935.941287134967
00e12e8b_6383,6936.826147170476
